complaint_id,timestamp,source,department,category,subcategory,complaint_text,sentiment_score,urgency_level,escalation_flag,resolved,duplicate_group_id,toxicity_score,anonymous,response_delay_hours
CMP-E30EE97F,2026-01-31 00:18:41,WhatsApp,CSE,Placement,Scheduling,HR round postponed without notice,0.27,5,true,true,PLACEMENT_INTERVIEW_CLASH_30,0.3,false,26
CMP-209346F5,2026-01-31 01:04:27,WhatsApp,CSE,Academic,Attendance,attendance portal is showing wrong data for CS101,0.39,2,false,false,FACULTY_ATTENDANCE_42,0.19,false,
CMP-655A55A9,2026-01-31 01:26:26,Email,ECE,Academic,Attendance,Professor missed the last three lectures without prior notice.,0.19,3,false,false,FACULTY_ATTENDANCE_42,0.14,false,
CMP-1729C547,2026-01-31 02:37:44,WhatsApp,CSE,Academic,Attendance,My attendance was marked absent even though I was present.,0.16,3,false,true,FACULTY_ATTENDANCE_42,0.13,false,17
CMP-6652E343,2026-01-31 02:51:40,Email,CE,Placement,Scheduling,placement drive and mid sem on same day??,0.19,4,true,true,PLACEMENT_INTERVIEW_CLASH_30,0.15,false,27
CMP-8D10E81F,2026-01-31 03:35:10,Email,CE,Academic,Attendance,teacher not coming but taking attendance online??,0.34,2,false,true,FACULTY_ATTENDANCE_42,0.18,false,27
CMP-A8002321,2026-01-31 04:19:48,App,CE,Placement,Scheduling,placement drive and mid sem on same day??,0.24,4,true,false,PLACEMENT_INTERVIEW_CLASH_30,0.01,false,
CMP-2A7CDC81,2026-01-31 06:56:22,WhatsApp,CE,Academic,Attendance,Professor missed the last three lectures without prior notice.,0.25,3,false,false,FACULTY_ATTENDANCE_42,0.27,false,
CMP-B947B014,2026-01-31 11:35:16,Email,ECE,Academic,Attendance,My attendance was marked absent even though I was present.,0.34,3,false,true,FACULTY_ATTENDANCE_42,0.01,false,17
CMP-06A41223,2026-01-31 12:31:42,Email,ECE,Placement,Scheduling,placement cell is not responding to mails,0.15,4,false,false,PLACEMENT_INTERVIEW_CLASH_30,0.05,true,
CMP-A523AA17,2026-01-31 12:56:43,Form,ECE,Placement,Scheduling,HR round postponed without notice,0.14,4,true,true,PLACEMENT_INTERVIEW_CLASH_30,0.19,true,2
CMP-54BF0C65,2026-01-31 13:58:57,Form,ECE,Academic,Attendance,Professor missed the last three lectures without prior notice.,0.26,3,false,true,FACULTY_ATTENDANCE_42,0.1,false,4
CMP-C40325FF,2026-01-31 14:13:42,WhatsApp,ECE,Academic,Attendance,My attendance was marked absent even though I was present.,0.35,2,false,true,FACULTY_ATTENDANCE_42,0.06,false,8
CMP-4833610E,2026-01-31 18:31:08,Email,CSE,Placement,Scheduling,placement drive and mid sem on same day??,0.33,4,true,true,PLACEMENT_INTERVIEW_CLASH_30,0.17,true,28
CMP-E8084FBB,2026-01-31 19:25:31,Form,ME,Placement,Scheduling,HR round postponed without notice,0.3,5,true,true,PLACEMENT_INTERVIEW_CLASH_30,0.15,false,27
CMP-29D66E86,2026-01-31 19:32:56,WhatsApp,ME,Academic,Attendance,Faculty attendance policy bahut unfair hai.,0.13,2,false,false,FACULTY_ATTENDANCE_42,0.28,false,
CMP-A5EDA9A3,2026-01-31 19:49:25,Email,CSE,Academic,Attendance,My attendance was marked absent even though I was present.,0.21,3,false,true,FACULTY_ATTENDANCE_42,0.06,true,22
CMP-FAB92E08,2026-01-31 19:55:54,WhatsApp,CSE,Placement,Scheduling,pleese reschedule the infosys pre-placement talk.,0.37,4,true,false,PLACEMENT_INTERVIEW_CLASH_30,0.02,true,
CMP-E851CAA3,2026-01-31 21:19:11,Email,CE,Placement,Scheduling,placement cell is not responding to mails,0.2,4,false,true,PLACEMENT_INTERVIEW_CLASH_30,0.09,false,17
CMP-A5658AC6,2026-01-31 22:11:26,WhatsApp,CSE,Academic,Attendance,teacher not coming but taking attendance online??,0.23,3,false,false,FACULTY_ATTENDANCE_42,0.1,false,
CMP-42B74122,2026-01-31 23:05:26,Email,EEE,Placement,Scheduling,Please reschedule the Infosys pre-placement talk.,0.32,5,true,true,PLACEMENT_INTERVIEW_CLASH_30,0.17,true,33
CMP-DF1D3E4B,2026-02-01 00:17:10,Anonymous Report,ECE,Infrastructure,Network,wifi firse gaya 😭 library me,0.19,3,false,true,WIFI_OUTAGE_LIBRARY_81,0.23,false,31
CMP-976723DD,2026-02-01 00:36:22,Email,Common,Academic,Attendance,Prof hasn't shown up for classes this whole week.,0.31,3,false,true,FACULTY_ATTENDANCE_42,0.21,false,5
CMP-DF43FC33,2026-02-01 00:44:52,Form,ECE,Infrastructure,Network,The Wi-Fi in the main library has been down for three days now.,0.13,4,true,false,WIFI_OUTAGE_LIBRARY_81,0.16,false,
CMP-D22D49F1,2026-02-01 01:44:06,Form,EEE,Training,Curriculum,The Java trainer skipped scheduled topics.,0.35,2,true,false,TRAINING_TOC_MISMATCH_216,0.29,false,
CMP-35291563,2026-02-01 02:47:34,Form,CSE,Harassment,Bullying,Facing toxic behavior from a faculty member.,0.25,5,true,false,HARASSMENT_REPORT_227,0.69,false,
CMP-0F3E0DC3,2026-02-01 03:43:06,Anonymous Report,EEE,Training,Curriculum,The trainer is not following the announced syllabus.,0.27,3,false,false,TRAINING_TOC_MISMATCH_216,0.2,false,
CMP-892F093C,2026-02-01 03:54:40,Anonymous Report,Common,Infrastructure,Network,The Wi-Fi in the main library has been down for three days now.,0.13,5,true,true,WIFI_OUTAGE_LIBRARY_85,0.2,false,46
CMP-9C17A04B,2026-02-01 04:28:46,App,MBA,Infrastructure,Network,library wifi is completely dead. Please fix it ASAP.,0.15,5,true,true,WIFI_OUTAGE_LIBRARY_85,0.18,false,44
CMP-695DB840,2026-02-01 05:18:26,Anonymous Report,CSE,Harassment,Bullying,Please take action against ragging in boys hostel,0.29,5,true,true,HARASSMENT_REPORT_158,0.81,false,32
CMP-727F06AD,2026-02-01 05:18:58,WhatsApp,ME,Harassment,Bullying,Anonymous harassment on college group,0.2,5,true,false,HARASSMENT_REPORT_227,0.6,false,
CMP-9280283C,2026-02-01 05:21:18,App,ME,Infrastructure,Network,library wifi is completely dead. Please fix it ASAP.,0.16,3,true,true,WIFI_OUTAGE_LIBRARY_81,0.13,false,35
CMP-2D9F1C5F,2026-02-01 05:36:11,Email,CE,Harassment,Bullying,Seniors are ragging in the hostel block.,0.29,5,false,false,HARASSMENT_REPORT_227,0.88,true,
CMP-320D4204,2026-02-01 05:39:58,Email,CE,Training,Curriculum,Topics outside the official TOC are being taught.,0.17,4,true,false,TRAINING_TOC_MISMATCH_216,0.03,true,
CMP-3A3505A0,2026-02-01 06:40:16,Anonymous Report,CSE,Training,Curriculum,topics skipped by placement trainer today,0.25,4,true,false,TRAINING_TOC_MISMATCH_216,0.01,true,
CMP-6A1176FC,2026-02-01 07:37:05,Form,ECE,Training,Curriculum,training ka pace bahut fast hai kuch samajh nahi aa raha,0.16,3,false,false,TRAINING_TOC_MISMATCH_216,0.07,false,
CMP-1918E241,2026-02-01 07:51:54,App,ME,Infrastructure,Network,The Wi-Fi in the main library has been down for three days now.,0.23,3,true,true,WIFI_OUTAGE_LIBRARY_81,0.1,false,16
CMP-5813DC7D,2026-02-01 08:12:09,Email,MBA,Placement,Scheduling,HR round postponed without notice,0.34,5,true,true,PLACEMENT_INTERVIEW_CLASH_30,0.2,true,39
CMP-1B591A8E,2026-02-01 10:10:24,WhatsApp,Common,Placement,Scheduling,HR round postponed without notice,0.27,4,true,true,PLACEMENT_INTERVIEW_CLASH_30,0.25,false,44
CMP-09A3F1A6,2026-02-01 11:27:21,WhatsApp,CSE,Academic,Attendance,Faculty attendance policy bahut unfair hai.,0.29,2,false,true,FACULTY_ATTENDANCE_42,0.12,true,21
CMP-4C6F5907,2026-02-01 11:38:49,WhatsApp,ECE,Placement,Scheduling,TCS interview clashes with my final exam.,0.27,4,true,true,PLACEMENT_INTERVIEW_CLASH_30,0.03,false,13
CMP-5179CF66,2026-02-01 13:03:03,Form,Common,Harassment,Bullying,Seniors are ragging in the hostel block.,0.24,5,false,false,HARASSMENT_REPORT_158,0.75,false,
CMP-41309A14,2026-02-01 14:21:10,Anonymous Report,ECE,Infrastructure,Network,library me net nahi chal raha kab thik hoga,0.32,5,false,true,WIFI_OUTAGE_LIBRARY_81,0.14,false,45
CMP-9226D7B5,2026-02-01 15:05:46,WhatsApp,CSE,Training,Curriculum,training ka pace bahut fast hai kuch samajh nahi aa raha,0.25,3,false,false,TRAINING_TOC_MISMATCH_216,0.26,false,
CMP-15BA40B1,2026-02-01 15:37:36,App,CSE,Harassment,Bullying,constant bullying by batchmates,0.25,5,true,true,HARASSMENT_REPORT_227,0.75,true,32
CMP-40DF249C,2026-02-01 16:37:37,WhatsApp,CSE,Infrastructure,Network,The Wi-Fi in the main library has been down for three days now.,0.19,4,true,false,WIFI_OUTAGE_LIBRARY_81,0.2,false,
CMP-8B3D21B6,2026-02-01 16:47:09,WhatsApp,CSE,Harassment,Bullying,Anonymous harassment on college group,0.15,5,true,true,HARASSMENT_REPORT_158,0.81,false,42
CMP-8221E34B,2026-02-01 17:08:02,Form,CE,Infrastructure,Network,The Wi-Fi in the main library has been down for three days now.,0.4,5,false,true,WIFI_OUTAGE_LIBRARY_85,0.29,true,1
CMP-96EA06E3,2026-02-01 17:22:05,Email,Common,Training,Curriculum,Topics outside the official TOC are being taught.,0.29,3,false,true,TRAINING_TOC_MISMATCH_216,0.18,false,1
CMP-C8EBF36F,2026-02-01 17:37:17,WhatsApp,CSE,Harassment,Bullying,constant bullying by batchmates,0.14,5,true,false,HARASSMENT_REPORT_158,0.77,true,
CMP-F31D8C80,2026-02-01 17:56:22,Form,ME,Harassment,Bullying,Anonymous harassment on college group,0.39,5,true,true,HARASSMENT_REPORT_227,0.77,false,8
CMP-05A5532F,2026-02-01 17:57:30,WhatsApp,MBA,Infrastructure,Network,No internet connection in the library again.,0.32,5,false,false,WIFI_OUTAGE_LIBRARY_81,0.2,false,
CMP-B7CC923D,2026-02-01 18:31:49,App,ME,Infrastructure,Network,library network outage since morning,0.1,4,true,true,WIFI_OUTAGE_LIBRARY_85,0.1,false,38
CMP-AAF0A0DE,2026-02-01 18:40:58,App,CSE,Harassment,Bullying,Facing toxic behavior from a faculty member.,0.12,5,true,true,HARASSMENT_REPORT_227,0.71,false,27
CMP-D617BE75,2026-02-01 18:46:39,WhatsApp,CE,Harassment,Bullying,constant bullying by batchmates,0.39,5,true,false,HARASSMENT_REPORT_227,0.82,false,
CMP-463C4202,2026-02-01 18:48:32,WhatsApp,CSE,Placement,Scheduling,Please reschedule the Infosys pre-placement talk.,0.26,5,true,true,PLACEMENT_INTERVIEW_CLASH_30,0.27,false,46
CMP-29744E33,2026-02-01 19:00:38,WhatsApp,Common,Placement,Scheduling,placement cell is not responding to mails,0.18,4,false,false,PLACEMENT_INTERVIEW_CLASH_30,0.11,true,
CMP-D9EDCBCC,2026-02-01 19:14:12,Form,CSE,Training,Curriculum,Trainer is rushing through JDBC concepts.,0.19,2,true,true,TRAINING_TOC_MISMATCH_216,0.15,false,17
CMP-4F61058A,2026-02-01 20:03:28,Email,CSE,Harassment,Bullying,Please take action against ragging in boys hostel,0.32,5,true,false,HARASSMENT_REPORT_158,0.81,true,
CMP-1F3C0072,2026-02-01 20:05:25,Email,EEE,Harassment,Bullying,Seniors are ragging in the hostel block.,0.16,5,true,true,HARASSMENT_REPORT_158,0.89,false,35
CMP-FC8E3E07,2026-02-01 21:05:48,App,Common,Training,Curriculum,training ka pace bahut fast hai kuch samajh nahi aa raha,0.23,3,false,false,TRAINING_TOC_MISMATCH_216,0.11,false,
CMP-7B7379E0,2026-02-01 21:23:26,Form,ME,Training,Curriculum,sockeet progrmming was introduced unexpectedly.,0.3,3,true,true,TRAINING_TOC_MISMATCH_216,0.04,false,16
CMP-99CBD274,2026-02-01 21:53:14,WhatsApp,ME,Infrastructure,Network,Unable to access internet in library,0.11,4,true,true,WIFI_OUTAGE_LIBRARY_85,0.0,false,9
CMP-3F384F65,2026-02-01 22:14:50,Form,CE,Academic,Attendance,My attendance was marked absent even though I was present.,0.38,2,false,true,FACULTY_ATTENDANCE_42,0.12,true,6
CMP-2468421A,2026-02-01 22:18:53,App,CSE,Harassment,Bullying,Anonymous harassment on college group,0.26,5,true,false,HARASSMENT_REPORT_227,0.86,true,
CMP-484BF05D,2026-02-01 22:38:31,Form,CSE,Academic,Attendance,Faculty attendance policy bahut unfair hai.,0.4,3,true,true,FACULTY_ATTENDANCE_42,0.27,false,27
CMP-69329F5F,2026-02-01 23:16:58,Email,CSE,Training,Curriculum,Trainer is rushing through JDBC concepts.,0.21,3,false,true,TRAINING_TOC_MISMATCH_216,0.07,false,33
CMP-FE1FDCE9,2026-02-01 23:39:51,WhatsApp,ECE,Infrastructure,Network,The Wi-Fi in the main library has been down for three days now.,0.33,5,true,true,WIFI_OUTAGE_LIBRARY_85,0.12,false,43
CMP-D0FAD48C,2026-02-01 23:44:18,Anonymous Report,ECE,Infrastructure,Network,librry mee net nahi chal raha kab thik hoga,0.3,5,false,true,WIFI_OUTAGE_LIBRARY_81,0.01,false,29
CMP-80905833,2026-02-01 23:47:24,Anonymous Report,CSE,Placement,Scheduling,Please reschedule the Infosys pre-placement talk.,0.16,4,false,true,PLACEMENT_INTERVIEW_CLASH_30,0.03,false,47
CMP-FF4BF821,2026-02-02 00:11:24,Form,CE,Placement,Scheduling,Interview slots are overlapping for multiple companies.,0.38,4,false,true,PLACEMENT_INTERVIEW_CLASH_45,0.05,false,42
CMP-8E5B53C7,2026-02-02 00:43:19,WhatsApp,ECE,Harassment,Bullying,Seniors are ragging in the hostel block.,0.18,5,true,true,HARASSMENT_REPORT_227,0.6,true,11
CMP-E91F6C16,2026-02-02 00:56:30,Form,Common,Infrastructure,Network,library network outage since morning,0.1,3,false,true,WIFI_OUTAGE_LIBRARY_85,0.14,false,16
CMP-66555534,2026-02-02 01:26:57,WhatsApp,CSE,Harassment,Bullying,Seniors are ragging in the hostel block.,0.25,5,true,false,HARASSMENT_REPORT_113,0.72,false,
CMP-94B9D82F,2026-02-02 01:33:29,Anonymous Report,CSE,Training,Curriculum,Topics outside the official TOC are being taught.,0.19,3,false,true,TRAINING_TOC_MISMATCH_216,0.23,false,16
CMP-56309D93,2026-02-02 01:38:30,Email,CE,Placement,Scheduling,Interview slots are overlapping for multiple companies.,0.14,5,true,true,PLACEMENT_INTERVIEW_CLASH_45,0.26,false,12
CMP-DC6C49F8,2026-02-02 01:53:14,WhatsApp,Common,Placement,Scheduling,placement drive and mid sem on same day??,0.31,4,true,false,PLACEMENT_INTERVIEW_CLASH_45,0.17,false,
CMP-424ACBBA,2026-02-02 01:56:47,App,ME,Harassment,Bullying,constnt bullying by batchmatees,0.25,5,true,true,HARASSMENT_REPORT_227,0.79,false,30
CMP-9DC0CAF5,2026-02-02 01:58:13,WhatsApp,CSE,Harassment,Bullying,Facing toxic behavior from a faculty member.,0.38,5,true,true,HARASSMENT_REPORT_113,0.79,false,16
CMP-F2DA6BAC,2026-02-02 02:17:35,App,CSE,Placement,Scheduling,placement drive and mid sem on same day??,0.17,4,true,true,PLACEMENT_INTERVIEW_CLASH_45,0.24,false,1
CMP-CA020C1C,2026-02-02 02:19:32,Email,Common,Harassment,Bullying,Facing toxic behavior from a faculty member.,0.32,5,true,false,HARASSMENT_REPORT_113,0.67,true,
CMP-E61AE4B3,2026-02-02 02:22:51,WhatsApp,Common,Training,Curriculum,Socket programming was introduced unexpectedly.,0.28,4,false,true,TRAINING_TOC_MISMATCH_216,0.0,false,29
CMP-CF2E38D4,2026-02-02 02:30:48,WhatsApp,ME,Harassment,Bullying,constant bullying by batchmates,0.19,5,true,true,HARASSMENT_REPORT_113,0.75,false,2
CMP-A56EA08C,2026-02-02 02:41:12,App,ECE,Infrastructure,Network,No internet connection in the library again.,0.32,3,false,false,WIFI_OUTAGE_LIBRARY_81,0.07,false,
CMP-6CCFDBC7,2026-02-02 02:50:35,App,ME,Infrastructure,Network,library me net nahi chal raha kab thik hoga,0.39,4,false,false,WIFI_OUTAGE_LIBRARY_81,0.19,true,
CMP-6F556022,2026-02-02 03:07:43,Form,Common,Harassment,Bullying,Facing toxic behavior from a faculty member.,0.38,5,true,true,HARASSMENT_REPORT_227,0.78,true,33
CMP-4EC6CD5B,2026-02-02 03:10:27,Email,Common,Placement,Scheduling,placement cell is not responding to mails,0.36,5,true,false,PLACEMENT_INTERVIEW_CLASH_45,0.29,false,
CMP-9A6FB84B,2026-02-02 04:11:28,Email,CSE,Harassment,Bullying,constant bullying by batchmates,0.13,5,true,true,HARASSMENT_REPORT_227,0.65,false,40
CMP-B6BED3C7,2026-02-02 04:22:17,Email,CE,Harassment,Bullying,constant bullying by batchmates,0.19,5,true,true,HARASSMENT_REPORT_227,0.74,false,18
CMP-2184A24C,2026-02-02 04:28:03,Form,ECE,Hostel,Water,plumber not fixing the leaking tap in room 204,0.16,3,true,false,HOSTEL_WATER_ISSUE_215,0.02,false,
CMP-B7A42596,2026-02-02 04:30:11,App,ECE,Hostel,Food Hygiene,Food quality in the mess has degraded significantly.,0.38,4,true,false,MESS_FOOD_POISONING_16,0.16,false,
CMP-7D52B5DD,2026-02-02 05:30:13,App,ECE,Infrastructure,Network,wifi firse gaya 😭 library me,0.12,5,false,true,WIFI_OUTAGE_LIBRARY_85,0.09,false,2
CMP-5D21507B,2026-02-02 06:25:05,WhatsApp,CSE,Hostel,Water,paani nahi aa raha subah se,0.37,4,false,true,HOSTEL_WATER_ISSUE_215,0.26,true,6
CMP-D4056844,2026-02-02 06:37:22,Email,Common,Placement,Scheduling,placement drive and mid sem on same day??,0.15,4,false,true,PLACEMENT_INTERVIEW_CLASH_45,0.28,false,28
CMP-C2F06020,2026-02-02 06:37:46,WhatsApp,ECE,Placement,Scheduling,plceement drive and mid sem on same day??,0.26,4,true,false,PLACEMENT_INTERVIEW_CLASH_45,0.01,false,
CMP-4650364F,2026-02-02 06:54:51,Email,ECE,Placement,Scheduling,Interview slots are overlapping for multiple companies.,0.29,4,true,true,PLACEMENT_INTERVIEW_CLASH_45,0.29,false,10
CMP-C37EB785,2026-02-02 07:02:53,Email,CSE,Hostel,Food Hygiene,I got food poisoning after eating dinner yesterday.,0.22,4,true,false,MESS_FOOD_POISONING_16,0.24,false,
CMP-BE3AC46F,2026-02-02 07:14:32,WhatsApp,MBA,Hostel,Food Hygiene,Found a bug in my salad at the main cafeteria.,0.17,5,true,true,MESS_FOOD_POISONING_16,0.2,false,30
CMP-49BE8CD2,2026-02-02 07:38:38,Email,CSE,Placement,Scheduling,placement cell is not responding to mails,0.19,5,true,true,PLACEMENT_INTERVIEW_CLASH_45,0.15,false,45
CMP-BEA77B23,2026-02-02 08:04:11,Form,CSE,Hostel,Food Hygiene,"mess ka khana bahut kharab hai, log beemar pad rahe hain",0.32,4,true,true,MESS_FOOD_POISONING_16,0.29,false,16
CMP-5FB69579,2026-02-02 08:08:28,Anonymous Report,CSE,Training,Curriculum,topics skipped by placement trainer today,0.3,4,true,false,TRAINING_TOC_MISMATCH_216,0.28,false,
CMP-250576E7,2026-02-02 08:26:00,WhatsApp,CSE,Hostel,Food Hygiene,meess food is unhygienic nd causing health issues,0.17,4,true,true,MESS_FOOD_POISONING_242,0.17,false,34
CMP-960BD564,2026-02-02 08:28:19,WhatsApp,CSE,Harassment,Bullying,pleese take action against ragging in boys hostel,0.14,5,true,true,HARASSMENT_REPORT_227,0.72,false,2
CMP-9CC508B3,2026-02-02 08:56:50,Anonymous Report,MBA,Placement,Scheduling,placement cell is not responding to mails,0.21,5,false,false,PLACEMENT_INTERVIEW_CLASH_45,0.14,false,
CMP-35D55498,2026-02-02 09:01:01,WhatsApp,Common,Harassment,Bullying,Please take action against ragging in boys hostel,0.1,5,true,true,HARASSMENT_REPORT_227,0.71,true,6
CMP-F9F103D7,2026-02-02 09:07:53,Email,ME,Harassment,Bullying,constant bullying by batchmates,0.32,5,false,true,HARASSMENT_REPORT_227,0.84,false,47
CMP-47292A23,2026-02-02 09:18:24,WhatsApp,Common,Harassment,Bullying,Please take action against ragging in boys hostel,0.28,5,true,false,HARASSMENT_REPORT_113,0.9,false,
CMP-1F243C57,2026-02-02 09:38:57,Form,CSE,Infrastructure,Network,library me net nahi chal raha kab thik hoga,0.34,4,false,true,WIFI_OUTAGE_LIBRARY_85,0.01,false,1
CMP-9A490B56,2026-02-02 09:46:42,WhatsApp,ME,Hostel,Water,no drinking water on 3rd floor,0.29,4,false,true,HOSTEL_WATER_ISSUE_215,0.15,false,44
CMP-941842D3,2026-02-02 09:49:13,Form,ECE,Harassment,Bullying,anonymous hrassmeent on college group,0.21,5,true,true,HARASSMENT_REPORT_158,0.67,false,17
CMP-359535EB,2026-02-02 09:49:24,Email,CE,Training,Curriculum,The trainer is not following the announced syllabus.,0.31,2,false,true,TRAINING_TOC_MISMATCH_216,0.1,false,27
CMP-B79FE1FA,2026-02-02 10:07:58,WhatsApp,ECE,Harassment,Bullying,Anonymous harassment on college group,0.1,5,true,false,HARASSMENT_REPORT_227,0.63,false,
CMP-FDA505EC,2026-02-02 10:41:49,Form,CE,Hostel,Water,no drinking water on 3rd floor,0.36,3,true,false,HOSTEL_WATER_ISSUE_215,0.03,true,
CMP-3EB545BB,2026-02-02 10:43:24,WhatsApp,ME,Harassment,Bullying,Anonymous harassment on college group,0.16,5,true,false,HARASSMENT_REPORT_113,0.73,false,
CMP-3D23267A,2026-02-02 10:50:35,WhatsApp,CSE,Harassment,Bullying,Please take action against ragging in boys hostel,0.38,5,true,true,HARASSMENT_REPORT_113,0.75,true,30
CMP-607628CC,2026-02-02 11:07:16,App,ME,Infrastructure,Network,wifi firsee gya 😭 library me,0.16,3,true,false,WIFI_OUTAGE_LIBRARY_85,0.13,false,
CMP-9885C312,2026-02-02 11:37:08,WhatsApp,ECE,Training,Curriculum,The Java trainer skipped scheduled topics.,0.14,4,false,true,TRAINING_TOC_MISMATCH_216,0.12,false,25
CMP-8A160633,2026-02-02 11:41:19,WhatsApp,CSE,Infrastructure,Network,The Wi-Fi in the main library has been down for three days now.,0.26,5,true,true,WIFI_OUTAGE_LIBRARY_85,0.1,false,10
CMP-96262412,2026-02-02 11:42:32,App,CSE,Hostel,Water,no drinking water on 3rd floor,0.34,4,false,false,HOSTEL_WATER_ISSUE_215,0.22,false,
CMP-7864BC6A,2026-02-02 12:58:10,Email,CSE,Hostel,Food Hygiene,"mess ka khana bahut kharab hai, log beemar pad rahe hain",0.38,4,false,false,MESS_FOOD_POISONING_242,0.17,false,
CMP-BC61778A,2026-02-02 12:58:59,Email,CSE,Harassment,Bullying,Facing toxic behavior from a faculty member.,0.29,5,true,false,HARASSMENT_REPORT_227,0.8,false,
CMP-380D84AE,2026-02-02 13:01:19,Anonymous Report,Common,Hostel,Food Hygiene,food qulity in thee mess has degraded significantly.,0.31,5,true,false,MESS_FOOD_POISONING_242,0.11,false,
CMP-1B1FD81B,2026-02-02 13:02:05,Anonymous Report,CSE,Hostel,Food Hygiene,mess food is unhygienic and causing health issues,0.3,4,true,true,MESS_FOOD_POISONING_16,0.09,true,46
CMP-8BFDC314,2026-02-02 13:21:16,WhatsApp,ECE,Placement,Scheduling,Interview slots are overlapping for multiple companies.,0.33,4,true,true,PLACEMENT_INTERVIEW_CLASH_45,0.2,false,6
CMP-2E7B8F21,2026-02-02 13:36:32,WhatsApp,CSE,Training,Curriculum,The Java trainer skipped scheduled topics.,0.18,3,false,false,TRAINING_TOC_MISMATCH_216,0.23,true,
CMP-76745A20,2026-02-02 13:49:28,App,CE,Harassment,Bullying,Facing toxic behavior from a faculty member.,0.24,5,true,true,HARASSMENT_REPORT_158,0.71,false,31
CMP-783B689A,2026-02-02 13:50:17,WhatsApp,CSE,Hostel,Water,paani nahi aa raha subah se,0.21,4,true,false,HOSTEL_WATER_ISSUE_215,0.23,false,
CMP-3616838A,2026-02-02 14:43:31,WhatsApp,CSE,Placement,Scheduling,Interview slots are overlapping for multiple companies.,0.31,5,false,true,PLACEMENT_INTERVIEW_CLASH_45,0.21,false,46
CMP-C368B5D4,2026-02-02 14:47:48,WhatsApp,MBA,Infrastructure,Network,No internet connection in the library again.,0.26,3,true,true,WIFI_OUTAGE_LIBRARY_85,0.28,false,2
CMP-2D642D39,2026-02-02 15:30:05,WhatsApp,CSE,Training,Curriculum,The trainer is not following the announced syllabus.,0.39,3,false,false,TRAINING_TOC_MISMATCH_216,0.02,true,
CMP-78A93174,2026-02-02 15:32:47,Form,CE,Infrastructure,Network,library me net nahi chal raha kab thik hoga,0.19,5,false,false,WIFI_OUTAGE_LIBRARY_85,0.26,false,
CMP-C140EBB4,2026-02-02 15:35:50,Form,EEE,Hostel,Water,water cooler in Block C is dispensing dirty water.,0.19,3,false,true,HOSTEL_WATER_ISSUE_215,0.15,true,40
CMP-F244FDB5,2026-02-02 17:25:58,Anonymous Report,CE,Training,Curriculum,training ka pace bahut fast hai kuch samajh nahi aa raha,0.15,3,true,false,TRAINING_TOC_MISMATCH_216,0.29,true,
CMP-C98EDFF4,2026-02-02 17:35:58,WhatsApp,ME,Harassment,Bullying,Anonymous harassment on college group,0.28,5,true,true,HARASSMENT_REPORT_158,0.62,false,10
CMP-99806CA7,2026-02-02 18:26:07,WhatsApp,EEE,Hostel,Food Hygiene,"mess ka khana bahut kharab hai, log beemar pad rahe hain",0.24,5,true,false,MESS_FOOD_POISONING_16,0.24,true,
CMP-0E41FAFD,2026-02-02 19:40:04,WhatsApp,Common,Hostel,Food Hygiene,Food quality in the mess has degraded significantly.,0.36,4,true,false,MESS_FOOD_POISONING_16,0.04,false,
CMP-65CB8BC8,2026-02-02 19:46:07,Form,CSE,Hostel,Food Hygiene,mess food is unhygienic and causing health issues,0.36,4,false,true,MESS_FOOD_POISONING_242,0.07,false,37
CMP-0B10E564,2026-02-02 20:21:46,Email,EEE,Hostel,Water,plumber not fixing the leaking tap in room 204,0.3,3,false,false,HOSTEL_WATER_ISSUE_215,0.24,false,
CMP-E1B06EDE,2026-02-02 20:25:13,Email,CSE,Infrastructure,Network,Unable to access internet in library,0.36,5,false,true,WIFI_OUTAGE_LIBRARY_81,0.23,true,48
CMP-839AC670,2026-02-02 21:22:58,WhatsApp,CSE,Infrastructure,Network,librry wifi is compleetely dead. please fix it asap.,0.23,3,false,false,WIFI_OUTAGE_LIBRARY_81,0.24,false,
CMP-E4B69886,2026-02-02 22:13:15,WhatsApp,CSE,Hostel,Food Hygiene,Mess food quality in hostel B has deteriorated significantly.,0.27,5,true,false,MESS_FOOD_POISONING_242,0.06,false,
CMP-B4C273F6,2026-02-02 22:18:19,WhatsApp,CSE,Infrastructure,Network,Unable to access internet in library,0.2,5,true,false,WIFI_OUTAGE_LIBRARY_85,0.24,false,
CMP-37410083,2026-02-02 22:28:21,Email,CSE,Placement,Scheduling,placement drive and mid sem on same day??,0.36,5,true,false,PLACEMENT_INTERVIEW_CLASH_45,0.16,false,
CMP-2FD46F0E,2026-02-02 22:39:11,Email,CSE,Infrastructure,Network,The Wi-Fi in the main library has been down for three days now.,0.35,3,false,false,WIFI_OUTAGE_LIBRARY_85,0.03,false,
CMP-5EFBA2C5,2026-02-02 23:15:41,Email,CSE,Training,Curriculum,training ka pace bahut fast hai kuch samajh nahi aa raha,0.14,4,true,true,TRAINING_TOC_MISMATCH_216,0.16,false,5
CMP-ABF64B4D,2026-02-02 23:22:33,WhatsApp,CSE,Harassment,Bullying,Anonymous harassment on college group,0.13,5,true,true,HARASSMENT_REPORT_113,0.64,true,45
CMP-F147CCD2,2026-02-02 23:59:10,Form,Common,Infrastructure,Network,library me net nahi chal raha kab thik hoga,0.15,3,false,true,WIFI_OUTAGE_LIBRARY_85,0.15,false,39
CMP-9CA37068,2026-02-03 00:23:06,WhatsApp,CSE,Hostel,Food Hygiene,"mess ka khana bahut kharab hai, log beemar pad rahe hain",0.19,4,true,false,MESS_FOOD_POISONING_242,0.15,false,
CMP-F5B6CBBA,2026-02-03 00:33:55,WhatsApp,CSE,Hostel,Water,plumber not fixing the leaking tap in room 204,0.19,3,false,false,HOSTEL_WATER_ISSUE_215,0.11,true,
CMP-43CC2757,2026-02-03 01:15:57,App,ECE,Harassment,Bullying,anonymous hrassmeent on college group,0.38,5,true,true,HARASSMENT_REPORT_113,0.76,false,10
CMP-088881F0,2026-02-03 01:45:45,Email,ECE,Placement,Scheduling,placement cell is not responding to mails,0.17,4,true,true,PLACEMENT_INTERVIEW_CLASH_45,0.19,false,20
CMP-2CA12A5D,2026-02-03 02:09:02,Anonymous Report,CSE,Placement,Scheduling,Please reschedule the Infosys pre-placement talk.,0.21,4,true,false,PLACEMENT_INTERVIEW_CLASH_45,0.15,false,
CMP-B5F7273E,2026-02-03 02:47:01,WhatsApp,CSE,Hostel,Water,no drinking water on 3rd floor,0.36,4,true,true,HOSTEL_WATER_ISSUE_215,0.03,false,6
CMP-1F9B5564,2026-02-03 03:05:34,WhatsApp,CSE,Hostel,Water,water cooler in Block C is dispensing dirty water.,0.12,4,true,true,HOSTEL_WATER_ISSUE_201,0.23,false,17
CMP-28044376,2026-02-03 04:56:23,WhatsApp,EEE,Placement,Scheduling,Interview slots are overlapping for multiple companies.,0.25,4,false,true,PLACEMENT_INTERVIEW_CLASH_45,0.14,false,18
CMP-68244196,2026-02-03 05:14:35,WhatsApp,CSE,Hostel,Water,water cooler in Block C is dispensing dirty water.,0.3,4,false,false,HOSTEL_WATER_ISSUE_201,0.07,false,
CMP-E7865074,2026-02-03 07:13:43,App,ECE,Hostel,Water,plumbeer not fixing the leking tap in room 204,0.38,3,false,false,HOSTEL_WATER_ISSUE_215,0.23,false,
CMP-0419CCEE,2026-02-03 07:19:43,WhatsApp,ECE,Hostel,Water,water cooler in Block C is dispensing dirty water.,0.19,3,false,false,HOSTEL_WATER_ISSUE_201,0.02,true,
CMP-C53D61D9,2026-02-03 07:37:24,WhatsApp,CSE,Placement,Scheduling,TCS interview clashes with my final exam.,0.25,4,false,true,PLACEMENT_INTERVIEW_CLASH_45,0.17,false,41
CMP-D235A1B6,2026-02-03 07:51:30,App,ECE,Harassment,Bullying,Facing toxic behavior from a faculty member.,0.18,5,true,false,HARASSMENT_REPORT_113,0.64,false,
CMP-FA5F5D9B,2026-02-03 08:21:28,WhatsApp,ECE,Hostel,Food Hygiene,Food quality in the mess has degraded significantly.,0.16,5,false,true,MESS_FOOD_POISONING_242,0.15,false,41
CMP-F451455F,2026-02-03 08:45:44,Email,ME,Hostel,Water,no drinking water on 3rd floor,0.3,4,false,false,HOSTEL_WATER_ISSUE_215,0.08,false,
CMP-D21845AE,2026-02-03 08:51:14,WhatsApp,ECE,Harassment,Bullying,Facing toxic behavior from a faculty member.,0.11,5,true,true,HARASSMENT_REPORT_113,0.79,false,24
CMP-CFCFE8B9,2026-02-03 09:27:03,WhatsApp,ECE,Hostel,Water,water cooler in Block C is dispensing dirty water.,0.27,3,false,true,HOSTEL_WATER_ISSUE_201,0.27,false,10
CMP-102B3036,2026-02-03 09:52:10,WhatsApp,CE,Harassment,Bullying,Seniors are ragging in the hostel block.,0.17,5,true,true,HARASSMENT_REPORT_113,0.72,false,26
CMP-F9876474,2026-02-03 11:12:35,WhatsApp,CSE,Harassment,Bullying,constant bullying by batchmates,0.14,5,true,true,HARASSMENT_REPORT_113,0.62,true,16
CMP-2F7F9281,2026-02-03 11:24:08,WhatsApp,CE,Hostel,Water,plumber not fixing the leaking tap in room 204,0.17,3,false,false,HOSTEL_WATER_ISSUE_215,0.12,false,
CMP-759E5CD1,2026-02-03 11:42:22,WhatsApp,ECE,Hostel,Food Hygiene,stale food served in hostel B dinner,0.39,5,true,false,MESS_FOOD_POISONING_16,0.08,false,
CMP-B0707696,2026-02-03 12:55:37,Form,ECE,Placement,Scheduling,TCS interview clashes with my final exam.,0.21,4,true,false,PLACEMENT_INTERVIEW_CLASH_45,0.24,false,
CMP-4EA670DC,2026-02-03 12:56:52,Email,ME,Hostel,Food Hygiene,meess food qulity in hostel b has deteriorated significantly.,0.34,4,true,false,MESS_FOOD_POISONING_16,0.28,false,
CMP-2B288E64,2026-02-03 13:03:51,Anonymous Report,ME,Harassment,Bullying,constant bullying by batchmates,0.21,5,true,true,HARASSMENT_REPORT_113,0.78,false,2
CMP-DD4D0BEB,2026-02-03 13:09:28,Email,CSE,Hostel,Food Hygiene,Mess food quality in hostel B has deteriorated significantly.,0.16,4,false,true,MESS_FOOD_POISONING_242,0.13,false,2
CMP-81EB8BBC,2026-02-03 13:13:36,App,MBA,Harassment,Bullying,fcing toxic beehavior from a faculty member.,0.22,5,true,true,HARASSMENT_REPORT_113,0.82,false,11
CMP-A61C0FD8,2026-02-03 13:36:49,WhatsApp,CE,Hostel,Water,paani nahi aa raha subah se,0.11,4,false,false,HOSTEL_WATER_ISSUE_215,0.03,false,
CMP-1C1F4352,2026-02-03 14:06:37,WhatsApp,CSE,Hostel,Water,plumber not fixing the leaking tap in room 204,0.11,3,false,false,HOSTEL_WATER_ISSUE_201,0.0,false,
CMP-3590BC2F,2026-02-03 14:22:53,Email,ECE,Hostel,Water,paani nahi aa raha subah se,0.39,4,true,true,HOSTEL_WATER_ISSUE_201,0.24,false,26
CMP-B156E73B,2026-02-03 15:04:58,WhatsApp,ECE,Hostel,Water,"Block B geysers are not working, we need hot water.",0.34,4,false,true,HOSTEL_WATER_ISSUE_215,0.23,false,20
CMP-464C096F,2026-02-03 15:30:36,App,ECE,Hostel,Water,There is no hot water in Block B hostels since yesterday.,0.16,4,false,true,HOSTEL_WATER_ISSUE_215,0.21,false,20
CMP-9823B8A2,2026-02-03 15:32:20,WhatsApp,Common,Hostel,Water,There is no hot water in Block B hostels since yesterday.,0.29,3,false,true,HOSTEL_WATER_ISSUE_215,0.01,false,11
CMP-F3DC855D,2026-02-03 15:54:22,Email,CSE,Hostel,Water,"Block B geysers are not working, we need hot water.",0.3,4,false,true,HOSTEL_WATER_ISSUE_215,0.12,true,37
CMP-BC624065,2026-02-03 16:30:35,Email,CE,Harassment,Bullying,constant bullying by batchmates,0.24,5,true,true,HARASSMENT_REPORT_113,0.68,false,25
CMP-A0297D41,2026-02-03 17:14:18,WhatsApp,CSE,Harassment,Bullying,seeniors re ragging in the hostel block.,0.3,5,true,false,HARASSMENT_REPORT_113,0.63,false,
CMP-A1BB12A3,2026-02-03 17:33:47,Email,CSE,Hostel,Water,There is no hot water in Block B hostels since yesterday.,0.22,3,false,false,HOSTEL_WATER_ISSUE_215,0.02,true,
CMP-A2B0C5B4,2026-02-03 18:12:42,WhatsApp,MBA,Hostel,Water,plumber not fixing the leaking tap in room 204,0.39,4,false,true,HOSTEL_WATER_ISSUE_215,0.27,false,47
CMP-E4FE7A99,2026-02-03 19:16:24,WhatsApp,CSE,Hostel,Food Hygiene,stale food served in hostel B dinner,0.21,4,true,true,MESS_FOOD_POISONING_242,0.14,false,10
CMP-1EA0D783,2026-02-03 19:36:52,WhatsApp,Common,Placement,Scheduling,Please reschedule the Infosys pre-placement talk.,0.35,5,true,false,PLACEMENT_INTERVIEW_CLASH_45,0.01,false,
CMP-4F6D6ACA,2026-02-03 20:11:54,WhatsApp,Common,Harassment,Bullying,Facing toxic behavior from a faculty member.,0.17,5,true,true,HARASSMENT_REPORT_113,0.85,false,8
CMP-34D79D8A,2026-02-03 20:17:44,Email,CSE,Hostel,Water,"Block B geysers are not working, we need hot water.",0.11,4,false,true,HOSTEL_WATER_ISSUE_201,0.21,false,7
CMP-9F697CC2,2026-02-03 21:22:53,WhatsApp,Common,Placement,Scheduling,HR round postponed without notice,0.17,5,false,false,PLACEMENT_INTERVIEW_CLASH_45,0.27,true,
CMP-D60B4CB4,2026-02-03 21:38:40,WhatsApp,ECE,Hostel,Food Hygiene,stlee food served in hostel b dinner,0.32,4,true,true,MESS_FOOD_POISONING_16,0.14,true,19
CMP-D8B76E80,2026-02-03 22:52:49,Email,CSE,Hostel,Water,plumber not fixing the leaking tap in room 204,0.28,3,true,true,HOSTEL_WATER_ISSUE_215,0.26,false,29
CMP-185A5EFC,2026-02-03 23:23:55,Email,ECE,Harassment,Bullying,Facing toxic behavior from a faculty member.,0.15,5,true,true,HARASSMENT_REPORT_113,0.78,false,8
CMP-D8612053,2026-02-03 23:58:11,Email,CSE,Hostel,Food Hygiene,Food quality in the mess has degraded significantly.,0.38,4,true,true,MESS_FOOD_POISONING_16,0.15,false,28
CMP-6B84AAA9,2026-02-04 00:10:27,WhatsApp,CSE,Infrastructure,Network,library wifi is completely dead. Please fix it ASAP.,0.15,5,true,false,WIFI_OUTAGE_LIBRARY_66,0.27,false,
CMP-64E60032,2026-02-04 01:11:35,WhatsApp,ECE,Hostel,Water,"Block B geysers are not working, we need hot water.",0.15,3,false,false,HOSTEL_WATER_ISSUE_201,0.09,false,
CMP-4B043F0E,2026-02-04 02:28:21,WhatsApp,CSE,Administration,Fees,refund not processed yet,0.2,4,false,true,FEE_ISSUE_206,0.02,true,12
CMP-49C9C0EC,2026-02-04 02:46:18,WhatsApp,CSE,Administration,Fees,Late fee was charged wrongly on my account.,0.28,3,true,true,FEE_ISSUE_206,0.05,false,5
CMP-CC08E527,2026-02-04 03:10:26,Email,CSE,Administration,Fees,refund not processed yet,0.39,3,false,false,FEE_ISSUE_206,0.27,false,
CMP-3EF47FA3,2026-02-04 04:16:26,Email,Common,Hostel,Water,"Block B geysers are not working, we need hot water.",0.27,4,true,false,HOSTEL_WATER_ISSUE_201,0.29,false,
CMP-5EDF39CA,2026-02-04 06:04:38,Email,CSE,Administration,Fees,refund not processed yet,0.39,4,false,false,FEE_ISSUE_206,0.02,false,
CMP-5A57F1C8,2026-02-04 08:04:49,WhatsApp,CSE,Hostel,Water,no drinking water on 3rd floor,0.22,3,true,true,HOSTEL_WATER_ISSUE_201,0.21,true,8
CMP-AEAFF857,2026-02-04 08:50:37,WhatsApp,CSE,Administration,Fees,"fee portal is down, last date tomorrow",0.35,3,true,false,FEE_ISSUE_206,0.11,true,
CMP-9B68DB87,2026-02-04 13:24:21,WhatsApp,CSE,Administration,Fees,eextr charges in this semester fee structure?,0.13,4,false,true,FEE_ISSUE_206,0.15,false,15
CMP-12CD3715,2026-02-04 13:44:04,App,Common,Administration,Fees,"fee portal is down, last date tomorrow",0.13,3,true,false,FEE_ISSUE_206,0.28,false,
CMP-DA76D184,2026-02-04 15:01:40,Email,CSE,Administration,Fees,Scholarship disbursement is delayed by 2 months.,0.13,4,true,true,FEE_ISSUE_206,0.1,true,35
CMP-5F5D43D8,2026-02-04 18:01:25,WhatsApp,CSE,Infrastructure,Network,library wifi is completely dead. Please fix it ASAP.,0.13,3,false,false,WIFI_OUTAGE_LIBRARY_66,0.18,false,
CMP-D4DC8371,2026-02-04 18:21:29,Email,CSE,Infrastructure,Network,library me net nahi chal raha kab thik hoga,0.3,3,true,false,WIFI_OUTAGE_LIBRARY_66,0.16,false,
CMP-59D31E7E,2026-02-04 19:47:29,WhatsApp,Common,Infrastructure,Network,library network outage since morning,0.29,5,false,false,WIFI_OUTAGE_LIBRARY_66,0.07,false,
CMP-BDD0026C,2026-02-04 20:28:20,WhatsApp,ME,Hostel,Water,no drinking water on 3rd floor,0.2,3,false,true,HOSTEL_WATER_ISSUE_201,0.1,false,4
CMP-D7FA0FB3,2026-02-05 00:04:27,WhatsApp,CSE,Infrastructure,Network,The Wi-Fi in the main library has been down for three days now.,0.32,4,false,true,WIFI_OUTAGE_LIBRARY_66,0.05,true,48
CMP-C10E23D1,2026-02-05 00:18:41,Email,CSE,Academic,Attendance,Professor missed the last three lectures without prior notice.,0.12,3,false,true,FACULTY_ATTENDANCE_236,0.12,false,40
CMP-3C72BFC5,2026-02-05 00:44:33,WhatsApp,CSE,Academic,Attendance,teacher not coming but taking attendance online??,0.38,3,false,true,FACULTY_ATTENDANCE_65,0.11,false,16
CMP-5CDDC958,2026-02-05 00:48:15,WhatsApp,CSE,Infrastructure,Network,The Wi-Fi in the main library has been down for three days now.,0.11,3,false,true,WIFI_OUTAGE_LIBRARY_66,0.11,true,14
CMP-9C9F734D,2026-02-05 01:15:51,Form,CSE,Infrastructure,Network,library me net nahi chal raha kab thik hoga,0.23,4,false,true,WIFI_OUTAGE_LIBRARY_66,0.25,false,26
CMP-1F167036,2026-02-05 01:46:22,App,Common,Academic,Attendance,profeessor missed the lst three lectures without prior notice.,0.27,3,false,true,FACULTY_ATTENDANCE_65,0.05,true,46
CMP-B422A2E6,2026-02-05 03:13:23,WhatsApp,CSE,Administration,Fees,refund not processed yet,0.3,3,true,false,FEE_ISSUE_206,0.22,false,
CMP-B3422DFE,2026-02-05 04:52:08,Anonymous Report,CSE,Administration,Fees,Late fee was charged wrongly on my account.,0.26,4,false,true,FEE_ISSUE_206,0.28,false,34
CMP-1DEFFD88,2026-02-05 04:59:24,Email,ECE,Infrastructure,Network,The Wi-Fi in the main library has been down for three days now.,0.11,5,false,true,WIFI_OUTAGE_LIBRARY_66,0.11,false,15
CMP-9D838F88,2026-02-05 06:19:04,WhatsApp,ECE,Academic,Attendance,My attendance was marked absent even though I was present.,0.16,2,false,false,FACULTY_ATTENDANCE_65,0.0,false,
CMP-624FA1F8,2026-02-05 06:24:00,Email,CSE,Academic,Attendance,Prof hasn't shown up for classes this whole week.,0.25,2,false,false,FACULTY_ATTENDANCE_65,0.19,false,
CMP-A0C98BAA,2026-02-05 07:54:56,WhatsApp,CE,Administration,Fees,refund not processed yet,0.12,4,false,true,FEE_ISSUE_206,0.19,false,13
CMP-198485B5,2026-02-05 08:25:53,Anonymous Report,CSE,Academic,Attendance,My attendance was marked absent even though I was present.,0.14,3,false,true,FACULTY_ATTENDANCE_65,0.17,false,39
CMP-5E20C9EB,2026-02-05 08:51:55,App,CSE,Infrastructure,Network,The Wi-Fi in the main library has been down for three days now.,0.29,4,false,true,WIFI_OUTAGE_LIBRARY_66,0.15,false,20
CMP-E7A7445E,2026-02-05 10:50:59,WhatsApp,CSE,Administration,Fees,extra charges in this semester fee structure?,0.28,3,true,true,FEE_ISSUE_206,0.02,false,16
CMP-97E7F4A8,2026-02-05 10:55:51,WhatsApp,CSE,Academic,Attendance,attendance issue in DBMS class,0.25,2,false,true,FACULTY_ATTENDANCE_65,0.28,false,19
CMP-061A8678,2026-02-05 11:22:10,WhatsApp,Common,Administration,Fees,refund not processed yet,0.28,3,false,true,FEE_ISSUE_206,0.06,false,12
CMP-EEE026B0,2026-02-05 13:06:55,WhatsApp,ECE,Infrastructure,Network,Unable to access internet in library,0.2,5,false,true,WIFI_OUTAGE_LIBRARY_66,0.27,true,34
CMP-FDE2DCD8,2026-02-05 13:45:28,WhatsApp,Common,Academic,Attendance,Prof hasn't shown up for classes this whole week.,0.15,2,false,false,FACULTY_ATTENDANCE_65,0.06,false,
CMP-96475D18,2026-02-05 13:46:24,Form,CSE,Infrastructure,Network,The Wi-Fi in the main library has been down for three days now.,0.21,4,false,true,WIFI_OUTAGE_LIBRARY_66,0.3,true,4
CMP-F48ACB46,2026-02-05 14:39:11,Form,CSE,Academic,Attendance,attendance portal is showing wrong data for CS101,0.12,3,false,true,FACULTY_ATTENDANCE_236,0.01,false,44
CMP-7E15F2E5,2026-02-05 15:48:15,WhatsApp,CE,Academic,Attendance,attendance issue in DBMS class,0.34,2,false,true,FACULTY_ATTENDANCE_236,0.11,false,46
CMP-6798AFCE,2026-02-05 15:54:19,WhatsApp,ECE,Academic,Attendance,attendance portal is showing wrong data for CS101,0.22,3,false,true,FACULTY_ATTENDANCE_236,0.02,false,21
CMP-8BF72B59,2026-02-05 15:58:01,Anonymous Report,ME,Academic,Attendance,attendance issue in DBMS class,0.26,3,true,true,FACULTY_ATTENDANCE_236,0.02,false,21
CMP-0221266F,2026-02-05 16:59:19,Anonymous Report,CSE,Administration,Fees,Late fee was charged wrongly on my account.,0.32,4,false,false,FEE_ISSUE_206,0.01,false,
CMP-BD6A9D10,2026-02-05 17:47:16,Form,CSE,Administration,Fees,refund not processed yet,0.19,4,false,false,FEE_ISSUE_206,0.01,false,
CMP-95876A7F,2026-02-05 18:07:49,WhatsApp,CSE,Academic,Attendance,Professor missed the last three lectures without prior notice.,0.33,3,false,false,FACULTY_ATTENDANCE_236,0.09,false,
CMP-0753CA3E,2026-02-05 18:21:36,WhatsApp,CE,Academic,Attendance,My attendance was marked absent even though I was present.,0.34,3,false,true,FACULTY_ATTENDANCE_236,0.05,false,13
CMP-4B05DFC7,2026-02-05 18:49:31,Email,CSE,Infrastructure,Network,library wifi is completely dead. Please fix it ASAP.,0.36,3,false,false,WIFI_OUTAGE_LIBRARY_66,0.28,false,
CMP-E271981E,2026-02-05 18:55:03,WhatsApp,CSE,Infrastructure,Network,library me net nahi chal raha kab thik hoga,0.39,4,false,true,WIFI_OUTAGE_LIBRARY_66,0.04,false,10
CMP-768D39B4,2026-02-05 19:34:07,Email,ECE,Administration,Fees,Scholarship disbursement is delayed by 2 months.,0.33,4,false,true,FEE_ISSUE_206,0.08,true,29
CMP-1E974322,2026-02-05 19:45:24,WhatsApp,ECE,Academic,Attendance,Professor missed the last three lectures without prior notice.,0.21,3,false,false,FACULTY_ATTENDANCE_65,0.19,false,
CMP-82ED524D,2026-02-05 22:44:02,Email,CSE,Administration,Fees,extra charges in this semester fee structure?,0.23,4,false,true,FEE_ISSUE_206,0.12,false,23
CMP-C5DA1A29,2026-02-06 00:27:19,App,ECE,Training,Curriculum,topics skipped by placement trainer today,0.28,4,true,true,TRAINING_TOC_MISMATCH_165,0.14,false,31
CMP-FC06DEB7,2026-02-06 00:48:33,Email,ECE,Academic,Attendance,My attendance was marked absent even though I was present.,0.19,2,false,true,FACULTY_ATTENDANCE_236,0.19,false,15
CMP-2E27A29D,2026-02-06 00:48:44,Email,CSE,Academic,Attendance,attendance portal is showing wrong data for CS101,0.31,2,false,true,FACULTY_ATTENDANCE_236,0.19,false,26
CMP-32993821,2026-02-06 01:40:23,Form,CSE,Transport,Bus Delay,"Transport facility is very poor, bus never comes on time.",0.39,3,true,true,TRANSPORT_BUS_DELAY_173,0.21,false,39
CMP-A4956821,2026-02-06 01:43:05,Form,CE,Training,Curriculum,topics outsidee the officil toc are being taught.,0.26,2,false,false,TRAINING_TOC_MISMATCH_244,0.17,true,
CMP-FEF46BC6,2026-02-06 02:38:24,Email,CSE,Administration,Fees,Late fee was charged wrongly on my account.,0.15,4,false,true,FEE_ISSUE_202,0.09,false,40
CMP-1C02E054,2026-02-06 02:51:30,Email,CSE,Academic,Attendance,profeessor missed the lst three lectures without prior notice.,0.11,2,false,false,FACULTY_ATTENDANCE_65,0.1,false,
CMP-3F33A264,2026-02-06 03:52:32,Form,ECE,Transport,Bus Delay,bus breakdown on highway again,0.12,2,false,true,TRANSPORT_BUS_DELAY_173,0.15,false,22
CMP-B0D6DBDB,2026-02-06 03:57:09,WhatsApp,CSE,Transport,Bus Delay,We are waiting at the stop for 1 hour for the college bus.,0.2,4,false,false,TRANSPORT_BUS_DELAY_173,0.28,true,
CMP-30C0F20D,2026-02-06 04:00:41,WhatsApp,Common,Academic,Attendance,attendance portal is showing wrong data for CS101,0.36,3,false,true,FACULTY_ATTENDANCE_65,0.12,true,25
CMP-9461C3E4,2026-02-06 05:06:15,Email,Common,Academic,Attendance,Faculty attendance policy bahut unfair hai.,0.15,2,false,false,FACULTY_ATTENDANCE_65,0.17,false,
CMP-DA848B43,2026-02-06 05:14:57,Anonymous Report,ECE,Academic,Attendance,Prof hasn't shown up for classes this whole week.,0.21,2,false,true,FACULTY_ATTENDANCE_236,0.24,true,24
CMP-8C69BCE0,2026-02-06 05:45:16,WhatsApp,CSE,Transport,Bus Delay,"Transport facility is very poor, bus never comes on time.",0.39,2,false,true,TRANSPORT_BUS_DELAY_173,0.22,false,6
CMP-906B3B5E,2026-02-06 05:50:43,Email,Common,Administration,Fees,extra charges in this semester fee structure?,0.3,3,false,false,FEE_ISSUE_202,0.03,false,
CMP-4566B1E4,2026-02-06 06:06:26,Form,ECE,Training,Curriculum,Trainer is rushing through JDBC concepts.,0.39,3,false,false,TRAINING_TOC_MISMATCH_165,0.29,false,
CMP-54655824,2026-02-06 06:22:11,App,MBA,Academic,Attendance,Professor missed the last three lectures without prior notice.,0.13,3,false,true,FACULTY_ATTENDANCE_236,0.1,false,1
CMP-C1F418B8,2026-02-06 06:33:13,Email,ME,Academic,Attendance,Professor missed the last three lectures without prior notice.,0.33,3,false,true,FACULTY_ATTENDANCE_236,0.06,false,32
CMP-9FFBA3E9,2026-02-06 06:33:18,WhatsApp,ECE,Transport,Bus Delay,bus breakdown on highway again,0.36,3,false,true,TRANSPORT_BUS_DELAY_173,0.19,true,14
CMP-02D8A8B6,2026-02-06 06:53:36,Form,CSE,Transport,Bus Delay,We are waiting at the stop for 1 hour for the college bus.,0.37,4,false,true,TRANSPORT_BUS_DELAY_173,0.28,true,45
CMP-8F66BF39,2026-02-06 07:36:34,App,CE,Administration,Fees,"fee portal is down, last date tomorrow",0.38,4,true,false,FEE_ISSUE_202,0.21,false,
CMP-79ECA55A,2026-02-06 08:33:25,WhatsApp,CE,Training,Curriculum,training ka pace bahut fast hai kuch samajh nahi aa raha,0.33,4,false,true,TRAINING_TOC_MISMATCH_244,0.16,false,36
CMP-D9687D19,2026-02-06 08:41:43,WhatsApp,Common,Administration,Fees,refund not processed yet,0.37,3,true,false,FEE_ISSUE_202,0.24,false,
CMP-06FB63E4,2026-02-06 09:00:14,WhatsApp,Common,Academic,Attendance,attendance issue in DBMS class,0.22,2,false,true,FACULTY_ATTENDANCE_236,0.17,true,1
CMP-BF053403,2026-02-06 09:24:47,Form,ECE,Training,Curriculum,Topics outside the official TOC are being taught.,0.33,2,true,true,TRAINING_TOC_MISMATCH_165,0.04,false,24
CMP-B09AA029,2026-02-06 10:08:32,WhatsApp,CSE,Academic,Attendance,Faculty attendance policy bahut unfair hai.,0.23,3,false,false,FACULTY_ATTENDANCE_65,0.27,false,
CMP-503D6894,2026-02-06 10:15:48,Anonymous Report,CSE,Transport,Bus Delay,bus breakdown on highway again,0.21,3,false,true,TRANSPORT_BUS_DELAY_173,0.19,false,4
CMP-CED0C88C,2026-02-06 10:34:20,WhatsApp,CSE,Academic,Attendance,attendance issue in DBMS class,0.2,2,false,false,FACULTY_ATTENDANCE_236,0.12,true,
CMP-92087338,2026-02-06 10:38:52,WhatsApp,CSE,Training,Curriculum,topics skippeed by plcement trainer today,0.25,3,true,true,TRAINING_TOC_MISMATCH_165,0.13,false,29
CMP-6048141D,2026-02-06 13:21:16,WhatsApp,Common,Academic,Attendance,Faculty attendance policy bahut unfair hai.,0.19,2,false,false,FACULTY_ATTENDANCE_65,0.11,false,
CMP-C4C78401,2026-02-06 14:27:05,App,CSE,Administration,Fees,Late fee was charged wrongly on my account.,0.31,3,true,true,FEE_ISSUE_202,0.22,false,12
CMP-893F5909,2026-02-06 17:21:51,WhatsApp,MBA,Training,Curriculum,The trainer is not following the announced syllabus.,0.33,2,true,false,TRAINING_TOC_MISMATCH_244,0.25,false,
CMP-DD791859,2026-02-06 18:56:20,WhatsApp,CE,Academic,Attendance,attendance portal is showing wrong data for CS101,0.4,2,false,true,FACULTY_ATTENDANCE_236,0.02,true,42
CMP-881755EE,2026-02-06 19:06:43,Anonymous Report,ECE,Academic,Attendance,Professor missed the last three lectures without prior notice.,0.2,3,false,true,FACULTY_ATTENDANCE_65,0.09,false,1
CMP-41162932,2026-02-06 19:31:36,Email,EEE,Training,Curriculum,The Java trainer skipped scheduled topics.,0.1,4,false,true,TRAINING_TOC_MISMATCH_165,0.21,true,29
CMP-6242A4B6,2026-02-06 20:38:46,WhatsApp,Common,Academic,Attendance,my tteendance was marked absent even though i was present.,0.35,3,false,false,FACULTY_ATTENDANCE_65,0.13,false,
CMP-1DF63695,2026-02-06 21:06:06,Anonymous Report,CSE,Transport,Bus Delay,bus 4 fir late ayi,0.22,4,false,true,TRANSPORT_BUS_DELAY_173,0.02,true,23
CMP-0238DE18,2026-02-06 22:45:11,WhatsApp,ECE,Training,Curriculum,training ka pace bahut fast hai kuch samajh nahi aa raha,0.13,2,true,true,TRAINING_TOC_MISMATCH_244,0.15,false,3
CMP-36611FE5,2026-02-06 22:54:25,WhatsApp,ECE,Academic,Attendance,attendance portal is showing wrong data for CS101,0.23,3,false,false,FACULTY_ATTENDANCE_65,0.21,false,
CMP-F5FE2EA8,2026-02-06 22:55:09,WhatsApp,ECE,Training,Curriculum,Topics outside the official TOC are being taught.,0.32,2,false,true,TRAINING_TOC_MISMATCH_244,0.25,false,43
CMP-E48B21A1,2026-02-06 23:31:17,Email,CSE,Academic,Attendance,Prof hasn't shown up for classes this whole week.,0.32,2,false,false,FACULTY_ATTENDANCE_236,0.2,true,
CMP-2E1BFE9E,2026-02-07 00:24:54,WhatsApp,CSE,Transport,Bus Delay,We are waiting at the stop for 1 hour for the college bus.,0.32,4,false,false,TRANSPORT_BUS_DELAY_173,0.1,false,
CMP-10BACF89,2026-02-07 00:33:03,WhatsApp,ECE,Transport,Bus Delay,We are waiting at the stop for 1 hour for the college bus.,0.13,2,true,true,TRANSPORT_BUS_DELAY_173,0.09,false,38
CMP-EAB9D539,2026-02-07 00:49:47,App,EEE,Training,Curriculum,The trainer is not following the announced syllabus.,0.32,3,true,true,TRAINING_TOC_MISMATCH_165,0.07,false,27
CMP-18AB9FCE,2026-02-07 05:12:25,Anonymous Report,CSE,Administration,Fees,Late fee was charged wrongly on my account.,0.26,3,true,true,FEE_ISSUE_202,0.16,true,35
CMP-34EB9801,2026-02-07 05:33:32,Anonymous Report,CSE,Training,Curriculum,Socket programming was introduced unexpectedly.,0.31,4,false,true,TRAINING_TOC_MISMATCH_244,0.12,false,43
CMP-D017638E,2026-02-07 05:34:06,Anonymous Report,ECE,Transport,Bus Delay,wee re waiting at the stop for 1 hour for the college bus.,0.2,3,false,true,TRANSPORT_BUS_DELAY_173,0.07,false,12
CMP-A474397A,2026-02-07 05:35:22,Email,CSE,Administration,Fees,extra charges in this semester fee structure?,0.11,3,false,true,FEE_ISSUE_202,0.17,false,31
CMP-C7144DF2,2026-02-07 07:02:58,Email,CSE,Training,Curriculum,topics skipped by placement trainer today,0.18,4,false,false,TRAINING_TOC_MISMATCH_165,0.22,false,
CMP-200DE6B7,2026-02-07 07:29:12,WhatsApp,CSE,Training,Curriculum,topics skippeed by plcement trainer today,0.35,2,false,true,TRAINING_TOC_MISMATCH_165,0.28,false,38
CMP-302E89B9,2026-02-07 07:42:39,App,ME,Training,Curriculum,The trainer is not following the announced syllabus.,0.19,3,false,false,TRAINING_TOC_MISMATCH_244,0.03,false,
CMP-A119589F,2026-02-07 07:43:50,WhatsApp,CE,Transport,Bus Delay,"Transport facility is very poor, bus never comes on time.",0.3,3,false,true,TRANSPORT_BUS_DELAY_173,0.0,false,42
CMP-B8D08D2D,2026-02-07 08:30:41,Email,CSE,Training,Curriculum,training ka pace bahut fast hai kuch samajh nahi aa raha,0.38,2,false,true,TRAINING_TOC_MISMATCH_244,0.02,false,30
CMP-44DD9CF7,2026-02-07 08:32:03,Email,Common,Transport,Bus Delay,"Transport facility is very poor, bus never comes on time.",0.19,4,true,true,TRANSPORT_BUS_DELAY_173,0.29,false,11
CMP-763BF04B,2026-02-07 09:42:17,App,Common,Training,Curriculum,sockeet progrmming was introduced unexpectedly.,0.16,2,false,true,TRAINING_TOC_MISMATCH_165,0.02,false,42
CMP-F15A5626,2026-02-07 11:05:30,WhatsApp,Common,Administration,Fees,refund not processed yet,0.39,3,false,true,FEE_ISSUE_202,0.15,true,5
CMP-419B8B9C,2026-02-07 11:39:08,Form,ME,Training,Curriculum,training ka pace bahut fast hai kuch samajh nahi aa raha,0.14,3,false,false,TRAINING_TOC_MISMATCH_165,0.26,false,
CMP-D337C526,2026-02-07 13:22:34,Form,CSE,Transport,Bus Delay,"Transport facility is very poor, bus never comes on time.",0.25,3,true,true,TRANSPORT_BUS_DELAY_173,0.23,false,1
CMP-36B1FFF3,2026-02-07 15:18:44,WhatsApp,CSE,Training,Curriculum,Socket programming was introduced unexpectedly.,0.11,3,false,true,TRAINING_TOC_MISMATCH_244,0.05,false,16
CMP-EF5C7F3E,2026-02-07 15:35:03,WhatsApp,EEE,Administration,Fees,Scholarship disbursement is delayed by 2 months.,0.33,3,false,false,FEE_ISSUE_202,0.0,false,
CMP-DDD550FD,2026-02-07 16:35:18,WhatsApp,CSE,Transport,Bus Delay,bus breekdown on highway again,0.4,2,false,true,TRANSPORT_BUS_DELAY_173,0.23,false,44
CMP-818BF4BA,2026-02-07 19:50:30,WhatsApp,CSE,Training,Curriculum,The trainer is not following the announced syllabus.,0.23,4,false,false,TRAINING_TOC_MISMATCH_244,0.15,true,
CMP-C9802EBA,2026-02-07 19:51:39,WhatsApp,CE,Training,Curriculum,The trainer is not following the announced syllabus.,0.29,4,true,true,TRAINING_TOC_MISMATCH_244,0.3,false,34
CMP-A3082E78,2026-02-07 21:31:12,WhatsApp,ME,Training,Curriculum,topics skipped by placement trainer today,0.13,3,true,false,TRAINING_TOC_MISMATCH_244,0.15,true,
CMP-C43A9FC8,2026-02-07 21:42:31,Anonymous Report,CSE,Transport,Bus Delay,We are waiting at the stop for 1 hour for the college bus.,0.25,2,true,true,TRANSPORT_BUS_DELAY_173,0.14,false,24
CMP-5A29E8C1,2026-02-07 23:12:14,Email,ECE,Transport,Bus Delay,We are waiting at the stop for 1 hour for the college bus.,0.37,4,false,false,TRANSPORT_BUS_DELAY_173,0.28,false,
CMP-545759E5,2026-02-07 23:23:46,Form,CSE,Transport,Bus Delay,bus routee 4 is delyed by 45 minutes.,0.24,4,true,false,TRANSPORT_BUS_DELAY_173,0.11,true,
CMP-810A2905,2026-02-08 01:57:51,WhatsApp,ECE,Placement,Scheduling,HR round postponed without notice,0.32,4,true,true,PLACEMENT_INTERVIEW_CLASH_115,0.29,false,16
CMP-1A638AED,2026-02-08 05:41:53,WhatsApp,CSE,Placement,Scheduling,HR round postponed without notice,0.25,4,true,true,PLACEMENT_INTERVIEW_CLASH_115,0.14,true,47
CMP-7468507B,2026-02-08 05:47:40,App,ECE,Placement,Scheduling,Interview slots are overlapping for multiple companies.,0.28,4,false,false,PLACEMENT_INTERVIEW_CLASH_115,0.28,false,
CMP-45739F05,2026-02-08 10:13:48,Anonymous Report,EEE,Placement,Scheduling,HR round postponed without notice,0.22,5,true,false,PLACEMENT_INTERVIEW_CLASH_115,0.01,false,
CMP-72BB591C,2026-02-08 10:16:18,Email,Common,Placement,Scheduling,Please reschedule the Infosys pre-placement talk.,0.26,5,true,true,PLACEMENT_INTERVIEW_CLASH_115,0.29,false,12
CMP-D3DF91D9,2026-02-08 12:12:03,Email,CE,Placement,Scheduling,placement cell is not responding to mails,0.3,5,false,false,PLACEMENT_INTERVIEW_CLASH_115,0.18,false,
CMP-44754878,2026-02-08 20:24:09,WhatsApp,MBA,Placement,Scheduling,placement drive and mid sem on same day??,0.16,4,false,true,PLACEMENT_INTERVIEW_CLASH_115,0.23,true,43
CMP-E84FA4A6,2026-02-09 00:02:14,Email,Common,Placement,Scheduling,Interview slots are overlapping for multiple companies.,0.34,5,false,false,PLACEMENT_INTERVIEW_CLASH_115,0.23,false,
CMP-D0D96FC0,2026-02-09 01:20:06,WhatsApp,CSE,Infrastructure,Network,librry wifi is compleetely dead. please fix it asap.,0.11,4,false,true,WIFI_OUTAGE_LIBRARY_33,0.02,false,25
CMP-558D0FB2,2026-02-09 01:22:38,Form,ECE,Placement,Scheduling,plceement drive and mid sem on same day??,0.28,4,true,false,PLACEMENT_INTERVIEW_CLASH_115,0.23,false,
CMP-78371FE7,2026-02-09 03:26:34,Form,ME,Placement,Scheduling,placement cell is not responding to mails,0.2,4,false,true,PLACEMENT_INTERVIEW_CLASH_115,0.0,false,11
CMP-26ABCC07,2026-02-09 03:38:18,Anonymous Report,ME,Placement,Scheduling,Please reschedule the Infosys pre-placement talk.,0.37,5,true,true,PLACEMENT_INTERVIEW_CLASH_115,0.14,false,33
CMP-508F66D8,2026-02-09 05:11:18,Anonymous Report,CE,Placement,Scheduling,Please reschedule the Infosys pre-placement talk.,0.35,4,true,true,PLACEMENT_INTERVIEW_CLASH_115,0.06,true,31
CMP-1981A038,2026-02-09 05:19:39,Form,CSE,Placement,Scheduling,plceement cell is not responding to mails,0.13,4,true,true,PLACEMENT_INTERVIEW_CLASH_115,0.03,false,26
CMP-7DD02E32,2026-02-09 05:31:42,WhatsApp,CSE,Transport,Bus Delay,"trnsport facility is veery poor, bus never comes on time.",0.28,3,false,true,TRANSPORT_BUS_DELAY_218,0.07,false,29
CMP-44E704AD,2026-02-09 05:42:42,App,CE,Infrastructure,Network,Unable to access internet in library,0.18,3,true,true,WIFI_OUTAGE_LIBRARY_33,0.01,false,28
CMP-2F8485E6,2026-02-09 06:01:43,WhatsApp,ECE,Infrastructure,Network,wifi firse gaya 😭 library me,0.11,4,false,false,WIFI_OUTAGE_LIBRARY_33,0.0,false,
CMP-E23A8595,2026-02-09 07:21:26,Anonymous Report,CSE,Placement,Scheduling,pleese reschedule the infosys pre-placement talk.,0.36,5,true,false,PLACEMENT_INTERVIEW_CLASH_115,0.03,false,
CMP-B347D39D,2026-02-09 08:01:01,Form,CSE,Infrastructure,Network,The Wi-Fi in the main library has been down for three days now.,0.4,3,true,true,WIFI_OUTAGE_LIBRARY_33,0.22,false,8
CMP-9DC10E10,2026-02-09 08:18:43,Email,ECE,Infrastructure,Network,No internet connection in the library again.,0.16,5,false,false,WIFI_OUTAGE_LIBRARY_33,0.29,false,
CMP-1AB334E1,2026-02-09 08:51:25,WhatsApp,ECE,Infrastructure,Network,Unable to access internet in library,0.16,4,false,true,WIFI_OUTAGE_LIBRARY_33,0.19,false,36
CMP-6FED56CD,2026-02-09 11:40:55,Form,CSE,Transport,Bus Delay,driver of bus 7 is very rude,0.39,2,false,true,TRANSPORT_BUS_DELAY_218,0.11,false,12
CMP-2A9AF09D,2026-02-09 12:09:25,WhatsApp,CE,Transport,Bus Delay,driver of bus 7 is very rude,0.3,4,false,true,TRANSPORT_BUS_DELAY_218,0.14,false,8
CMP-83C7D6CC,2026-02-09 13:39:39,WhatsApp,ECE,Transport,Bus Delay,driver of bus 7 is very rude,0.34,4,false,false,TRANSPORT_BUS_DELAY_218,0.22,false,
CMP-9829516A,2026-02-09 14:38:00,App,Common,Placement,Scheduling,TCS interview clashes with my final exam.,0.16,5,false,true,PLACEMENT_INTERVIEW_CLASH_115,0.3,true,24
CMP-B343B0F3,2026-02-09 14:38:29,Email,EEE,Transport,Bus Delay,bus 4 fir late ayi,0.17,2,false,true,TRANSPORT_BUS_DELAY_218,0.19,false,28
CMP-700879A5,2026-02-09 14:57:41,Email,ME,Transport,Bus Delay,bus breakdown on highway again,0.32,4,false,false,TRANSPORT_BUS_DELAY_218,0.28,true,
CMP-05F926AA,2026-02-09 17:20:13,WhatsApp,Common,Transport,Bus Delay,Bus route 4 is delayed by 45 minutes.,0.29,4,true,false,TRANSPORT_BUS_DELAY_218,0.01,false,
CMP-1E6582C1,2026-02-09 19:08:35,App,ECE,Placement,Scheduling,placement cell is not responding to mails,0.29,5,true,true,PLACEMENT_INTERVIEW_CLASH_115,0.27,false,35
CMP-104F7414,2026-02-09 19:41:50,WhatsApp,CSE,Infrastructure,Network,librry wifi is compleetely dead. please fix it asap.,0.17,3,true,false,WIFI_OUTAGE_LIBRARY_33,0.21,true,
CMP-02B159F9,2026-02-09 20:49:31,WhatsApp,CSE,Infrastructure,Network,library me net nahi chal raha kab thik hoga,0.27,3,false,true,WIFI_OUTAGE_LIBRARY_33,0.03,false,7
CMP-3FB2ED5B,2026-02-09 23:04:42,App,CSE,Placement,Scheduling,Interview slots are overlapping for multiple companies.,0.33,5,true,true,PLACEMENT_INTERVIEW_CLASH_115,0.05,false,41
CMP-0F1F2E44,2026-02-09 23:17:00,WhatsApp,CSE,Infrastructure,Network,No internet connection in the library again.,0.38,3,false,true,WIFI_OUTAGE_LIBRARY_33,0.22,false,7
CMP-04E66FF1,2026-02-10 01:04:00,Email,ECE,Harassment,Bullying,Please take action against ragging in boys hostel,0.12,5,true,true,HARASSMENT_REPORT_97,0.82,false,16
CMP-F40DF8AC,2026-02-10 01:05:43,WhatsApp,CSE,Administration,Fees,Scholarship disbursement is delayed by 2 months.,0.35,3,false,true,FEE_ISSUE_64,0.14,false,39
CMP-DD2BB23F,2026-02-10 01:14:33,Anonymous Report,CSE,Transport,Bus Delay,bus 4 fir late ayi,0.11,3,false,false,TRANSPORT_BUS_DELAY_218,0.15,true,
CMP-654C1957,2026-02-10 01:25:52,Email,CE,Harassment,Bullying,Please take action against ragging in boys hostel,0.37,5,true,false,HARASSMENT_REPORT_97,0.84,true,
CMP-1223D606,2026-02-10 01:44:55,Email,CSE,Infrastructure,Network,library network outage since morning,0.11,4,false,false,WIFI_OUTAGE_LIBRARY_33,0.03,false,
CMP-9C78FE03,2026-02-10 01:57:10,Email,ME,Administration,Fees,Late fee was charged wrongly on my account.,0.3,4,true,true,FEE_ISSUE_64,0.06,true,45
CMP-EB2A4C75,2026-02-10 02:58:25,WhatsApp,CSE,Harassment,Bullying,constant bullying by batchmates,0.3,5,true,true,HARASSMENT_REPORT_97,0.86,false,1
CMP-4F3D6AFC,2026-02-10 03:29:16,WhatsApp,MBA,Transport,Bus Delay,driver of bus 7 is very rude,0.2,4,false,false,TRANSPORT_BUS_DELAY_218,0.2,true,
CMP-3B541D87,2026-02-10 04:25:41,Form,ECE,Harassment,Bullying,Anonymous harassment on college group,0.12,5,true,true,HARASSMENT_REPORT_97,0.69,false,10
CMP-5A3EE04B,2026-02-10 05:36:26,Email,ECE,Infrastructure,Network,Unable to access internet in library,0.23,5,true,true,WIFI_OUTAGE_LIBRARY_33,0.08,false,29
CMP-5A016598,2026-02-10 07:06:37,Email,ECE,Transport,Bus Delay,Bus route 4 is delayed by 45 minutes.,0.33,2,true,true,TRANSPORT_BUS_DELAY_218,0.01,false,37
CMP-FEEC8CC8,2026-02-10 07:31:58,WhatsApp,Common,Administration,Fees,Late fee was charged wrongly on my account.,0.26,3,false,false,FEE_ISSUE_64,0.0,false,
CMP-4F13ED11,2026-02-10 07:45:33,Email,ECE,Infrastructure,Network,wifi firse gaya 😭 library me,0.12,4,false,true,WIFI_OUTAGE_LIBRARY_33,0.11,false,29
CMP-FF4B2717,2026-02-10 08:44:38,Email,CSE,Transport,Bus Delay,driveer of bus 7 is very rude,0.31,4,false,false,TRANSPORT_BUS_DELAY_218,0.28,false,
CMP-21B5A19A,2026-02-10 10:04:41,WhatsApp,CSE,Transport,Bus Delay,Bus route 4 is delayed by 45 minutes.,0.13,4,false,true,TRANSPORT_BUS_DELAY_218,0.08,true,45
CMP-5E205CD2,2026-02-10 11:02:32,WhatsApp,CSE,Transport,Bus Delay,driver of bus 7 is very rude,0.32,2,true,true,TRANSPORT_BUS_DELAY_218,0.11,false,43
CMP-E7830B83,2026-02-10 11:16:33,Form,CE,Transport,Bus Delay,bus 4 fir late ayi,0.27,2,false,false,TRANSPORT_BUS_DELAY_218,0.09,false,
CMP-48F5AFE8,2026-02-10 11:28:14,App,CSE,Administration,Fees,eextr charges in this semester fee structure?,0.17,4,false,true,FEE_ISSUE_64,0.05,true,4
CMP-35D03334,2026-02-10 11:52:49,App,CE,Administration,Fees,extra charges in this semester fee structure?,0.2,3,false,true,FEE_ISSUE_64,0.13,false,7
CMP-A68815A9,2026-02-10 15:46:54,Anonymous Report,CSE,Transport,Bus Delay,driver of bus 7 is very rude,0.37,4,true,true,TRANSPORT_BUS_DELAY_218,0.18,false,34
CMP-AC5C97BA,2026-02-10 16:54:27,App,CE,Infrastructure,Network,no inteernet connection in the librry again.,0.32,3,false,true,WIFI_OUTAGE_LIBRARY_33,0.21,true,14
CMP-225082EE,2026-02-10 16:58:23,Email,CSE,Transport,Bus Delay,wee re waiting at the stop for 1 hour for the college bus.,0.2,2,false,false,TRANSPORT_BUS_DELAY_218,0.06,true,
CMP-3934F477,2026-02-10 17:48:10,Form,CSE,Administration,Fees,Scholarship disbursement is delayed by 2 months.,0.31,4,false,true,FEE_ISSUE_64,0.3,false,30
CMP-36F3A0FD,2026-02-10 18:15:27,WhatsApp,CE,Transport,Bus Delay,"Transport facility is very poor, bus never comes on time.",0.34,3,false,false,TRANSPORT_BUS_DELAY_218,0.23,false,
CMP-8D092A5C,2026-02-10 19:34:58,WhatsApp,ECE,Transport,Bus Delay,"Transport facility is very poor, bus never comes on time.",0.22,4,false,false,TRANSPORT_BUS_DELAY_218,0.17,false,
CMP-254E51DE,2026-02-10 19:45:03,App,CE,Infrastructure,Network,library wifi is completely dead. Please fix it ASAP.,0.25,5,true,false,WIFI_OUTAGE_LIBRARY_33,0.14,false,
CMP-6982D6BA,2026-02-10 21:03:59,WhatsApp,Common,Infrastructure,Network,librry mee net nahi chal raha kab thik hoga,0.18,4,true,true,WIFI_OUTAGE_LIBRARY_33,0.15,false,42
CMP-D35C8635,2026-02-10 21:23:16,WhatsApp,ME,Infrastructure,Network,wifi firsee gya 😭 library me,0.17,5,false,false,WIFI_OUTAGE_LIBRARY_33,0.11,false,
CMP-D346C45F,2026-02-10 21:43:48,Email,ECE,Administration,Fees,extra charges in this semester fee structure?,0.29,4,true,true,FEE_ISSUE_64,0.19,false,2
CMP-C2897783,2026-02-10 22:00:30,Anonymous Report,CSE,Infrastructure,Network,library wifi is completely dead. Please fix it ASAP.,0.29,4,false,true,WIFI_OUTAGE_LIBRARY_33,0.28,true,26
CMP-6E77D9BB,2026-02-10 23:28:25,Form,ME,Administration,Fees,Scholarship disbursement is delayed by 2 months.,0.23,4,false,true,FEE_ISSUE_64,0.25,false,35
CMP-2D75C247,2026-02-11 00:38:01,WhatsApp,Common,Administration,Fees,refund not processed yet,0.4,3,true,true,FEE_ISSUE_64,0.29,false,21
CMP-8A207D65,2026-02-11 03:18:53,Form,CSE,Harassment,Bullying,Seniors are ragging in the hostel block.,0.1,5,true,true,HARASSMENT_REPORT_62,0.64,false,44
CMP-BB1EA29D,2026-02-11 03:58:55,Anonymous Report,EEE,Harassment,Bullying,Please take action against ragging in boys hostel,0.23,5,true,true,HARASSMENT_REPORT_97,0.88,false,21
CMP-EE55A3A8,2026-02-11 04:22:05,WhatsApp,CSE,Administration,Fees,Scholarship disbursement is delayed by 2 months.,0.15,4,false,true,FEE_ISSUE_64,0.09,false,45
CMP-082000AE,2026-02-11 05:27:20,App,ECE,Administration,Fees,Late fee was charged wrongly on my account.,0.1,4,true,true,FEE_ISSUE_64,0.04,false,13
CMP-0F1A0517,2026-02-11 06:40:36,WhatsApp,ME,Hostel,Food Hygiene,I got food poisoning after eating dinner yesterday.,0.38,5,true,true,MESS_FOOD_POISONING_5,0.13,false,16
CMP-9C004738,2026-02-11 07:01:25,Form,ME,Hostel,Food Hygiene,found  bug in my salad at thee main cafeteria.,0.36,4,false,false,MESS_FOOD_POISONING_5,0.26,true,
CMP-35F706F0,2026-02-11 08:28:29,Email,CSE,Academic,Exams,mid sem dates are clashing with technical fest,0.28,5,true,true,EXAM_SCHEDULE_ISSUE_217,0.04,false,30
CMP-2E92FB4F,2026-02-11 08:34:46,WhatsApp,ECE,Harassment,Bullying,Seniors are ragging in the hostel block.,0.38,5,true,true,HARASSMENT_REPORT_97,0.71,false,45
CMP-BD4708CC,2026-02-11 08:56:09,Form,CSE,Harassment,Bullying,Seniors are ragging in the hostel block.,0.31,5,true,false,HARASSMENT_REPORT_97,0.85,false,
CMP-6C244AD5,2026-02-11 09:30:19,WhatsApp,CSE,Administration,Fees,"fee portal is down, last date tomorrow",0.25,4,false,true,FEE_ISSUE_64,0.1,false,34
CMP-150751C1,2026-02-11 09:31:49,Anonymous Report,ECE,Administration,Fees,Late fee was charged wrongly on my account.,0.15,4,true,false,FEE_ISSUE_64,0.12,false,
CMP-CE886D69,2026-02-11 10:46:54,App,Common,Training,Curriculum,The trainer is not following the announced syllabus.,0.32,4,false,true,TRAINING_TOC_MISMATCH_121,0.03,false,9
CMP-703787EF,2026-02-11 11:56:08,App,MBA,Harassment,Bullying,constant bullying by batchmates,0.38,5,false,false,HARASSMENT_REPORT_62,0.71,true,
CMP-5798438C,2026-02-11 14:06:41,Email,Common,Hostel,Food Hygiene,mess food is unhygienic and causing health issues,0.25,4,true,true,MESS_FOOD_POISONING_5,0.22,false,25
CMP-EA83A379,2026-02-11 14:28:27,App,CSE,Administration,Fees,"fee portal is down, last date tomorrow",0.25,3,false,false,FEE_ISSUE_64,0.1,false,
CMP-03559E78,2026-02-11 14:42:35,App,CSE,Academic,Exams,thee cs101 finl exam schedule conflicts with the ma201 exam.,0.3,4,false,false,EXAM_SCHEDULE_ISSUE_217,0.28,false,
CMP-FFC8CC5D,2026-02-11 14:58:51,WhatsApp,ME,Hostel,Food Hygiene,Mess food quality in hostel B has deteriorated significantly.,0.13,5,true,false,MESS_FOOD_POISONING_5,0.24,false,
CMP-C8DD5A70,2026-02-11 14:59:29,Anonymous Report,CE,Hostel,Food Hygiene,stale food served in hostel B dinner,0.32,5,true,true,MESS_FOOD_POISONING_5,0.1,false,45
CMP-87004BE3,2026-02-11 15:17:17,WhatsApp,CSE,Training,Curriculum,Trainer is rushing through JDBC concepts.,0.15,2,false,true,TRAINING_TOC_MISMATCH_121,0.28,false,46
CMP-92E7C710,2026-02-11 15:41:40,Email,ECE,Hostel,Food Hygiene,Found a bug in my salad at the main cafeteria.,0.19,5,true,true,MESS_FOOD_POISONING_5,0.05,true,32
CMP-1647C7F2,2026-02-11 15:58:58,Email,CSE,Harassment,Bullying,Anonymous harassment on college group,0.2,5,true,true,HARASSMENT_REPORT_97,0.85,true,37
CMP-41060035,2026-02-11 16:15:33,WhatsApp,ME,Administration,Fees,eextr charges in this semester fee structure?,0.16,3,false,false,FEE_ISSUE_64,0.17,false,
CMP-53CFC26E,2026-02-11 16:16:27,WhatsApp,CSE,Academic,Exams,"exam schedule is too tight, no prep leaves",0.38,4,false,true,EXAM_SCHEDULE_ISSUE_217,0.02,false,3
CMP-CABF048C,2026-02-11 16:40:59,WhatsApp,EEE,Administration,Fees,"fee portal is down, last date tomorrow",0.37,4,true,true,FEE_ISSUE_64,0.25,true,16
CMP-4B914D40,2026-02-11 16:42:35,WhatsApp,Common,Hostel,Food Hygiene,Mess food quality in hostel B has deteriorated significantly.,0.23,4,true,true,MESS_FOOD_POISONING_5,0.25,false,33
CMP-5FC5BA33,2026-02-11 17:31:39,Anonymous Report,Common,Administration,Fees,Scholarship disbursement is delayed by 2 months.,0.22,4,false,true,FEE_ISSUE_64,0.05,true,30
CMP-4D63070B,2026-02-11 17:56:06,WhatsApp,ECE,Hostel,Food Hygiene,I got food poisoning after eating dinner yesterday.,0.28,5,true,false,MESS_FOOD_POISONING_5,0.01,false,
CMP-F055D31F,2026-02-11 17:57:55,WhatsApp,CE,Hostel,Food Hygiene,Food quality in the mess has degraded significantly.,0.31,4,true,true,MESS_FOOD_POISONING_5,0.24,true,2
CMP-19CC664B,2026-02-11 18:15:00,WhatsApp,MBA,Harassment,Bullying,Facing toxic behavior from a faculty member.,0.35,5,true,true,HARASSMENT_REPORT_62,0.75,false,14
CMP-4CF594F5,2026-02-11 18:19:43,WhatsApp,ECE,Academic,Exams,The CS101 final exam schedule conflicts with the MA201 exam.,0.26,5,true,true,EXAM_SCHEDULE_ISSUE_217,0.06,false,41
CMP-A869465B,2026-02-11 18:32:48,Form,ME,Harassment,Bullying,Seniors are ragging in the hostel block.,0.27,5,true,false,HARASSMENT_REPORT_97,0.81,false,
CMP-97D5E6F2,2026-02-11 19:03:40,WhatsApp,Common,Harassment,Bullying,Please take action against ragging in boys hostel,0.13,5,true,true,HARASSMENT_REPORT_97,0.72,false,2
CMP-C7F3A4FE,2026-02-11 19:19:57,WhatsApp,CSE,Hostel,Food Hygiene,Mess food quality in hostel B has deteriorated significantly.,0.28,5,true,true,MESS_FOOD_POISONING_5,0.22,false,1
CMP-E70A16B3,2026-02-11 19:57:06,WhatsApp,ECE,Harassment,Bullying,Anonymous harassment on college group,0.28,5,true,false,HARASSMENT_REPORT_62,0.63,false,
CMP-D16A3071,2026-02-11 20:16:17,Email,CSE,Harassment,Bullying,Anonymous harassment on college group,0.14,5,true,false,HARASSMENT_REPORT_62,0.65,true,
CMP-F4E98753,2026-02-11 20:25:37,Email,CSE,Academic,Exams,"exam schedule is too tight, no prep leaves",0.2,5,true,false,EXAM_SCHEDULE_ISSUE_217,0.19,false,
CMP-FAE3EE18,2026-02-11 20:26:10,WhatsApp,CSE,Harassment,Bullying,constant bullying by batchmates,0.27,5,true,false,HARASSMENT_REPORT_97,0.74,false,
CMP-B8037C87,2026-02-11 20:53:21,Form,CSE,Administration,Fees,Late fee was charged wrongly on my account.,0.12,3,false,false,FEE_ISSUE_64,0.25,false,
CMP-3C111255,2026-02-11 20:57:22,Form,CSE,Harassment,Bullying,anonymous hrassmeent on college group,0.27,5,true,true,HARASSMENT_REPORT_97,0.86,false,16
CMP-68F601E4,2026-02-11 21:45:11,WhatsApp,CSE,Administration,Fees,refund not processed yet,0.23,3,false,false,FEE_ISSUE_64,0.18,true,
CMP-E69C9146,2026-02-11 22:23:48,App,ECE,Hostel,Food Hygiene,Found a bug in my salad at the main cafeteria.,0.27,4,true,true,MESS_FOOD_POISONING_5,0.12,true,34
CMP-FABCA896,2026-02-11 23:18:44,Form,CSE,Academic,Exams,mid sem dates are clashing with technical fest,0.12,5,false,true,EXAM_SCHEDULE_ISSUE_217,0.14,false,21
CMP-D47C5B83,2026-02-11 23:24:33,Email,ECE,Harassment,Bullying,Seniors are ragging in the hostel block.,0.3,5,true,true,HARASSMENT_REPORT_97,0.8,true,5
CMP-08C86401,2026-02-12 00:22:31,Form,ECE,Harassment,Bullying,anonymous hrassmeent on college group,0.11,5,true,true,HARASSMENT_REPORT_62,0.89,false,47
CMP-E01195CD,2026-02-12 00:52:10,WhatsApp,CSE,Administration,Fees,refund not processed yet,0.11,3,false,false,FEE_ISSUE_8,0.23,false,
CMP-FA6D3CA3,2026-02-12 01:14:19,WhatsApp,MBA,Harassment,Bullying,constant bullying by batchmates,0.13,5,true,true,HARASSMENT_REPORT_62,0.82,false,27
CMP-B927C40B,2026-02-12 02:41:10,WhatsApp,CSE,Transport,Bus Delay,bus 4 fir late ayi,0.21,4,false,true,TRANSPORT_BUS_DELAY_188,0.25,false,41
CMP-63CFEFE5,2026-02-12 02:49:47,WhatsApp,CSE,Training,Curriculum,training ka pace bahut fast hai kuch samajh nahi aa raha,0.26,4,false,true,TRAINING_TOC_MISMATCH_121,0.21,false,6
CMP-8B217D75,2026-02-12 02:52:53,Email,CSE,Administration,Fees,"fee portal is down, last date tomorrow",0.32,3,false,false,FEE_ISSUE_8,0.16,false,
CMP-3BAC29AB,2026-02-12 03:13:47,WhatsApp,Common,Administration,Fees,scholrship disburseement is delayed by 2 months.,0.16,3,false,false,FEE_ISSUE_8,0.08,false,
CMP-8D78CBD0,2026-02-12 03:20:54,Email,CE,Academic,Exams,The CS101 final exam schedule conflicts with the MA201 exam.,0.31,3,false,true,EXAM_SCHEDULE_ISSUE_217,0.18,false,19
CMP-C0615FA4,2026-02-12 04:00:52,WhatsApp,CE,Placement,Scheduling,tcs inteerview clshes with my final exam.,0.15,4,true,true,PLACEMENT_INTERVIEW_CLASH_154,0.15,false,15
CMP-4F5E4A7A,2026-02-12 04:22:16,Email,CSE,Training,Curriculum,topics skipped by placement trainer today,0.23,2,false,true,TRAINING_TOC_MISMATCH_121,0.11,false,25
CMP-66D2AF6D,2026-02-12 05:41:18,WhatsApp,CSE,Academic,Exams,2 exams on the same day is unfair,0.27,5,false,true,EXAM_SCHEDULE_ISSUE_217,0.09,false,13
CMP-5EB0F3AE,2026-02-12 06:30:58,App,CSE,Administration,Fees,"fee portal is down, last date tomorrow",0.17,4,false,true,FEE_ISSUE_8,0.26,false,42
CMP-0827CCD6,2026-02-12 07:17:26,Email,MBA,Transport,Bus Delay,Bus route 4 is delayed by 45 minutes.,0.14,3,false,true,TRANSPORT_BUS_DELAY_188,0.22,true,48
CMP-B357430D,2026-02-12 09:13:32,Anonymous Report,CSE,Academic,Exams,2 exams on the same day is unfair,0.24,5,false,true,EXAM_SCHEDULE_ISSUE_217,0.25,false,46
CMP-68C02C04,2026-02-12 10:30:02,WhatsApp,ECE,Training,Curriculum,topics skipped by placement trainer today,0.19,2,false,false,TRAINING_TOC_MISMATCH_121,0.16,false,
CMP-EFAA42DE,2026-02-12 11:11:55,App,Common,Placement,Scheduling,Interview slots are overlapping for multiple companies.,0.39,5,true,true,PLACEMENT_INTERVIEW_CLASH_154,0.05,false,37
CMP-27F1BD38,2026-02-12 12:11:54,Email,MBA,Placement,Scheduling,TCS interview clashes with my final exam.,0.3,4,false,false,PLACEMENT_INTERVIEW_CLASH_154,0.27,false,
CMP-D6CCC58A,2026-02-12 12:15:52,Anonymous Report,CSE,Academic,Exams,mid sem dates are clashing with technical fest,0.24,3,false,true,EXAM_SCHEDULE_ISSUE_217,0.1,true,20
CMP-17DE1FB2,2026-02-12 13:13:44,Email,ECE,Hostel,Food Hygiene,stale food served in hostel B dinner,0.23,5,false,true,MESS_FOOD_POISONING_5,0.26,false,46
CMP-42D9D7D8,2026-02-12 13:16:43,App,CSE,Academic,Exams,The CS101 final exam schedule conflicts with the MA201 exam.,0.29,5,true,true,EXAM_SCHEDULE_ISSUE_217,0.1,false,47
CMP-8D64AF08,2026-02-12 13:49:28,WhatsApp,CSE,Harassment,Bullying,Facing toxic behavior from a faculty member.,0.27,5,true,true,HARASSMENT_REPORT_62,0.89,false,23
CMP-EFC3F1CA,2026-02-12 13:52:53,Email,Common,Training,Curriculum,Socket programming was introduced unexpectedly.,0.36,3,true,true,TRAINING_TOC_MISMATCH_121,0.29,false,17
CMP-65583AC0,2026-02-12 14:10:21,WhatsApp,CE,Hostel,Food Hygiene,Mess food quality in hostel B has deteriorated significantly.,0.35,5,true,false,MESS_FOOD_POISONING_5,0.07,true,
CMP-302ECB98,2026-02-12 14:43:09,Email,Common,Placement,Scheduling,placement drive and mid sem on same day??,0.24,4,false,true,PLACEMENT_INTERVIEW_CLASH_154,0.22,false,22
CMP-120A8098,2026-02-12 15:08:24,Email,CSE,Training,Curriculum,training ka pace bahut fast hai kuch samajh nahi aa raha,0.28,2,false,true,TRAINING_TOC_MISMATCH_121,0.28,true,15
CMP-0A81024F,2026-02-12 15:21:17,Anonymous Report,CSE,Training,Curriculum,training ka pace bahut fast hai kuch samajh nahi aa raha,0.38,4,true,false,TRAINING_TOC_MISMATCH_121,0.15,false,
CMP-E0A8D4A5,2026-02-12 15:43:28,Form,CE,Harassment,Bullying,Seniors are ragging in the hostel block.,0.28,5,true,false,HARASSMENT_REPORT_62,0.68,false,
CMP-F01ADE11,2026-02-12 16:36:16,Anonymous Report,CE,Transport,Bus Delay,"Transport facility is very poor, bus never comes on time.",0.31,2,false,false,TRANSPORT_BUS_DELAY_188,0.17,false,
CMP-BFA7EDC2,2026-02-12 16:40:35,WhatsApp,CSE,Training,Curriculum,The trainer is not following the announced syllabus.,0.35,4,false,true,TRAINING_TOC_MISMATCH_121,0.07,false,48
CMP-9579F826,2026-02-12 18:35:52,Email,ECE,Harassment,Bullying,Please take action against ragging in boys hostel,0.39,5,false,true,HARASSMENT_REPORT_62,0.73,false,5
CMP-E2827E17,2026-02-12 18:41:42,Email,CSE,Hostel,Food Hygiene,Food quality in the mess has degraded significantly.,0.16,4,false,false,MESS_FOOD_POISONING_5,0.07,false,
CMP-7ADAA927,2026-02-12 18:44:09,Email,CSE,Hostel,Food Hygiene,I got food poisoning after eating dinner yesterday.,0.3,5,true,false,MESS_FOOD_POISONING_5,0.13,false,
CMP-29D5A1C5,2026-02-12 18:45:32,Form,Common,Placement,Scheduling,Interview slots are overlapping for multiple companies.,0.15,5,false,true,PLACEMENT_INTERVIEW_CLASH_154,0.15,false,23
CMP-07C48A05,2026-02-12 18:51:58,WhatsApp,CSE,Academic,Exams,syllabus for exams not declared yet,0.39,3,false,false,EXAM_SCHEDULE_ISSUE_217,0.23,false,
CMP-B29A9345,2026-02-12 18:56:05,App,CSE,Administration,Fees,Scholarship disbursement is delayed by 2 months.,0.25,3,true,true,FEE_ISSUE_8,0.24,false,13
CMP-AF1C8956,2026-02-12 19:11:18,Email,CSE,Harassment,Bullying,constant bullying by batchmates,0.32,5,true,true,HARASSMENT_REPORT_62,0.82,true,31
CMP-A2CA8512,2026-02-12 19:23:19,WhatsApp,ECE,Administration,Fees,refund not processed yet,0.14,3,false,false,FEE_ISSUE_8,0.15,false,
CMP-F44280CA,2026-02-12 19:40:29,Email,ME,Placement,Scheduling,plceement drive and mid sem on same day??,0.32,5,true,true,PLACEMENT_INTERVIEW_CLASH_154,0.04,false,43
CMP-0684C9D3,2026-02-12 20:25:45,Form,CSE,Harassment,Bullying,fcing toxic beehavior from a faculty member.,0.37,5,true,true,HARASSMENT_REPORT_62,0.72,false,40
CMP-EF12B5E4,2026-02-12 20:28:12,Email,CSE,Administration,Fees,Late fee was charged wrongly on my account.,0.26,3,false,true,FEE_ISSUE_8,0.25,true,25
CMP-E5EA5FC5,2026-02-12 21:14:21,App,CSE,Administration,Fees,Scholarship disbursement is delayed by 2 months.,0.38,3,false,true,FEE_ISSUE_8,0.16,false,22
CMP-8B1161B6,2026-02-12 21:17:16,Email,CSE,Transport,Bus Delay,bus breakdown on highway again,0.36,4,false,false,TRANSPORT_BUS_DELAY_188,0.15,false,
CMP-AB234951,2026-02-12 21:23:59,Form,ECE,Administration,Fees,scholrship disburseement is delayed by 2 months.,0.29,4,true,true,FEE_ISSUE_8,0.13,false,3
CMP-458DF119,2026-02-12 22:06:22,App,Common,Academic,Exams,2 exams on the same day is unfair,0.17,5,true,true,EXAM_SCHEDULE_ISSUE_217,0.12,true,6
CMP-BB0564E2,2026-02-12 22:07:20,Email,CSE,Hostel,Food Hygiene,"mess ka khana bahut kharab hai, log beemar pad rahe hain",0.16,5,true,false,MESS_FOOD_POISONING_5,0.19,false,
CMP-137895FD,2026-02-12 22:27:54,Email,CE,Hostel,Food Hygiene,Food quality in the mess has degraded significantly.,0.11,4,false,true,MESS_FOOD_POISONING_5,0.16,false,39
CMP-AE9F0A21,2026-02-12 22:42:59,Form,Common,Harassment,Bullying,Anonymous harassment on college group,0.29,5,true,true,HARASSMENT_REPORT_62,0.87,true,9
CMP-10CA005B,2026-02-13 00:17:43,Form,CSE,Placement,Scheduling,placement cell is not responding to mails,0.29,5,true,true,PLACEMENT_INTERVIEW_CLASH_154,0.18,true,2
CMP-392302AC,2026-02-13 00:41:11,WhatsApp,ECE,Administration,Fees,extra charges in this semester fee structure?,0.35,3,true,true,FEE_ISSUE_8,0.25,false,10
CMP-F130BAEA,2026-02-13 01:47:44,WhatsApp,ECE,Infrastructure,Network,The Wi-Fi in the main library has been down for three days now.,0.33,5,false,true,WIFI_OUTAGE_LIBRARY_89,0.28,false,43
CMP-CB6A10E8,2026-02-13 02:36:24,Anonymous Report,CSE,Infrastructure,Network,library me net nahi chal raha kab thik hoga,0.1,5,false,true,WIFI_OUTAGE_LIBRARY_89,0.12,false,35
CMP-EC9737D3,2026-02-13 02:51:45,Email,Common,Administration,Fees,refund not processed yet,0.18,3,false,false,FEE_ISSUE_8,0.19,false,
CMP-3D58C23A,2026-02-13 05:29:13,Form,ECE,Transport,Bus Delay,We are waiting at the stop for 1 hour for the college bus.,0.2,2,false,true,TRANSPORT_BUS_DELAY_188,0.15,false,10
CMP-8B56B352,2026-02-13 05:39:59,WhatsApp,CSE,Administration,Fees,refund not processed yet,0.29,3,false,true,FEE_ISSUE_8,0.28,true,25
CMP-7CF839AB,2026-02-13 05:43:24,Email,ECE,Placement,Scheduling,placement drive and mid sem on same day??,0.21,5,true,true,PLACEMENT_INTERVIEW_CLASH_154,0.04,false,21
CMP-5F6E96AE,2026-02-13 05:59:00,Email,ME,Infrastructure,Network,library network outage since morning,0.15,3,false,true,WIFI_OUTAGE_LIBRARY_89,0.13,false,38
CMP-7532A3DD,2026-02-13 07:09:44,Form,ME,Administration,Fees,refund not processed yet,0.29,4,false,false,FEE_ISSUE_8,0.02,false,
CMP-C161353B,2026-02-13 07:31:23,WhatsApp,Common,Infrastructure,Network,library wifi is completely dead. Please fix it ASAP.,0.33,4,true,true,WIFI_OUTAGE_LIBRARY_89,0.27,false,3
CMP-3B9D59FA,2026-02-13 08:48:05,Form,ECE,Administration,Fees,extra charges in this semester fee structure?,0.29,4,false,true,FEE_ISSUE_8,0.15,false,30
CMP-9D8086D4,2026-02-13 10:10:07,App,ECE,Transport,Bus Delay,Bus route 4 is delayed by 45 minutes.,0.12,4,false,false,TRANSPORT_BUS_DELAY_188,0.07,true,
CMP-B85EA2CA,2026-02-13 10:16:21,Anonymous Report,CSE,Placement,Scheduling,placement cell is not responding to mails,0.34,5,true,true,PLACEMENT_INTERVIEW_CLASH_154,0.29,false,37
CMP-93335A45,2026-02-13 11:21:58,WhatsApp,CE,Administration,Fees,eextr charges in this semester fee structure?,0.39,3,true,true,FEE_ISSUE_8,0.2,false,37
CMP-F527B76C,2026-02-13 13:08:27,WhatsApp,CSE,Placement,Scheduling,Interview slots are overlapping for multiple companies.,0.38,4,true,true,PLACEMENT_INTERVIEW_CLASH_154,0.21,true,10
CMP-8D151E45,2026-02-13 14:19:24,WhatsApp,ME,Placement,Scheduling,TCS interview clashes with my final exam.,0.12,5,true,false,PLACEMENT_INTERVIEW_CLASH_154,0.06,false,
CMP-4EB8B67B,2026-02-13 14:51:34,WhatsApp,Common,Infrastructure,Network,wifi firse gaya 😭 library me,0.35,5,false,true,WIFI_OUTAGE_LIBRARY_89,0.12,false,15
CMP-CBE1B0A4,2026-02-13 16:02:24,Email,ECE,Placement,Scheduling,HR round postponed without notice,0.36,5,true,true,PLACEMENT_INTERVIEW_CLASH_154,0.16,false,41
CMP-97B98CA2,2026-02-13 16:38:29,WhatsApp,CSE,Placement,Scheduling,HR round postponed without notice,0.22,4,true,true,PLACEMENT_INTERVIEW_CLASH_154,0.09,false,24
CMP-04DCA042,2026-02-13 17:04:37,Form,CSE,Transport,Bus Delay,Bus route 4 is delayed by 45 minutes.,0.28,3,true,false,TRANSPORT_BUS_DELAY_188,0.28,false,
CMP-A2B4198A,2026-02-13 17:56:24,App,ECE,Infrastructure,Network,wifi firse gaya 😭 library me,0.33,4,false,true,WIFI_OUTAGE_LIBRARY_89,0.06,true,4
CMP-A48AC7E4,2026-02-13 19:25:06,WhatsApp,Common,Infrastructure,Network,library network outage since morning,0.27,3,false,false,WIFI_OUTAGE_LIBRARY_89,0.12,false,
CMP-32E5FCB3,2026-02-13 19:30:49,WhatsApp,Common,Placement,Scheduling,Please reschedule the Infosys pre-placement talk.,0.16,5,false,true,PLACEMENT_INTERVIEW_CLASH_154,0.25,false,20
CMP-CEDF2ED4,2026-02-13 20:05:12,Email,ME,Administration,Fees,Scholarship disbursement is delayed by 2 months.,0.29,4,false,false,FEE_ISSUE_8,0.18,false,
CMP-DAA44C16,2026-02-13 21:59:26,Anonymous Report,ECE,Placement,Scheduling,placement drive and mid sem on same day??,0.16,5,true,true,PLACEMENT_INTERVIEW_CLASH_154,0.16,true,40
CMP-36634FFF,2026-02-13 23:01:39,App,CSE,Infrastructure,Network,library network outage since morning,0.12,5,false,false,WIFI_OUTAGE_LIBRARY_89,0.17,false,
CMP-4F1D2EC4,2026-02-13 23:07:21,WhatsApp,EEE,Administration,Fees,Late fee was charged wrongly on my account.,0.39,3,true,true,FEE_ISSUE_8,0.15,true,46
CMP-75C11172,2026-02-13 23:15:34,Form,ECE,Administration,Fees,"fee portal is down, last date tomorrow",0.25,4,false,false,FEE_ISSUE_8,0.25,true,
CMP-D4B10B45,2026-02-13 23:25:49,Email,Common,Placement,Scheduling,Interview slots are overlapping for multiple companies.,0.37,4,false,false,PLACEMENT_INTERVIEW_CLASH_154,0.05,false,
CMP-8B38AFC0,2026-02-13 23:43:26,WhatsApp,ECE,Transport,Bus Delay,bus 4 fir late ayi,0.12,3,false,false,TRANSPORT_BUS_DELAY_188,0.17,false,
CMP-92C41499,2026-02-14 00:07:45,Email,ME,Administration,Fees,extra charges in this semester fee structure?,0.25,3,true,true,FEE_ISSUE_67,0.13,false,39
CMP-98B0297C,2026-02-14 00:08:28,App,CSE,Hostel,Food Hygiene,Food quality in the mess has degraded significantly.,0.25,4,true,true,MESS_FOOD_POISONING_145,0.28,true,14
CMP-4F2CD06D,2026-02-14 00:45:29,Form,CSE,Administration,Fees,reefund not processed yet,0.24,3,false,true,FEE_ISSUE_67,0.03,false,20
CMP-AC420EA7,2026-02-14 02:14:04,Anonymous Report,ECE,Placement,Scheduling,placement cell is not responding to mails,0.25,4,true,false,PLACEMENT_INTERVIEW_CLASH_57,0.24,false,
CMP-39F02F75,2026-02-14 02:18:02,Anonymous Report,Common,Hostel,Food Hygiene,Food quality in the mess has degraded significantly.,0.31,4,true,true,MESS_FOOD_POISONING_145,0.15,false,26
CMP-E073D293,2026-02-14 02:25:34,WhatsApp,ME,Placement,Scheduling,TCS interview clashes with my final exam.,0.36,4,true,true,PLACEMENT_INTERVIEW_CLASH_57,0.23,false,45
CMP-403FFE79,2026-02-14 02:51:02,WhatsApp,ECE,Hostel,Food Hygiene,Found a bug in my salad at the main cafeteria.,0.34,5,false,true,MESS_FOOD_POISONING_145,0.14,false,48
CMP-F1361DEE,2026-02-14 03:24:32,Form,CSE,Administration,Fees,Late fee was charged wrongly on my account.,0.24,4,false,true,FEE_ISSUE_67,0.04,false,8
CMP-46EACFE2,2026-02-14 04:34:54,WhatsApp,CSE,Hostel,Food Hygiene,mess food is unhygienic and causing health issues,0.16,4,true,false,MESS_FOOD_POISONING_145,0.06,false,
CMP-FEFEF09D,2026-02-14 04:46:46,Email,ME,Infrastructure,Network,library wifi is completely dead. Please fix it ASAP.,0.17,4,false,true,WIFI_OUTAGE_LIBRARY_89,0.07,true,25
CMP-AE3FAC98,2026-02-14 05:35:16,Email,ECE,Transport,Bus Delay,Bus route 4 is delayed by 45 minutes.,0.35,3,true,true,TRANSPORT_BUS_DELAY_183,0.03,false,44
CMP-9573DF63,2026-02-14 05:44:15,Email,CE,Infrastructure,Network,Unable to access internet in library,0.33,3,false,false,WIFI_OUTAGE_LIBRARY_89,0.17,false,
CMP-FB390676,2026-02-14 06:35:14,Form,CSE,Hostel,Food Hygiene,stlee food served in hostel b dinner,0.27,4,true,true,MESS_FOOD_POISONING_145,0.16,false,43
CMP-05FFFF12,2026-02-14 06:51:27,Form,CSE,Administration,Fees,Scholarship disbursement is delayed by 2 months.,0.19,4,false,true,FEE_ISSUE_67,0.18,false,43
CMP-93612176,2026-02-14 07:45:21,Email,CE,Placement,Scheduling,HR round postponed without notice,0.21,5,true,false,PLACEMENT_INTERVIEW_CLASH_57,0.24,false,
CMP-55E3927A,2026-02-14 07:48:44,Form,CSE,Hostel,Food Hygiene,mess food is unhygienic and causing health issues,0.15,4,false,true,MESS_FOOD_POISONING_145,0.29,false,27
CMP-827866AD,2026-02-14 09:45:17,WhatsApp,CSE,Placement,Scheduling,Please reschedule the Infosys pre-placement talk.,0.13,5,true,false,PLACEMENT_INTERVIEW_CLASH_57,0.0,false,
CMP-BE3569D6,2026-02-14 10:58:16,Anonymous Report,CSE,Hostel,Food Hygiene,Food quality in the mess has degraded significantly.,0.34,4,true,true,MESS_FOOD_POISONING_145,0.09,true,48
CMP-AAAE934B,2026-02-14 11:13:51,Form,ECE,Placement,Scheduling,placement drive and mid sem on same day??,0.19,5,true,true,PLACEMENT_INTERVIEW_CLASH_57,0.06,true,35
CMP-79AADDA3,2026-02-14 11:33:43,Email,ME,Placement,Scheduling,Please reschedule the Infosys pre-placement talk.,0.26,5,true,false,PLACEMENT_INTERVIEW_CLASH_57,0.13,false,
CMP-1E88A422,2026-02-14 12:00:20,Form,CE,Placement,Scheduling,placement cell is not responding to mails,0.39,4,true,true,PLACEMENT_INTERVIEW_CLASH_57,0.13,false,35
CMP-157C3E55,2026-02-14 13:34:48,WhatsApp,CSE,Administration,Fees,Scholarship disbursement is delayed by 2 months.,0.18,3,true,true,FEE_ISSUE_67,0.25,true,35
CMP-6880E615,2026-02-14 14:17:53,Email,ME,Infrastructure,Network,library network outage since morning,0.28,4,false,true,WIFI_OUTAGE_LIBRARY_89,0.07,false,2
CMP-8B86502F,2026-02-14 15:35:51,WhatsApp,MBA,Infrastructure,Network,library me net nahi chal raha kab thik hoga,0.37,3,false,false,WIFI_OUTAGE_LIBRARY_89,0.06,false,
CMP-C45E27CF,2026-02-14 17:19:31,App,CSE,Transport,Bus Delay,bus breakdown on highway again,0.19,3,false,true,TRANSPORT_BUS_DELAY_183,0.15,false,7
CMP-FBA2C1E0,2026-02-14 17:36:47,Email,MBA,Placement,Scheduling,Interview slots are overlapping for multiple companies.,0.38,4,true,true,PLACEMENT_INTERVIEW_CLASH_57,0.23,false,38
CMP-5E064214,2026-02-14 19:24:31,Anonymous Report,CSE,Administration,Fees,extra charges in this semester fee structure?,0.18,3,true,false,FEE_ISSUE_67,0.2,false,
CMP-9405DBE7,2026-02-14 19:41:24,App,CSE,Transport,Bus Delay,We are waiting at the stop for 1 hour for the college bus.,0.32,2,false,false,TRANSPORT_BUS_DELAY_183,0.05,false,
CMP-A4EA5E91,2026-02-14 20:26:46,WhatsApp,CSE,Placement,Scheduling,placement drive and mid sem on same day??,0.16,5,true,true,PLACEMENT_INTERVIEW_CLASH_57,0.16,false,46
CMP-EC14CF6F,2026-02-14 23:44:41,Email,ECE,Hostel,Food Hygiene,Found a bug in my salad at the main cafeteria.,0.15,5,true,true,MESS_FOOD_POISONING_145,0.17,false,27
CMP-4548FB72,2026-02-15 01:17:48,Email,ECE,Infrastructure,Network,library me net nahi chal raha kab thik hoga,0.17,3,false,false,WIFI_OUTAGE_LIBRARY_39,0.22,false,
CMP-5FD46F38,2026-02-15 02:54:36,Email,CE,Transport,Bus Delay,We are waiting at the stop for 1 hour for the college bus.,0.3,4,false,true,TRANSPORT_BUS_DELAY_183,0.17,false,31
CMP-EEC04FAF,2026-02-15 03:02:13,WhatsApp,ECE,Infrastructure,Network,library wifi is completely dead. Please fix it ASAP.,0.34,4,false,true,WIFI_OUTAGE_LIBRARY_39,0.13,false,25
CMP-EC012452,2026-02-15 03:29:59,Form,CSE,Transport,Bus Delay,driver of bus 7 is very rude,0.13,4,false,false,TRANSPORT_BUS_DELAY_183,0.04,false,
CMP-36923698,2026-02-15 04:04:41,Form,CE,Hostel,Food Hygiene,mess food is unhygienic and causing health issues,0.23,4,true,true,MESS_FOOD_POISONING_145,0.12,false,20
CMP-B9B11AB3,2026-02-15 04:39:56,App,ME,Administration,Fees,ltee fee was charged wrongly on my account.,0.39,4,false,true,FEE_ISSUE_67,0.3,false,27
CMP-B7561C7D,2026-02-15 05:33:07,WhatsApp,ECE,Hostel,Food Hygiene,Found a bug in my salad at the main cafeteria.,0.31,4,true,false,MESS_FOOD_POISONING_145,0.27,false,
CMP-E256AEA8,2026-02-15 05:35:42,Form,ME,Hostel,Food Hygiene,"mess ka khana bahut kharab hai, log beemar pad rahe hain",0.13,5,true,true,MESS_FOOD_POISONING_145,0.24,true,25
CMP-CC984B09,2026-02-15 06:07:37,Email,CSE,Transport,Bus Delay,"Transport facility is very poor, bus never comes on time.",0.14,3,false,false,TRANSPORT_BUS_DELAY_183,0.25,false,
CMP-32EC661A,2026-02-15 06:33:01,Email,CSE,Administration,Fees,refund not processed yet,0.25,3,false,true,FEE_ISSUE_67,0.23,false,28
CMP-1D35F548,2026-02-15 07:11:58,App,CSE,Infrastructure,Network,No internet connection in the library again.,0.13,3,false,true,WIFI_OUTAGE_LIBRARY_39,0.3,false,21
CMP-6DC836D4,2026-02-15 08:00:10,WhatsApp,MBA,Placement,Scheduling,placement drive and mid sem on same day??,0.26,4,true,true,PLACEMENT_INTERVIEW_CLASH_57,0.1,true,44
CMP-30CD503A,2026-02-15 09:12:25,Email,ECE,Hostel,Food Hygiene,food qulity in thee mess has degraded significantly.,0.14,4,true,true,MESS_FOOD_POISONING_145,0.02,false,23
CMP-52EA586C,2026-02-15 09:21:47,WhatsApp,ECE,Hostel,Food Hygiene,Food quality in the mess has degraded significantly.,0.29,4,true,false,MESS_FOOD_POISONING_145,0.26,false,
CMP-3F30E5D9,2026-02-15 09:58:45,Email,ECE,Hostel,Food Hygiene,stale food served in hostel B dinner,0.29,4,true,true,MESS_FOOD_POISONING_145,0.03,false,33
CMP-6C7DABA6,2026-02-15 10:16:58,WhatsApp,CE,Transport,Bus Delay,We are waiting at the stop for 1 hour for the college bus.,0.34,3,false,true,TRANSPORT_BUS_DELAY_183,0.27,false,13
CMP-5008D902,2026-02-15 10:30:53,WhatsApp,ECE,Hostel,Food Hygiene,Food quality in the mess has degraded significantly.,0.13,4,true,true,MESS_FOOD_POISONING_145,0.3,false,4
CMP-17A31817,2026-02-15 10:31:58,Form,CSE,Hostel,Food Hygiene,Food quality in the mess has degraded significantly.,0.32,5,true,true,MESS_FOOD_POISONING_145,0.11,false,2
CMP-62F741C9,2026-02-15 11:13:02,WhatsApp,ECE,Infrastructure,Network,wifi firse gaya 😭 library me,0.37,5,true,false,WIFI_OUTAGE_LIBRARY_39,0.3,false,
CMP-1758C42C,2026-02-15 12:29:41,WhatsApp,ECE,Administration,Fees,Late fee was charged wrongly on my account.,0.3,3,false,false,FEE_ISSUE_67,0.05,false,
CMP-7DC99B78,2026-02-15 13:10:37,WhatsApp,CSE,Infrastructure,Network,Unable to access internet in library,0.1,3,false,false,WIFI_OUTAGE_LIBRARY_39,0.25,false,
CMP-920AF6DC,2026-02-15 13:17:16,Email,Common,Hostel,Food Hygiene,stale food served in hostel B dinner,0.34,4,true,false,MESS_FOOD_POISONING_145,0.25,true,
CMP-FDECE9F5,2026-02-15 15:23:43,Email,Common,Hostel,Food Hygiene,meess food is unhygienic nd causing health issues,0.35,5,true,true,MESS_FOOD_POISONING_145,0.07,false,13
CMP-1EF37162,2026-02-15 15:25:16,WhatsApp,ECE,Administration,Fees,extra charges in this semester fee structure?,0.33,4,false,true,FEE_ISSUE_67,0.27,false,16
CMP-FCA83735,2026-02-15 15:42:53,WhatsApp,CE,Administration,Fees,refund not processed yet,0.13,3,false,false,FEE_ISSUE_67,0.05,false,
CMP-B4B32372,2026-02-15 16:02:49,Form,ECE,Infrastructure,Network,library me net nahi chal raha kab thik hoga,0.23,4,false,true,WIFI_OUTAGE_LIBRARY_39,0.26,false,2
CMP-6B0EA86D,2026-02-15 16:42:31,Anonymous Report,CSE,Placement,Scheduling,Interview slots are overlapping for multiple companies.,0.1,5,true,true,PLACEMENT_INTERVIEW_CLASH_57,0.22,false,30
CMP-0EF1C2EE,2026-02-15 17:19:14,App,ECE,Transport,Bus Delay,driver of bus 7 is very rude,0.28,4,false,false,TRANSPORT_BUS_DELAY_183,0.22,false,
CMP-0B1E391F,2026-02-15 18:25:15,Form,CSE,Transport,Bus Delay,bus 4 fir late ayi,0.12,4,false,true,TRANSPORT_BUS_DELAY_183,0.25,false,2
CMP-8B97970B,2026-02-15 21:30:38,WhatsApp,ECE,Infrastructure,Network,thee wi-fi in the min library has been down for three days now.,0.38,3,false,true,WIFI_OUTAGE_LIBRARY_39,0.2,true,11
CMP-6E4FD46F,2026-02-15 21:36:33,WhatsApp,CSE,Placement,Scheduling,placement drive and mid sem on same day??,0.33,4,true,true,PLACEMENT_INTERVIEW_CLASH_57,0.3,false,39
CMP-75F210B3,2026-02-15 22:28:51,WhatsApp,ECE,Placement,Scheduling,placement cell is not responding to mails,0.35,4,true,true,PLACEMENT_INTERVIEW_CLASH_57,0.3,false,31
CMP-F8F9FAFA,2026-02-15 22:55:12,WhatsApp,CSE,Administration,Fees,extra charges in this semester fee structure?,0.18,4,false,false,FEE_ISSUE_67,0.13,false,
CMP-9212B36C,2026-02-15 23:21:09,Email,CSE,Infrastructure,Network,No internet connection in the library again.,0.18,4,true,false,WIFI_OUTAGE_LIBRARY_39,0.08,false,
CMP-AE51E8AD,2026-02-15 23:29:23,Anonymous Report,CE,Infrastructure,Network,No internet connection in the library again.,0.25,4,false,true,WIFI_OUTAGE_LIBRARY_39,0.13,true,26
CMP-8C68CBB0,2026-02-16 00:36:52,Email,CE,Infrastructure,Network,Unable to access internet in library,0.16,5,false,false,WIFI_OUTAGE_LIBRARY_39,0.14,false,
CMP-FA3A176C,2026-02-16 01:59:05,WhatsApp,CSE,Infrastructure,Network,library network outage since morning,0.29,5,false,true,WIFI_OUTAGE_LIBRARY_39,0.3,false,42
CMP-AA4134D6,2026-02-16 02:38:51,WhatsApp,ECE,Placement,Scheduling,placement cell is not responding to mails,0.36,4,true,true,PLACEMENT_INTERVIEW_CLASH_17,0.08,false,17
CMP-53E201D9,2026-02-16 03:56:21,WhatsApp,ME,Administration,Fees,refund not processed yet,0.25,4,false,true,FEE_ISSUE_203,0.27,false,41
CMP-343EC142,2026-02-16 08:29:17,Email,CSE,Administration,Fees,refund not processed yet,0.2,4,false,true,FEE_ISSUE_203,0.11,true,5
CMP-F716A006,2026-02-16 12:31:23,WhatsApp,CSE,Placement,Scheduling,Please reschedule the Infosys pre-placement talk.,0.18,5,true,false,PLACEMENT_INTERVIEW_CLASH_17,0.03,true,
CMP-2D5B6506,2026-02-16 15:58:37,WhatsApp,CSE,Administration,Fees,"feee portl is down, last date tomorrow",0.23,3,false,false,FEE_ISSUE_203,0.19,false,
CMP-1D5A2F6B,2026-02-16 16:35:32,Anonymous Report,CSE,Placement,Scheduling,placement drive and mid sem on same day??,0.24,4,false,false,PLACEMENT_INTERVIEW_CLASH_17,0.24,false,
CMP-86773034,2026-02-16 17:53:11,Form,EEE,Infrastructure,Network,The Wi-Fi in the main library has been down for three days now.,0.17,4,true,true,WIFI_OUTAGE_LIBRARY_39,0.21,true,9
CMP-5F60E2AC,2026-02-16 18:15:12,App,ME,Infrastructure,Network,The Wi-Fi in the main library has been down for three days now.,0.12,5,false,true,WIFI_OUTAGE_LIBRARY_39,0.2,false,32
CMP-726289F9,2026-02-16 19:34:04,Email,EEE,Administration,Fees,refund not processed yet,0.4,3,false,false,FEE_ISSUE_203,0.1,false,
CMP-219630F0,2026-02-16 19:39:08,WhatsApp,ME,Placement,Scheduling,TCS interview clashes with my final exam.,0.28,4,true,false,PLACEMENT_INTERVIEW_CLASH_17,0.3,false,
CMP-E7B3755A,2026-02-16 21:36:51,Email,CSE,Infrastructure,Network,Unable to access internet in library,0.39,5,true,false,WIFI_OUTAGE_LIBRARY_39,0.13,false,
CMP-6CB94152,2026-02-16 22:25:03,Form,CSE,Infrastructure,Network,library wifi is completely dead. Please fix it ASAP.,0.2,3,false,false,WIFI_OUTAGE_LIBRARY_39,0.02,false,
CMP-C85A40A8,2026-02-16 22:46:14,Email,CSE,Infrastructure,Network,library me net nahi chal raha kab thik hoga,0.13,4,false,false,WIFI_OUTAGE_LIBRARY_39,0.06,true,
CMP-9662C140,2026-02-16 23:03:29,Email,CSE,Placement,Scheduling,placement cell is not responding to mails,0.17,5,true,false,PLACEMENT_INTERVIEW_CLASH_17,0.0,true,
CMP-2FC0F8A6,2026-02-16 23:13:08,Form,CE,Infrastructure,Network,librry mee net nahi chal raha kab thik hoga,0.19,5,false,false,WIFI_OUTAGE_LIBRARY_39,0.23,true,
CMP-87D8BD5D,2026-02-16 23:20:08,Form,CSE,Placement,Scheduling,Please reschedule the Infosys pre-placement talk.,0.14,5,false,true,PLACEMENT_INTERVIEW_CLASH_17,0.15,false,35
CMP-A28B015F,2026-02-17 00:04:19,Form,CSE,Harassment,Bullying,Please take action against ragging in boys hostel,0.16,5,false,false,HARASSMENT_REPORT_46,0.85,true,
CMP-79F7F516,2026-02-17 00:09:53,Form,ME,Administration,Fees,extra charges in this semester fee structure?,0.28,4,false,false,FEE_ISSUE_203,0.05,false,
CMP-73E05F2F,2026-02-17 01:48:52,Anonymous Report,CSE,Administration,Fees,Late fee was charged wrongly on my account.,0.11,4,false,true,FEE_ISSUE_55,0.27,false,22
CMP-6867F5FD,2026-02-17 01:52:19,Form,CSE,Administration,Fees,Scholarship disbursement is delayed by 2 months.,0.23,3,false,false,FEE_ISSUE_232,0.19,false,
CMP-6C30031E,2026-02-17 01:55:43,App,CSE,Hostel,Water,plumbeer not fixing the leking tap in room 204,0.31,3,false,true,HOSTEL_WATER_ISSUE_151,0.29,false,24
CMP-F9393D34,2026-02-17 02:22:24,Email,CSE,Administration,Fees,refund not processed yet,0.32,4,false,true,FEE_ISSUE_203,0.09,false,21
CMP-8CA0202D,2026-02-17 02:31:58,Anonymous Report,Common,Academic,Exams,2 eexms on the same day is unfair,0.15,3,false,false,EXAM_SCHEDULE_ISSUE_98,0.08,true,
CMP-225B0E3B,2026-02-17 02:37:26,WhatsApp,ECE,Harassment,Bullying,Please take action against ragging in boys hostel,0.3,5,true,true,HARASSMENT_REPORT_46,0.61,false,13
CMP-1FF0F92E,2026-02-17 02:41:46,WhatsApp,CSE,Harassment,Bullying,Please take action against ragging in boys hostel,0.13,5,true,true,HARASSMENT_REPORT_46,0.69,false,25
CMP-1336CAF1,2026-02-17 03:59:22,WhatsApp,CE,Academic,Exams,The CS101 final exam schedule conflicts with the MA201 exam.,0.2,5,true,true,EXAM_SCHEDULE_ISSUE_98,0.01,false,19
CMP-5F4FAA8F,2026-02-17 04:11:38,WhatsApp,EEE,Academic,Exams,mid sem dates are clashing with technical fest,0.22,3,false,true,EXAM_SCHEDULE_ISSUE_98,0.3,false,27
CMP-74227FD2,2026-02-17 04:56:38,Anonymous Report,ECE,Placement,Scheduling,Interview slots are overlapping for multiple companies.,0.26,4,true,true,PLACEMENT_INTERVIEW_CLASH_17,0.27,false,44
CMP-CF94336F,2026-02-17 05:21:38,Email,Common,Administration,Fees,"fee portal is down, last date tomorrow",0.2,3,false,true,FEE_ISSUE_55,0.29,false,45
CMP-07C1CD7A,2026-02-17 05:32:34,WhatsApp,CSE,Administration,Fees,ltee fee was charged wrongly on my account.,0.26,3,false,true,FEE_ISSUE_203,0.02,false,8
CMP-5FAC3920,2026-02-17 05:52:18,WhatsApp,CSE,Placement,Scheduling,HR round postponed without notice,0.25,4,true,false,PLACEMENT_INTERVIEW_CLASH_17,0.23,false,
CMP-71FAA4F2,2026-02-17 06:10:47,WhatsApp,CSE,Hostel,Water,"block b geeysers re not working, we need hot water.",0.24,3,false,true,HOSTEL_WATER_ISSUE_151,0.1,false,28
CMP-E4C91C13,2026-02-17 07:01:34,Form,CSE,Hostel,Water,water cooler in Block C is dispensing dirty water.,0.27,3,false,false,HOSTEL_WATER_ISSUE_151,0.08,false,
CMP-AC95511A,2026-02-17 07:49:37,WhatsApp,CSE,Placement,Scheduling,HR round postponed without notice,0.2,5,true,true,PLACEMENT_INTERVIEW_CLASH_19,0.19,false,6
CMP-6536FB1E,2026-02-17 09:34:26,App,ME,Hostel,Water,paani nahi aa raha subah se,0.4,3,false,true,HOSTEL_WATER_ISSUE_151,0.05,false,6
CMP-C1AC9F1E,2026-02-17 10:30:34,WhatsApp,ME,Administration,Fees,"fee portal is down, last date tomorrow",0.3,3,false,true,FEE_ISSUE_232,0.3,false,7
CMP-79FEBA75,2026-02-17 11:07:56,WhatsApp,EEE,Placement,Scheduling,placement drive and mid sem on same day??,0.26,5,true,true,PLACEMENT_INTERVIEW_CLASH_19,0.08,false,4
CMP-1AFC9894,2026-02-17 13:46:50,WhatsApp,CE,Harassment,Bullying,Anonymous harassment on college group,0.2,5,true,true,HARASSMENT_REPORT_46,0.67,true,12
CMP-84438452,2026-02-17 14:11:57,Form,CSE,Administration,Fees,refund not processed yet,0.37,4,false,true,FEE_ISSUE_232,0.09,false,41
CMP-B7D15B15,2026-02-17 14:23:46,Form,ECE,Placement,Scheduling,placement drive and mid sem on same day??,0.38,5,false,true,PLACEMENT_INTERVIEW_CLASH_19,0.07,false,41
CMP-F88877E7,2026-02-17 15:14:08,Form,CSE,Academic,Exams,2 exams on the same day is unfair,0.29,5,false,true,EXAM_SCHEDULE_ISSUE_98,0.03,false,8
CMP-5966E7AC,2026-02-17 16:19:38,WhatsApp,MBA,Placement,Scheduling,HR round postponed without notice,0.31,4,true,true,PLACEMENT_INTERVIEW_CLASH_19,0.12,false,27
CMP-97F3513A,2026-02-17 16:24:41,Anonymous Report,CSE,Placement,Scheduling,Interview slots are overlapping for multiple companies.,0.12,5,true,false,PLACEMENT_INTERVIEW_CLASH_17,0.01,false,
CMP-BFC6C1B7,2026-02-17 16:39:49,Form,ECE,Placement,Scheduling,placement cell is not responding to mails,0.34,5,true,true,PLACEMENT_INTERVIEW_CLASH_17,0.22,true,9
CMP-F1B66C27,2026-02-17 17:10:05,App,CSE,Academic,Exams,syllabus for exams not declared yet,0.31,3,true,true,EXAM_SCHEDULE_ISSUE_98,0.01,false,32
CMP-2D74A9CA,2026-02-17 17:13:32,Email,ECE,Administration,Fees,"feee portl is down, last date tomorrow",0.31,4,true,true,FEE_ISSUE_55,0.14,false,13
CMP-C1160BA6,2026-02-17 17:53:52,Form,CSE,Administration,Fees,extra charges in this semester fee structure?,0.3,4,true,false,FEE_ISSUE_232,0.07,true,
CMP-2BB783FC,2026-02-17 17:58:48,WhatsApp,CSE,Placement,Scheduling,placement drive and mid sem on same day??,0.22,4,true,true,PLACEMENT_INTERVIEW_CLASH_19,0.13,false,42
CMP-4E34E161,2026-02-17 18:06:18,Form,Common,Administration,Fees,Scholarship disbursement is delayed by 2 months.,0.32,4,false,true,FEE_ISSUE_55,0.2,false,23
CMP-A91F35FC,2026-02-17 18:40:36,Email,ME,Harassment,Bullying,Anonymous harassment on college group,0.16,5,true,true,HARASSMENT_REPORT_46,0.87,false,21
CMP-53E7CD49,2026-02-17 19:13:49,WhatsApp,CSE,Administration,Fees,refund not processed yet,0.23,4,false,true,FEE_ISSUE_55,0.22,false,5
CMP-8E1B05FB,2026-02-17 19:33:24,Form,MBA,Placement,Scheduling,TCS interview clashes with my final exam.,0.21,5,true,false,PLACEMENT_INTERVIEW_CLASH_19,0.06,true,
CMP-E100FC64,2026-02-17 20:14:45,App,Common,Administration,Fees,refund not processed yet,0.27,4,true,true,FEE_ISSUE_203,0.14,true,23
CMP-660D0ED1,2026-02-17 20:36:41,WhatsApp,CSE,Administration,Fees,"fee portal is down, last date tomorrow",0.18,3,false,false,FEE_ISSUE_203,0.03,true,
CMP-22AD2A67,2026-02-17 21:26:20,WhatsApp,Common,Academic,Exams,"exam schedule is too tight, no prep leaves",0.18,5,false,true,EXAM_SCHEDULE_ISSUE_98,0.18,false,40
CMP-DCB5F873,2026-02-17 21:39:42,WhatsApp,Common,Administration,Fees,Scholarship disbursement is delayed by 2 months.,0.18,4,false,true,FEE_ISSUE_55,0.0,false,32
CMP-274C6ACD,2026-02-17 22:05:50,Email,ECE,Harassment,Bullying,Facing toxic behavior from a faculty member.,0.37,5,true,true,HARASSMENT_REPORT_46,0.67,false,40
CMP-4EB37102,2026-02-17 22:20:31,WhatsApp,ECE,Hostel,Water,"Block B geysers are not working, we need hot water.",0.16,3,true,false,HOSTEL_WATER_ISSUE_151,0.14,false,
CMP-01A891D6,2026-02-17 23:59:01,WhatsApp,EEE,Administration,Fees,Late fee was charged wrongly on my account.,0.26,3,false,false,FEE_ISSUE_232,0.08,false,
CMP-26C59AAA,2026-02-18 00:27:14,App,ECE,Harassment,Bullying,Seniors are ragging in the hostel block.,0.25,5,true,true,HARASSMENT_REPORT_46,0.84,true,16
CMP-26B1BF86,2026-02-18 03:25:25,App,Common,Transport,Bus Delay,"trnsport facility is veery poor, bus never comes on time.",0.2,2,true,true,TRANSPORT_BUS_DELAY_78,0.05,false,14
CMP-1799DD99,2026-02-18 04:10:19,Email,ME,Academic,Exams,mid sem dates are clashing with technical fest,0.17,3,false,true,EXAM_SCHEDULE_ISSUE_98,0.14,false,6
CMP-1409265D,2026-02-18 04:52:09,Email,ECE,Administration,Fees,Scholarship disbursement is delayed by 2 months.,0.35,4,false,true,FEE_ISSUE_55,0.24,false,28
CMP-64921735,2026-02-18 05:01:26,WhatsApp,CSE,Harassment,Bullying,Seniors are ragging in the hostel block.,0.11,5,true,true,HARASSMENT_REPORT_46,0.79,true,47
CMP-6EA76974,2026-02-18 05:07:30,Anonymous Report,ME,Administration,Fees,refund not processed yet,0.23,4,true,true,FEE_ISSUE_232,0.03,true,25
CMP-10DCB3A2,2026-02-18 06:17:34,WhatsApp,ECE,Hostel,Water,"Block B geysers are not working, we need hot water.",0.17,3,false,false,HOSTEL_WATER_ISSUE_151,0.25,false,
CMP-732ABEC9,2026-02-18 07:21:05,Email,ECE,Transport,Bus Delay,bus 4 fir late ayi,0.19,3,false,true,TRANSPORT_BUS_DELAY_78,0.12,false,6
CMP-01B9126C,2026-02-18 07:26:11,Email,CSE,Hostel,Water,no drinking water on 3rd floor,0.18,4,false,false,HOSTEL_WATER_ISSUE_151,0.07,false,
CMP-7D227A02,2026-02-18 08:57:00,Email,ECE,Transport,Bus Delay,bus 4 fir late ayi,0.33,4,false,false,TRANSPORT_BUS_DELAY_78,0.08,false,
CMP-1358C66A,2026-02-18 08:58:26,Email,CSE,Administration,Fees,"fee portal is down, last date tomorrow",0.17,4,false,false,FEE_ISSUE_55,0.1,false,
CMP-E90C92A7,2026-02-18 09:11:07,WhatsApp,CSE,Placement,Scheduling,TCS interview clashes with my final exam.,0.11,5,true,false,PLACEMENT_INTERVIEW_CLASH_19,0.01,true,
CMP-B0DD1EE9,2026-02-18 09:15:27,Form,CSE,Hostel,Water,"Block B geysers are not working, we need hot water.",0.39,4,false,false,HOSTEL_WATER_ISSUE_151,0.12,false,
CMP-F85CDCB5,2026-02-18 09:19:23,Form,ME,Placement,Scheduling,placement cell is not responding to mails,0.13,5,true,false,PLACEMENT_INTERVIEW_CLASH_19,0.29,true,
CMP-55D1D5C2,2026-02-18 09:25:27,Email,Common,Administration,Fees,extra charges in this semester fee structure?,0.33,3,false,true,FEE_ISSUE_55,0.16,false,26
CMP-B6C6AFFD,2026-02-18 09:38:14,Email,CSE,Harassment,Bullying,Seniors are ragging in the hostel block.,0.28,5,true,true,HARASSMENT_REPORT_46,0.8,true,14
CMP-E4E0E171,2026-02-18 10:07:48,WhatsApp,ECE,Harassment,Bullying,Facing toxic behavior from a faculty member.,0.13,5,true,true,HARASSMENT_REPORT_46,0.89,false,29
CMP-640C8F1C,2026-02-18 10:32:24,Anonymous Report,CSE,Hostel,Water,plumbeer not fixing the leking tap in room 204,0.1,3,false,false,HOSTEL_WATER_ISSUE_151,0.18,false,
CMP-0435639C,2026-02-18 11:40:06,Anonymous Report,ECE,Placement,Scheduling,placement drive and mid sem on same day??,0.15,5,true,true,PLACEMENT_INTERVIEW_CLASH_19,0.29,true,41
CMP-84CCFF53,2026-02-18 11:47:13,Form,CSE,Placement,Scheduling,HR round postponed without notice,0.18,4,true,false,PLACEMENT_INTERVIEW_CLASH_19,0.18,false,
CMP-9C51FD09,2026-02-18 12:21:10,Email,ME,Administration,Fees,ltee fee was charged wrongly on my account.,0.36,3,false,false,FEE_ISSUE_232,0.28,false,
CMP-794A115A,2026-02-18 12:22:14,WhatsApp,CSE,Transport,Bus Delay,driver of bus 7 is very rude,0.23,2,false,false,TRANSPORT_BUS_DELAY_78,0.19,false,
CMP-40D11067,2026-02-18 13:25:38,Email,CSE,Academic,Exams,2 exams on the same day is unfair,0.31,3,true,true,EXAM_SCHEDULE_ISSUE_98,0.27,false,7
CMP-5AC67B2B,2026-02-18 13:29:25,Email,MBA,Hostel,Water,There is no hot water in Block B hostels since yesterday.,0.25,3,false,true,HOSTEL_WATER_ISSUE_151,0.02,false,46
CMP-0C404801,2026-02-18 13:30:20,WhatsApp,Common,Harassment,Bullying,Please take action against ragging in boys hostel,0.17,5,true,false,HARASSMENT_REPORT_46,0.64,false,
CMP-C5E1FFF2,2026-02-18 13:30:58,WhatsApp,ME,Transport,Bus Delay,We are waiting at the stop for 1 hour for the college bus.,0.19,4,false,true,TRANSPORT_BUS_DELAY_78,0.24,true,16
CMP-E124F298,2026-02-18 13:42:36,Form,EEE,Administration,Fees,refund not processed yet,0.31,4,false,true,FEE_ISSUE_232,0.03,true,25
CMP-740A08C9,2026-02-18 13:54:16,Email,MBA,Administration,Fees,refund not processed yet,0.35,3,true,true,FEE_ISSUE_232,0.28,true,11
CMP-3B4BA2FD,2026-02-18 14:40:46,Anonymous Report,CE,Academic,Exams,mid sem dates are clashing with technical fest,0.32,5,true,true,EXAM_SCHEDULE_ISSUE_98,0.28,false,27
CMP-0A6276F9,2026-02-18 15:23:27,Form,ME,Transport,Bus Delay,Bus route 4 is delayed by 45 minutes.,0.36,3,true,false,TRANSPORT_BUS_DELAY_78,0.14,false,
CMP-8B34EFA9,2026-02-18 16:35:36,Form,Common,Harassment,Bullying,Seniors are ragging in the hostel block.,0.13,5,true,true,HARASSMENT_REPORT_46,0.78,false,19
CMP-5ECC211E,2026-02-18 16:59:12,App,CSE,Administration,Fees,Late fee was charged wrongly on my account.,0.4,4,true,true,FEE_ISSUE_232,0.23,false,32
CMP-30F1AC80,2026-02-18 17:13:08,Form,CSE,Transport,Bus Delay,bus breekdown on highway again,0.19,4,false,true,TRANSPORT_BUS_DELAY_78,0.0,false,7
CMP-6B3D3BF2,2026-02-18 18:06:49,WhatsApp,CSE,Placement,Scheduling,placement drive and mid sem on same day??,0.18,4,true,true,PLACEMENT_INTERVIEW_CLASH_19,0.15,false,12
CMP-E741188B,2026-02-18 18:29:28,App,CSE,Placement,Scheduling,Please reschedule the Infosys pre-placement talk.,0.22,5,true,true,PLACEMENT_INTERVIEW_CLASH_19,0.29,true,34
CMP-94AC40AF,2026-02-18 18:35:21,Email,CE,Administration,Fees,Late fee was charged wrongly on my account.,0.39,4,true,true,FEE_ISSUE_232,0.28,false,14
CMP-A7089B21,2026-02-18 18:46:50,Form,CSE,Transport,Bus Delay,bus 4 fir ltee ayi,0.21,4,false,false,TRANSPORT_BUS_DELAY_78,0.07,false,
CMP-468D3037,2026-02-18 19:10:03,WhatsApp,CSE,Harassment,Bullying,Anonymous harassment on college group,0.16,5,true,true,HARASSMENT_REPORT_46,0.84,true,43
CMP-B48ECA5D,2026-02-18 19:25:56,Email,CSE,Harassment,Bullying,Anonymous harassment on college group,0.2,5,true,false,HARASSMENT_REPORT_46,0.64,true,
CMP-A3239D3C,2026-02-18 19:41:20,Form,EEE,Administration,Fees,refund not processed yet,0.31,4,false,true,FEE_ISSUE_232,0.17,false,30
CMP-B1AFA37D,2026-02-18 19:46:28,Anonymous Report,ECE,Harassment,Bullying,constant bullying by batchmates,0.24,5,true,true,HARASSMENT_REPORT_46,0.71,false,21
CMP-B422A8B9,2026-02-18 20:22:32,WhatsApp,CSE,Administration,Fees,extra charges in this semester fee structure?,0.38,3,false,true,FEE_ISSUE_232,0.11,false,2
CMP-AD824D8D,2026-02-18 20:51:37,Email,ECE,Administration,Fees,refund not processed yet,0.3,3,false,false,FEE_ISSUE_232,0.19,false,
CMP-359A339D,2026-02-18 21:26:39,WhatsApp,Common,Academic,Exams,mid seem dtes are clashing with technical fest,0.26,4,true,true,EXAM_SCHEDULE_ISSUE_98,0.11,true,9
CMP-F2AE1F4A,2026-02-18 21:44:52,Email,CSE,Hostel,Water,There is no hot water in Block B hostels since yesterday.,0.31,4,false,true,HOSTEL_WATER_ISSUE_151,0.24,false,14
CMP-43E180A5,2026-02-18 21:53:46,Form,CSE,Academic,Exams,2 exams on the same day is unfair,0.27,3,true,false,EXAM_SCHEDULE_ISSUE_98,0.11,true,
CMP-AEEE5C37,2026-02-18 22:04:50,Form,EEE,Hostel,Water,There is no hot water in Block B hostels since yesterday.,0.2,4,false,true,HOSTEL_WATER_ISSUE_151,0.04,false,48
CMP-6EF087A1,2026-02-19 00:10:51,WhatsApp,CSE,Hostel,Water,"Block B geysers are not working, we need hot water.",0.39,4,false,true,HOSTEL_WATER_ISSUE_61,0.07,false,24
CMP-56411044,2026-02-19 00:43:37,WhatsApp,CSE,Placement,Scheduling,placement drive and mid sem on same day??,0.3,5,true,false,PLACEMENT_INTERVIEW_CLASH_220,0.11,true,
CMP-76EB58D3,2026-02-19 02:04:34,WhatsApp,ECE,Transport,Bus Delay,bus 4 fir late ayi,0.27,2,false,true,TRANSPORT_BUS_DELAY_78,0.04,false,6
CMP-A7462CC2,2026-02-19 02:04:57,Anonymous Report,CSE,Placement,Scheduling,placement drive and mid sem on same day??,0.2,5,false,true,PLACEMENT_INTERVIEW_CLASH_220,0.24,true,5
CMP-A9AAAEEA,2026-02-19 02:56:27,WhatsApp,ECE,Hostel,Food Hygiene,"mess ka khana bahut kharab hai, log beemar pad rahe hain",0.27,4,false,true,MESS_FOOD_POISONING_189,0.21,false,37
CMP-C70FF58B,2026-02-19 03:00:18,Form,EEE,Hostel,Water,"Block B geysers are not working, we need hot water.",0.24,3,false,true,HOSTEL_WATER_ISSUE_61,0.12,false,45
CMP-249AD33E,2026-02-19 03:33:14,Form,CSE,Transport,Bus Delay,We are waiting at the stop for 1 hour for the college bus.,0.23,4,false,true,TRANSPORT_BUS_DELAY_78,0.23,false,19
CMP-AB051403,2026-02-19 03:38:37,Anonymous Report,CE,Hostel,Food Hygiene,Food quality in the mess has degraded significantly.,0.24,4,true,false,MESS_FOOD_POISONING_189,0.26,false,
CMP-3C8BC48E,2026-02-19 03:38:50,WhatsApp,ECE,Transport,Bus Delay,bus breakdown on highway again,0.3,2,false,false,TRANSPORT_BUS_DELAY_78,0.07,false,
CMP-1FF866C4,2026-02-19 04:03:23,Anonymous Report,EEE,Hostel,Water,water cooler in Block C is dispensing dirty water.,0.31,4,false,true,HOSTEL_WATER_ISSUE_177,0.27,true,40
CMP-56F1D0DA,2026-02-19 04:18:28,Email,ECE,Placement,Scheduling,HR round postponed without notice,0.11,5,true,false,PLACEMENT_INTERVIEW_CLASH_220,0.29,false,
CMP-1F2EC8A8,2026-02-19 04:59:15,WhatsApp,ECE,Transport,Bus Delay,We are waiting at the stop for 1 hour for the college bus.,0.37,4,false,false,TRANSPORT_BUS_DELAY_78,0.12,false,
CMP-70137CCA,2026-02-19 05:03:23,WhatsApp,EEE,Infrastructure,Network,library me net nahi chal raha kab thik hoga,0.25,4,true,false,WIFI_OUTAGE_LIBRARY_105,0.02,false,
CMP-6ED3A0C2,2026-02-19 05:27:03,Form,ECE,Hostel,Food Hygiene,Mess food quality in hostel B has deteriorated significantly.,0.3,4,true,true,MESS_FOOD_POISONING_189,0.28,false,46
CMP-F10168E8,2026-02-19 05:28:32,WhatsApp,CE,Transport,Bus Delay,Bus route 4 is delayed by 45 minutes.,0.28,2,false,true,TRANSPORT_BUS_DELAY_78,0.03,false,24
CMP-DDF7BAEB,2026-02-19 05:49:14,Form,EEE,Hostel,Food Hygiene,stale food served in hostel B dinner,0.26,4,false,true,MESS_FOOD_POISONING_139,0.02,false,38
CMP-B166BB06,2026-02-19 05:55:30,WhatsApp,ECE,Transport,Bus Delay,"Transport facility is very poor, bus never comes on time.",0.25,2,true,false,TRANSPORT_BUS_DELAY_78,0.01,false,
CMP-D0A50832,2026-02-19 05:55:47,WhatsApp,CE,Placement,Scheduling,HR round postponed without notice,0.18,5,true,false,PLACEMENT_INTERVIEW_CLASH_220,0.3,false,
CMP-DC8A7213,2026-02-19 06:55:18,WhatsApp,CSE,Placement,Scheduling,Interview slots are overlapping for multiple companies.,0.19,5,true,true,PLACEMENT_INTERVIEW_CLASH_220,0.0,false,26
CMP-70D3171C,2026-02-19 07:07:53,Form,MBA,Hostel,Food Hygiene,Found a bug in my salad at the main cafeteria.,0.2,4,true,false,MESS_FOOD_POISONING_139,0.15,false,
CMP-CD12AF47,2026-02-19 07:14:21,WhatsApp,CSE,Hostel,Food Hygiene,stale food served in hostel B dinner,0.27,4,true,false,MESS_FOOD_POISONING_189,0.2,false,
CMP-E5A4B515,2026-02-19 07:16:41,Form,Common,Hostel,Water,There is no hot water in Block B hostels since yesterday.,0.2,3,true,false,HOSTEL_WATER_ISSUE_61,0.18,false,
CMP-F5C3038C,2026-02-19 07:18:21,Anonymous Report,ME,Transport,Bus Delay,Bus route 4 is delayed by 45 minutes.,0.26,4,false,true,TRANSPORT_BUS_DELAY_78,0.29,false,36
CMP-2519AFA6,2026-02-19 08:20:33,WhatsApp,ECE,Hostel,Food Hygiene,Found a bug in my salad at the main cafeteria.,0.27,4,true,false,MESS_FOOD_POISONING_189,0.09,false,
CMP-CDBCD73E,2026-02-19 08:42:32,Email,ECE,Hostel,Water,"Block B geysers are not working, we need hot water.",0.13,4,false,false,HOSTEL_WATER_ISSUE_177,0.1,false,
CMP-BA719856,2026-02-19 08:59:57,WhatsApp,ECE,Hostel,Water,plumber not fixing the leaking tap in room 204,0.22,3,false,false,HOSTEL_WATER_ISSUE_177,0.02,false,
CMP-19C3ADED,2026-02-19 09:10:44,App,CSE,Hostel,Food Hygiene,Found a bug in my salad at the main cafeteria.,0.29,5,true,false,MESS_FOOD_POISONING_139,0.18,false,
CMP-22BC46A8,2026-02-19 10:48:02,Anonymous Report,CSE,Hostel,Food Hygiene,Food quality in the mess has degraded significantly.,0.21,5,true,false,MESS_FOOD_POISONING_139,0.14,false,
CMP-2EA8A880,2026-02-19 11:03:14,WhatsApp,CSE,Infrastructure,Network,The Wi-Fi in the main library has been down for three days now.,0.33,5,true,false,WIFI_OUTAGE_LIBRARY_105,0.18,false,
CMP-3A4EAD1E,2026-02-19 11:34:02,WhatsApp,CE,Placement,Scheduling,Please reschedule the Infosys pre-placement talk.,0.19,5,true,true,PLACEMENT_INTERVIEW_CLASH_220,0.27,false,35
CMP-56B90F0C,2026-02-19 11:35:01,Form,EEE,Hostel,Water,paani nahi aa raha subah se,0.16,4,false,true,HOSTEL_WATER_ISSUE_61,0.08,true,7
CMP-B07F5B1E,2026-02-19 11:35:41,Form,ECE,Infrastructure,Network,library me net nahi chal raha kab thik hoga,0.16,5,false,true,WIFI_OUTAGE_LIBRARY_105,0.02,false,8
CMP-1A142452,2026-02-19 12:26:22,Anonymous Report,CE,Hostel,Food Hygiene,"mess ka khana bahut kharab hai, log beemar pad rahe hain",0.4,5,true,false,MESS_FOOD_POISONING_139,0.0,false,
CMP-11B80318,2026-02-19 12:31:01,Email,CSE,Hostel,Food Hygiene,I got food poisoning after eating dinner yesterday.,0.11,5,true,true,MESS_FOOD_POISONING_189,0.05,false,29
CMP-EE0738F2,2026-02-19 12:38:33,Email,CE,Hostel,Water,water cooler in Block C is dispensing dirty water.,0.3,3,false,false,HOSTEL_WATER_ISSUE_177,0.24,false,
CMP-B651BE9B,2026-02-19 13:26:44,Anonymous Report,EEE,Hostel,Water,There is no hot water in Block B hostels since yesterday.,0.14,3,false,true,HOSTEL_WATER_ISSUE_61,0.09,false,13
CMP-81434069,2026-02-19 13:33:30,Email,CE,Transport,Bus Delay,bus 4 fir late ayi,0.18,3,true,true,TRANSPORT_BUS_DELAY_78,0.26,true,4
CMP-E84DF29D,2026-02-19 14:24:17,WhatsApp,CSE,Hostel,Water,no drinking water on 3rd floor,0.14,3,false,true,HOSTEL_WATER_ISSUE_177,0.27,false,36
CMP-6C115A8B,2026-02-19 14:38:46,WhatsApp,CSE,Transport,Bus Delay,We are waiting at the stop for 1 hour for the college bus.,0.25,3,false,true,TRANSPORT_BUS_DELAY_78,0.26,true,25
CMP-8EA17A5C,2026-02-19 14:39:54,WhatsApp,CE,Transport,Bus Delay,driver of bus 7 is very rude,0.17,4,false,true,TRANSPORT_BUS_DELAY_78,0.21,false,25
CMP-40F961FB,2026-02-19 14:44:52,Email,MBA,Hostel,Food Hygiene,meess food is unhygienic nd causing health issues,0.15,4,true,true,MESS_FOOD_POISONING_139,0.08,false,42
CMP-B1CDA25C,2026-02-19 14:46:06,Form,CE,Infrastructure,Network,no inteernet connection in the librry again.,0.32,3,true,true,WIFI_OUTAGE_LIBRARY_105,0.16,false,8
CMP-AF43D610,2026-02-19 15:27:40,Form,ECE,Infrastructure,Network,No internet connection in the library again.,0.16,4,false,false,WIFI_OUTAGE_LIBRARY_105,0.17,true,
CMP-825896FF,2026-02-19 16:00:41,App,CSE,Hostel,Water,There is no hot water in Block B hostels since yesterday.,0.12,3,true,false,HOSTEL_WATER_ISSUE_61,0.16,false,
CMP-9D0DE189,2026-02-19 16:21:12,WhatsApp,EEE,Hostel,Food Hygiene,"mess ka khana bahut kharab hai, log beemar pad rahe hain",0.28,5,true,false,MESS_FOOD_POISONING_189,0.28,false,
CMP-45E5C7E7,2026-02-19 17:58:56,App,CSE,Hostel,Food Hygiene,stale food served in hostel B dinner,0.29,5,true,false,MESS_FOOD_POISONING_189,0.14,false,
CMP-AC3F117E,2026-02-19 18:00:58,Anonymous Report,ECE,Hostel,Water,water cooler in Block C is dispensing dirty water.,0.17,3,false,false,HOSTEL_WATER_ISSUE_61,0.27,false,
CMP-B409CD81,2026-02-19 18:06:51,WhatsApp,ECE,Hostel,Water,water cooler in Block C is dispensing dirty water.,0.36,3,false,true,HOSTEL_WATER_ISSUE_177,0.1,false,15
CMP-34C7F118,2026-02-19 18:26:45,WhatsApp,ECE,Placement,Scheduling,Please reschedule the Infosys pre-placement talk.,0.18,4,false,true,PLACEMENT_INTERVIEW_CLASH_220,0.26,false,40
CMP-FB48F719,2026-02-19 18:51:26,Email,CE,Hostel,Water,plumber not fixing the leaking tap in room 204,0.23,4,false,false,HOSTEL_WATER_ISSUE_177,0.03,false,
CMP-32E15ABD,2026-02-19 20:02:03,WhatsApp,ECE,Hostel,Water,There is no hot water in Block B hostels since yesterday.,0.26,4,false,false,HOSTEL_WATER_ISSUE_177,0.17,true,
CMP-4417258C,2026-02-19 20:08:16,Anonymous Report,EEE,Placement,Scheduling,placement cell is not responding to mails,0.15,4,false,true,PLACEMENT_INTERVIEW_CLASH_220,0.29,false,25
CMP-715D4B56,2026-02-19 20:18:50,WhatsApp,EEE,Hostel,Food Hygiene,"mess ka khana bahut kharab hai, log beemar pad rahe hain",0.19,4,true,false,MESS_FOOD_POISONING_189,0.1,true,
CMP-86B1CBF4,2026-02-19 20:38:07,App,CSE,Infrastructure,Network,library network outage since morning,0.34,4,true,false,WIFI_OUTAGE_LIBRARY_105,0.28,false,
CMP-D8A162EC,2026-02-19 20:50:57,WhatsApp,ME,Infrastructure,Network,library me net nahi chal raha kab thik hoga,0.14,3,true,true,WIFI_OUTAGE_LIBRARY_105,0.15,false,13
CMP-BAE4DC7C,2026-02-19 20:52:04,Email,ME,Hostel,Water,no drinking water on 3rd floor,0.2,4,false,false,HOSTEL_WATER_ISSUE_61,0.04,true,
CMP-63C5CE71,2026-02-19 21:48:08,Email,ME,Hostel,Water,There is no hot water in Block B hostels since yesterday.,0.18,4,false,false,HOSTEL_WATER_ISSUE_177,0.16,true,
CMP-B7C9594B,2026-02-19 21:58:49,WhatsApp,CSE,Hostel,Water,no drinking wteer on 3rd floor,0.12,3,true,false,HOSTEL_WATER_ISSUE_177,0.28,true,
CMP-A5A2420F,2026-02-19 22:01:44,Form,CE,Hostel,Food Hygiene,Mess food quality in hostel B has deteriorated significantly.,0.14,5,true,true,MESS_FOOD_POISONING_139,0.03,false,24
CMP-57EE0FE3,2026-02-19 22:11:45,WhatsApp,CSE,Placement,Scheduling,Interview slots are overlapping for multiple companies.,0.34,5,true,true,PLACEMENT_INTERVIEW_CLASH_220,0.28,false,28
CMP-291D42FE,2026-02-19 22:20:33,App,ME,Hostel,Water,no drinking wteer on 3rd floor,0.13,4,false,true,HOSTEL_WATER_ISSUE_177,0.18,false,5
CMP-14BF8BD4,2026-02-19 23:23:02,Form,CSE,Hostel,Food Hygiene,mess food is unhygienic and causing health issues,0.23,4,true,true,MESS_FOOD_POISONING_189,0.23,false,1
CMP-C5AB356D,2026-02-19 23:44:32,WhatsApp,ECE,Hostel,Food Hygiene,I got food poisoning after eating dinner yesterday.,0.19,4,false,true,MESS_FOOD_POISONING_189,0.04,false,2
CMP-75F07CFD,2026-02-20 00:01:36,App,ECE,Administration,Fees,"fee portal is down, last date tomorrow",0.35,3,false,true,FEE_ISSUE_38,0.25,false,41
CMP-06DE685B,2026-02-20 00:09:14,Form,CSE,Placement,Scheduling,placement cell is not responding to mails,0.21,5,true,false,PLACEMENT_INTERVIEW_CLASH_220,0.01,false,
CMP-272300CE,2026-02-20 00:31:02,Form,CSE,Transport,Bus Delay,bus breakdown on highway again,0.1,2,false,false,TRANSPORT_BUS_DELAY_100,0.24,false,
CMP-F2A09E6D,2026-02-20 01:57:04,Anonymous Report,CSE,Administration,Fees,"fee portal is down, last date tomorrow",0.26,3,true,false,FEE_ISSUE_198,0.14,false,
CMP-2E4BFE8D,2026-02-20 02:05:36,Email,EEE,Placement,Scheduling,placement drive and mid sem on same day??,0.3,4,false,true,PLACEMENT_INTERVIEW_CLASH_220,0.21,false,10
CMP-96EEB975,2026-02-20 02:56:56,Email,ME,Hostel,Food Hygiene,I got food poisoning after eating dinner yesterday.,0.27,5,true,false,MESS_FOOD_POISONING_139,0.25,false,
CMP-16071540,2026-02-20 03:11:55,WhatsApp,Common,Infrastructure,Network,The Wi-Fi in the main library has been down for three days now.,0.25,4,true,true,WIFI_OUTAGE_LIBRARY_105,0.12,true,5
CMP-778FFCBB,2026-02-20 03:14:27,WhatsApp,CSE,Hostel,Water,no drinking water on 3rd floor,0.14,4,false,true,HOSTEL_WATER_ISSUE_61,0.08,false,14
CMP-BCBCF089,2026-02-20 03:20:35,Email,ECE,Administration,Fees,refund not processed yet,0.3,4,false,false,FEE_ISSUE_38,0.21,false,
CMP-FCE1B9D2,2026-02-20 03:33:59,WhatsApp,ECE,Transport,Bus Delay,driver of bus 7 is very rude,0.18,4,false,true,TRANSPORT_BUS_DELAY_100,0.15,false,22
CMP-74AFA09D,2026-02-20 03:53:27,WhatsApp,CSE,Placement,Scheduling,Please reschedule the Infosys pre-placement talk.,0.39,4,true,false,PLACEMENT_INTERVIEW_CLASH_220,0.16,false,
CMP-BB1202E4,2026-02-20 04:41:46,Anonymous Report,CSE,Administration,Fees,extra charges in this semester fee structure?,0.12,3,false,false,FEE_ISSUE_38,0.18,false,
CMP-B00E4858,2026-02-20 04:48:31,Email,ME,Transport,Bus Delay,bus 4 fir late ayi,0.33,2,true,false,TRANSPORT_BUS_DELAY_122,0.0,false,
CMP-0E4C8626,2026-02-20 05:48:56,Anonymous Report,CSE,Placement,Scheduling,Please reschedule the Infosys pre-placement talk.,0.29,4,false,false,PLACEMENT_INTERVIEW_CLASH_220,0.01,true,
CMP-DF78DF8E,2026-02-20 06:46:36,WhatsApp,Common,Transport,Bus Delay,bus breakdown on highway again,0.3,3,false,true,TRANSPORT_BUS_DELAY_100,0.15,false,11
CMP-E5D76ED0,2026-02-20 06:50:29,Form,CSE,Placement,Scheduling,HR round postponed without notice,0.24,5,false,true,PLACEMENT_INTERVIEW_CLASH_220,0.02,true,38
CMP-7EE51157,2026-02-20 07:01:01,App,CSE,Harassment,Bullying,Seniors are ragging in the hostel block.,0.21,5,true,true,HARASSMENT_REPORT_221,0.69,false,32
CMP-08305E42,2026-02-20 07:11:08,Form,ME,Transport,Bus Delay,"Transport facility is very poor, bus never comes on time.",0.35,3,true,true,TRANSPORT_BUS_DELAY_122,0.12,false,43
CMP-42E2B99A,2026-02-20 07:24:51,Email,ME,Hostel,Food Hygiene,Found a bug in my salad at the main cafeteria.,0.24,5,false,true,MESS_FOOD_POISONING_139,0.23,true,47
CMP-0908FC16,2026-02-20 07:53:45,WhatsApp,ECE,Hostel,Water,"Block B geysers are not working, we need hot water.",0.39,3,false,false,HOSTEL_WATER_ISSUE_177,0.1,false,
CMP-9BEF79C4,2026-02-20 08:10:08,Email,ECE,Administration,Fees,"fee portal is down, last date tomorrow",0.26,4,true,false,FEE_ISSUE_198,0.28,false,
CMP-B5E5969F,2026-02-20 08:17:29,Form,CSE,Hostel,Water,There is no hot water in Block B hostels since yesterday.,0.35,4,true,true,HOSTEL_WATER_ISSUE_177,0.17,false,1
CMP-27DD205D,2026-02-20 08:23:27,Email,CSE,Hostel,Food Hygiene,"mess ka khana bahut kharab hai, log beemar pad rahe hain",0.27,5,false,true,MESS_FOOD_POISONING_189,0.02,false,12
CMP-FB2C491D,2026-02-20 08:28:17,WhatsApp,CSE,Hostel,Food Hygiene,mess food is unhygienic and causing health issues,0.22,4,true,true,MESS_FOOD_POISONING_189,0.15,false,26
CMP-1956892E,2026-02-20 08:45:12,Form,CE,Infrastructure,Network,library me net nahi chal raha kab thik hoga,0.19,5,true,true,WIFI_OUTAGE_LIBRARY_105,0.15,false,33
CMP-ABCF1755,2026-02-20 09:34:37,WhatsApp,CSE,Transport,Bus Delay,bus breakdown on highway again,0.27,2,true,true,TRANSPORT_BUS_DELAY_122,0.09,false,12
CMP-6434D724,2026-02-20 09:36:27,Form,ECE,Transport,Bus Delay,bus breakdown on highway again,0.32,4,false,true,TRANSPORT_BUS_DELAY_122,0.27,false,4
CMP-1D3056CA,2026-02-20 09:37:10,Email,CSE,Hostel,Food Hygiene,I got food poisoning after eating dinner yesterday.,0.35,5,true,true,MESS_FOOD_POISONING_189,0.22,false,17
CMP-5A48D110,2026-02-20 09:59:12,Email,CSE,Hostel,Water,pani nahi aa raha subah see,0.38,3,true,true,HOSTEL_WATER_ISSUE_177,0.18,false,11
CMP-F22FFA19,2026-02-20 10:48:22,Form,Common,Harassment,Bullying,Please take action against ragging in boys hostel,0.31,5,true,false,HARASSMENT_REPORT_221,0.89,false,
CMP-21C92A08,2026-02-20 10:49:33,Email,CSE,Hostel,Food Hygiene,I got food poisoning after eating dinner yesterday.,0.24,4,true,false,MESS_FOOD_POISONING_139,0.01,false,
CMP-3FB75E3B,2026-02-20 10:58:10,Form,EEE,Placement,Scheduling,TCS interview clashes with my final exam.,0.33,4,false,true,PLACEMENT_INTERVIEW_CLASH_220,0.08,false,44
CMP-42168A69,2026-02-20 11:24:10,Email,MBA,Infrastructure,Network,No internet connection in the library again.,0.14,5,false,true,WIFI_OUTAGE_LIBRARY_105,0.05,true,11
CMP-3E12B9F4,2026-02-20 11:27:40,WhatsApp,Common,Administration,Fees,refund not processed yet,0.27,3,false,false,FEE_ISSUE_198,0.19,false,
CMP-B491EB9D,2026-02-20 11:55:27,App,CSE,Hostel,Food Hygiene,Food quality in the mess has degraded significantly.,0.16,5,true,true,MESS_FOOD_POISONING_139,0.01,false,42
CMP-8B57CF69,2026-02-20 12:45:14,Email,ME,Hostel,Food Hygiene,Mess food quality in hostel B has deteriorated significantly.,0.38,5,true,false,MESS_FOOD_POISONING_189,0.15,false,
CMP-97C761C6,2026-02-20 13:52:40,Anonymous Report,CSE,Transport,Bus Delay,We are waiting at the stop for 1 hour for the college bus.,0.12,2,false,true,TRANSPORT_BUS_DELAY_100,0.29,false,28
CMP-A988C3BC,2026-02-20 13:53:36,WhatsApp,CSE,Hostel,Food Hygiene,Food quality in the mess has degraded significantly.,0.27,5,true,true,MESS_FOOD_POISONING_189,0.05,false,29
CMP-A4581518,2026-02-20 14:32:09,App,CSE,Placement,Scheduling,placement cell is not responding to mails,0.38,5,false,false,PLACEMENT_INTERVIEW_CLASH_220,0.05,false,
CMP-DB149A23,2026-02-20 14:36:14,WhatsApp,ECE,Harassment,Bullying,Please take action against ragging in boys hostel,0.21,5,true,false,HARASSMENT_REPORT_221,0.76,false,
CMP-36E5F027,2026-02-20 14:39:36,Email,CSE,Hostel,Water,no drinking water on 3rd floor,0.37,3,false,true,HOSTEL_WATER_ISSUE_61,0.02,false,24
CMP-81878087,2026-02-20 15:20:26,Anonymous Report,CSE,Hostel,Food Hygiene,stale food served in hostel B dinner,0.3,5,true,true,MESS_FOOD_POISONING_139,0.24,false,9
CMP-DDFDF3C0,2026-02-20 16:01:28,Form,ME,Hostel,Food Hygiene,Food quality in the mess has degraded significantly.,0.31,4,true,true,MESS_FOOD_POISONING_189,0.28,false,26
CMP-7587D55C,2026-02-20 16:04:04,Email,ECE,Transport,Bus Delay,driver of bus 7 is very rude,0.37,4,false,true,TRANSPORT_BUS_DELAY_100,0.18,false,47
CMP-43C841C9,2026-02-20 16:47:01,WhatsApp,ECE,Transport,Bus Delay,"trnsport facility is veery poor, bus never comes on time.",0.32,3,false,false,TRANSPORT_BUS_DELAY_100,0.02,true,
CMP-7655A745,2026-02-20 16:52:52,WhatsApp,CSE,Harassment,Bullying,Seniors are ragging in the hostel block.,0.23,5,true,false,HARASSMENT_REPORT_221,0.77,false,
CMP-5B8A2F83,2026-02-20 16:54:33,WhatsApp,ME,Transport,Bus Delay,bus 4 fir late ayi,0.14,2,false,true,TRANSPORT_BUS_DELAY_100,0.12,false,23
CMP-68E92A3C,2026-02-20 16:59:43,WhatsApp,ECE,Hostel,Food Hygiene,Food quality in the mess has degraded significantly.,0.16,4,true,true,MESS_FOOD_POISONING_189,0.2,false,17
CMP-7E32BDF6,2026-02-20 17:00:12,WhatsApp,CSE,Hostel,Water,"Block B geysers are not working, we need hot water.",0.15,4,false,true,HOSTEL_WATER_ISSUE_61,0.02,false,23
CMP-A964EF3B,2026-02-20 17:17:11,WhatsApp,CSE,Administration,Fees,refund not processed yet,0.12,4,false,true,FEE_ISSUE_38,0.12,false,32
CMP-F7B5C3E9,2026-02-20 17:49:40,WhatsApp,ECE,Transport,Bus Delay,"Transport facility is very poor, bus never comes on time.",0.17,3,false,true,TRANSPORT_BUS_DELAY_122,0.15,false,16
CMP-0430E4DF,2026-02-20 18:30:41,WhatsApp,CSE,Administration,Fees,"fee portal is down, last date tomorrow",0.16,3,true,false,FEE_ISSUE_38,0.24,false,
CMP-2879DB97,2026-02-20 19:35:03,Form,ME,Placement,Scheduling,TCS interview clashes with my final exam.,0.33,4,true,false,PLACEMENT_INTERVIEW_CLASH_220,0.06,false,
CMP-C36A20C0,2026-02-20 19:36:42,WhatsApp,CSE,Transport,Bus Delay,Bus route 4 is delayed by 45 minutes.,0.33,4,false,true,TRANSPORT_BUS_DELAY_122,0.09,false,42
CMP-8122AAE0,2026-02-20 19:40:02,Email,ME,Hostel,Water,wteer cooler in block c is dispensing dirty water.,0.12,3,false,false,HOSTEL_WATER_ISSUE_61,0.26,false,
CMP-4BDC3BC0,2026-02-20 19:44:43,WhatsApp,EEE,Administration,Fees,"fee portal is down, last date tomorrow",0.17,3,false,true,FEE_ISSUE_38,0.07,false,20
CMP-2168F8CC,2026-02-20 19:51:52,Form,ECE,Infrastructure,Network,wifi firse gaya 😭 library me,0.34,5,true,false,WIFI_OUTAGE_LIBRARY_105,0.3,false,
CMP-08D2B429,2026-02-20 20:20:18,Anonymous Report,CSE,Hostel,Food Hygiene,stale food served in hostel B dinner,0.15,5,true,true,MESS_FOOD_POISONING_139,0.15,false,11
CMP-8C85840F,2026-02-20 20:22:38,App,ECE,Hostel,Water,no drinking water on 3rd floor,0.33,3,false,true,HOSTEL_WATER_ISSUE_61,0.26,false,27
CMP-F146DF50,2026-02-20 20:42:02,Form,ME,Placement,Scheduling,Interview slots are overlapping for multiple companies.,0.25,4,true,true,PLACEMENT_INTERVIEW_CLASH_220,0.2,true,5
CMP-B8F7F39F,2026-02-20 20:45:59,Email,CE,Hostel,Water,plumber not fixing the leaking tap in room 204,0.36,3,false,true,HOSTEL_WATER_ISSUE_61,0.09,true,27
CMP-B918444F,2026-02-20 20:46:42,Anonymous Report,CSE,Transport,Bus Delay,"Transport facility is very poor, bus never comes on time.",0.13,4,false,true,TRANSPORT_BUS_DELAY_122,0.12,false,15
CMP-ABDF85EB,2026-02-20 20:46:58,App,EEE,Hostel,Water,There is no hot water in Block B hostels since yesterday.,0.21,3,false,true,HOSTEL_WATER_ISSUE_177,0.12,false,16
CMP-43F0CED1,2026-02-20 21:06:21,Anonymous Report,CSE,Placement,Scheduling,Interview slots are overlapping for multiple companies.,0.29,4,true,true,PLACEMENT_INTERVIEW_CLASH_220,0.07,false,34
CMP-DF43371B,2026-02-20 21:35:11,Form,CSE,Transport,Bus Delay,We are waiting at the stop for 1 hour for the college bus.,0.17,3,false,true,TRANSPORT_BUS_DELAY_100,0.02,false,39
CMP-B44CF2CA,2026-02-20 21:41:51,Form,ME,Infrastructure,Network,library network outage since morning,0.33,4,false,false,WIFI_OUTAGE_LIBRARY_105,0.06,true,
CMP-03BFD769,2026-02-20 21:48:35,Form,CSE,Placement,Scheduling,Please reschedule the Infosys pre-placement talk.,0.4,4,true,true,PLACEMENT_INTERVIEW_CLASH_220,0.0,true,32
CMP-9338E3D4,2026-02-20 22:10:55,WhatsApp,Common,Hostel,Water,"Block B geysers are not working, we need hot water.",0.12,4,false,true,HOSTEL_WATER_ISSUE_177,0.16,false,20
CMP-EABFE6FA,2026-02-20 22:22:43,Form,Common,Administration,Fees,extra charges in this semester fee structure?,0.11,4,false,false,FEE_ISSUE_198,0.23,false,
CMP-F0ADC41C,2026-02-20 22:40:53,WhatsApp,CSE,Hostel,Food Hygiene,mess food is unhygienic and causing health issues,0.3,4,false,false,MESS_FOOD_POISONING_189,0.04,false,
CMP-801372FD,2026-02-20 22:50:24,Form,ECE,Infrastructure,Network,unblee to access internet in library,0.36,4,false,true,WIFI_OUTAGE_LIBRARY_105,0.1,false,38
CMP-3F828B31,2026-02-20 23:20:38,Anonymous Report,CSE,Hostel,Food Hygiene,stale food served in hostel B dinner,0.4,4,true,true,MESS_FOOD_POISONING_189,0.06,false,6
CMP-3DF00EAB,2026-02-20 23:21:48,Anonymous Report,CSE,Harassment,Bullying,Please take action against ragging in boys hostel,0.37,5,true,false,HARASSMENT_REPORT_221,0.62,false,
CMP-01368DA0,2026-02-20 23:33:29,Email,MBA,Harassment,Bullying,Anonymous harassment on college group,0.39,5,true,false,HARASSMENT_REPORT_221,0.78,false,
CMP-38136B81,2026-02-21 00:17:34,Form,CSE,Harassment,Bullying,Facing toxic behavior from a faculty member.,0.13,5,true,true,HARASSMENT_REPORT_221,0.74,true,35
CMP-B7D86581,2026-02-21 02:00:24,WhatsApp,CSE,Administration,Fees,Scholarship disbursement is delayed by 2 months.,0.27,3,true,true,FEE_ISSUE_38,0.28,false,16
CMP-7D18C8EF,2026-02-21 02:07:24,Email,CSE,Academic,Attendance,My attendance was marked absent even though I was present.,0.28,2,false,false,FACULTY_ATTENDANCE_35,0.19,false,
CMP-B064CDE7,2026-02-21 02:49:25,Anonymous Report,CSE,Administration,Fees,Scholarship disbursement is delayed by 2 months.,0.12,4,false,false,FEE_ISSUE_38,0.27,true,
CMP-F7ABC70D,2026-02-21 03:22:16,WhatsApp,ECE,Harassment,Bullying,Seniors are ragging in the hostel block.,0.13,5,true,true,HARASSMENT_REPORT_221,0.72,true,2
CMP-5AD99099,2026-02-21 03:25:19,Email,Common,Administration,Fees,Scholarship disbursement is delayed by 2 months.,0.38,4,true,false,FEE_ISSUE_38,0.18,false,
CMP-2795C352,2026-02-21 03:34:08,Form,EEE,Administration,Fees,extra charges in this semester fee structure?,0.25,3,false,true,FEE_ISSUE_38,0.04,false,16
CMP-0934D5F9,2026-02-21 03:38:17,WhatsApp,ME,Administration,Fees,"fee portal is down, last date tomorrow",0.31,4,false,false,FEE_ISSUE_38,0.27,false,
CMP-A86D6BC7,2026-02-21 05:41:10,Anonymous Report,CSE,Harassment,Bullying,Anonymous harassment on college group,0.37,5,true,true,HARASSMENT_REPORT_221,0.61,false,43
CMP-6859B097,2026-02-21 06:48:52,WhatsApp,CSE,Administration,Fees,extra charges in this semester fee structure?,0.35,3,false,true,FEE_ISSUE_38,0.14,false,42
CMP-7BB070CA,2026-02-21 07:07:42,Email,ECE,Administration,Fees,"fee portal is down, last date tomorrow",0.32,4,false,false,FEE_ISSUE_198,0.07,false,
CMP-6B64BFF9,2026-02-21 08:20:56,WhatsApp,ECE,Academic,Attendance,My attendance was marked absent even though I was present.,0.13,3,false,true,FACULTY_ATTENDANCE_35,0.21,false,10
CMP-FE1DD790,2026-02-21 08:47:31,Email,ECE,Administration,Fees,extra charges in this semester fee structure?,0.23,4,false,false,FEE_ISSUE_198,0.2,true,
CMP-733A57C5,2026-02-21 08:52:32,WhatsApp,Common,Transport,Bus Delay,bus breekdown on highway again,0.25,3,false,false,TRANSPORT_BUS_DELAY_122,0.27,false,
CMP-6827FC6E,2026-02-21 11:15:35,WhatsApp,CE,Transport,Bus Delay,driver of bus 7 is very rude,0.29,3,true,false,TRANSPORT_BUS_DELAY_100,0.23,false,
CMP-C32EA209,2026-02-21 12:08:08,Email,ECE,Academic,Attendance,My attendance was marked absent even though I was present.,0.36,2,false,true,FACULTY_ATTENDANCE_35,0.01,false,14
CMP-85C6574B,2026-02-21 12:39:38,Anonymous Report,Common,Administration,Fees,extra charges in this semester fee structure?,0.33,4,false,false,FEE_ISSUE_198,0.01,true,
CMP-C3D35F69,2026-02-21 13:44:48,Form,ME,Transport,Bus Delay,Bus route 4 is delayed by 45 minutes.,0.33,4,false,true,TRANSPORT_BUS_DELAY_100,0.29,false,18
CMP-3FB6AFA5,2026-02-21 14:06:44,Form,ECE,Transport,Bus Delay,Bus route 4 is delayed by 45 minutes.,0.28,4,false,false,TRANSPORT_BUS_DELAY_100,0.25,false,
CMP-1D22EF35,2026-02-21 14:25:16,Form,CE,Harassment,Bullying,Anonymous harassment on college group,0.3,5,true,false,HARASSMENT_REPORT_221,0.77,true,
CMP-E0D27B30,2026-02-21 14:48:17,Anonymous Report,CE,Administration,Fees,refund not processed yet,0.34,3,false,true,FEE_ISSUE_198,0.24,false,18
CMP-DA5D425F,2026-02-21 17:11:52,Form,ECE,Transport,Bus Delay,bus breakdown on highway again,0.25,3,true,false,TRANSPORT_BUS_DELAY_122,0.08,false,
CMP-4C70C21A,2026-02-21 17:20:21,WhatsApp,ECE,Transport,Bus Delay,"Transport facility is very poor, bus never comes on time.",0.36,3,false,false,TRANSPORT_BUS_DELAY_122,0.17,false,
CMP-8F6019F1,2026-02-21 17:51:18,Email,CSE,Transport,Bus Delay,driver of bus 7 is very rude,0.29,3,false,false,TRANSPORT_BUS_DELAY_122,0.22,false,
CMP-7E1A3975,2026-02-21 18:06:22,Anonymous Report,ECE,Transport,Bus Delay,bus 4 fir late ayi,0.35,3,false,true,TRANSPORT_BUS_DELAY_100,0.07,false,3
CMP-9B7D2993,2026-02-21 18:15:41,WhatsApp,CE,Administration,Fees,refund not processed yet,0.34,3,false,false,FEE_ISSUE_38,0.17,true,
CMP-A8FA9334,2026-02-21 20:42:26,WhatsApp,CSE,Academic,Attendance,attendance issue in DBMS class,0.26,2,false,true,FACULTY_ATTENDANCE_35,0.11,false,48
CMP-0535E80B,2026-02-21 21:05:13,Email,ME,Administration,Fees,"fee portal is down, last date tomorrow",0.36,4,false,true,FEE_ISSUE_198,0.09,false,25
CMP-91816662,2026-02-21 21:10:28,Form,CE,Academic,Attendance,profeessor missed the lst three lectures without prior notice.,0.23,2,false,false,FACULTY_ATTENDANCE_35,0.07,false,
CMP-1791A757,2026-02-21 21:42:48,WhatsApp,ME,Transport,Bus Delay,bus breakdown on highway again,0.13,2,false,true,TRANSPORT_BUS_DELAY_122,0.23,false,17
CMP-516C9EE4,2026-02-21 22:31:43,WhatsApp,ECE,Transport,Bus Delay,We are waiting at the stop for 1 hour for the college bus.,0.16,3,false,true,TRANSPORT_BUS_DELAY_100,0.28,false,1
CMP-3E45CA74,2026-02-21 22:31:46,Form,CSE,Transport,Bus Delay,We are waiting at the stop for 1 hour for the college bus.,0.34,3,false,false,TRANSPORT_BUS_DELAY_122,0.25,true,
CMP-FBF0C2E0,2026-02-21 23:18:38,App,CSE,Administration,Fees,"fee portal is down, last date tomorrow",0.29,4,false,true,FEE_ISSUE_38,0.09,true,10
CMP-C4E50FCB,2026-02-22 00:11:11,Email,ECE,Hostel,Food Hygiene,meess food is unhygienic nd causing health issues,0.34,4,true,true,MESS_FOOD_POISONING_124,0.21,false,46
CMP-4E5D31B0,2026-02-22 03:27:34,WhatsApp,CSE,Academic,Attendance,Prof hasn't shown up for classes this whole week.,0.1,2,true,true,FACULTY_ATTENDANCE_80,0.15,false,27
CMP-F78CA040,2026-02-22 04:07:41,Email,Common,Academic,Attendance,teacher not coming but taking attendance online??,0.4,3,false,false,FACULTY_ATTENDANCE_35,0.18,true,
CMP-F44E2FF9,2026-02-22 04:38:58,Anonymous Report,Common,Academic,Attendance,Professor missed the last three lectures without prior notice.,0.33,2,false,true,FACULTY_ATTENDANCE_35,0.1,false,35
CMP-46766F63,2026-02-22 05:36:36,Email,EEE,Academic,Attendance,My attendance was marked absent even though I was present.,0.16,2,false,true,FACULTY_ATTENDANCE_35,0.3,true,33
CMP-CDA95740,2026-02-22 06:11:30,WhatsApp,ME,Academic,Attendance,Professor missed the last three lectures without prior notice.,0.29,2,true,true,FACULTY_ATTENDANCE_35,0.12,false,22
CMP-794B4968,2026-02-22 06:21:24,Form,CSE,Hostel,Food Hygiene,stale food served in hostel B dinner,0.36,5,true,true,MESS_FOOD_POISONING_124,0.16,true,42
CMP-C2D20865,2026-02-22 09:09:02,Form,CSE,Hostel,Food Hygiene,mess food is unhygienic and causing health issues,0.33,4,true,false,MESS_FOOD_POISONING_124,0.22,true,
CMP-69F05628,2026-02-22 09:18:52,WhatsApp,ME,Infrastructure,Network,library network outage since morning,0.36,4,false,true,WIFI_OUTAGE_LIBRARY_47,0.07,false,24
CMP-5ED4AE02,2026-02-22 09:21:24,WhatsApp,MBA,Academic,Attendance,teacher not coming but taking attendance online??,0.2,3,false,true,FACULTY_ATTENDANCE_80,0.29,false,48
CMP-6D955626,2026-02-22 09:22:42,Email,CSE,Infrastructure,Network,library wifi is completely dead. Please fix it ASAP.,0.32,3,true,true,WIFI_OUTAGE_LIBRARY_47,0.07,true,46
CMP-93A9657E,2026-02-22 10:11:24,WhatsApp,CSE,Academic,Attendance,attendance portal is showing wrong data for CS101,0.21,3,false,false,FACULTY_ATTENDANCE_35,0.17,false,
CMP-5C29B2EA,2026-02-22 10:39:01,App,CE,Hostel,Food Hygiene,Mess food quality in hostel B has deteriorated significantly.,0.13,4,true,true,MESS_FOOD_POISONING_124,0.01,false,16
CMP-F7442C5C,2026-02-22 11:27:41,Form,ECE,Academic,Attendance,Prof hasn't shown up for classes this whole week.,0.27,2,false,true,FACULTY_ATTENDANCE_80,0.07,false,2
CMP-684AFBFA,2026-02-22 12:32:14,WhatsApp,ECE,Academic,Attendance,my tteendance was marked absent even though i was present.,0.23,2,false,false,FACULTY_ATTENDANCE_35,0.06,false,
CMP-EAF6F35D,2026-02-22 12:37:39,Email,CSE,Academic,Attendance,Faculty attendance policy bahut unfair hai.,0.33,2,false,true,FACULTY_ATTENDANCE_35,0.27,true,3
CMP-779D1231,2026-02-22 13:05:49,Anonymous Report,CSE,Hostel,Food Hygiene,Food quality in the mess has degraded significantly.,0.39,4,true,true,MESS_FOOD_POISONING_124,0.09,false,31
CMP-CBAF1DBD,2026-02-22 14:10:14,WhatsApp,Common,Academic,Attendance,attendance issue in DBMS class,0.2,2,false,true,FACULTY_ATTENDANCE_80,0.26,false,33
CMP-69B78556,2026-02-22 14:42:15,WhatsApp,CSE,Infrastructure,Network,wifi firsee gya 😭 library me,0.31,4,false,true,WIFI_OUTAGE_LIBRARY_47,0.05,false,29
CMP-34EF7B2B,2026-02-22 15:55:18,Form,CE,Academic,Attendance,Prof hasn't shown up for classes this whole week.,0.17,2,false,true,FACULTY_ATTENDANCE_35,0.12,false,47
CMP-D7FA23C6,2026-02-22 16:04:07,WhatsApp,CSE,Academic,Attendance,My attendance was marked absent even though I was present.,0.24,3,false,true,FACULTY_ATTENDANCE_35,0.25,false,10
CMP-1099C5F9,2026-02-22 16:11:40,Email,CE,Hostel,Food Hygiene,mess food is unhygienic and causing health issues,0.17,4,true,true,MESS_FOOD_POISONING_124,0.3,false,4
CMP-0A0353FC,2026-02-22 16:34:07,Form,CSE,Hostel,Food Hygiene,stale food served in hostel B dinner,0.21,5,true,true,MESS_FOOD_POISONING_124,0.17,false,31
CMP-7EBDF196,2026-02-22 17:28:05,Anonymous Report,ECE,Infrastructure,Network,library network outage since morning,0.36,4,true,true,WIFI_OUTAGE_LIBRARY_47,0.08,true,11
CMP-A60B46BB,2026-02-22 17:39:22,WhatsApp,CSE,Academic,Attendance,Faculty attendance policy bahut unfair hai.,0.37,2,false,true,FACULTY_ATTENDANCE_80,0.24,false,39
CMP-61CFCA0D,2026-02-22 20:37:23,WhatsApp,CSE,Academic,Attendance,attendance issue in DBMS class,0.39,3,false,true,FACULTY_ATTENDANCE_35,0.21,true,37
CMP-EEB670DC,2026-02-22 21:59:59,WhatsApp,ECE,Academic,Attendance,My attendance was marked absent even though I was present.,0.2,3,true,true,FACULTY_ATTENDANCE_35,0.02,false,15
CMP-56651CAD,2026-02-22 22:14:52,WhatsApp,ME,Academic,Attendance,Professor missed the last three lectures without prior notice.,0.24,2,false,true,FACULTY_ATTENDANCE_80,0.07,false,17
CMP-5986674A,2026-02-22 23:06:51,WhatsApp,CSE,Hostel,Food Hygiene,Mess food quality in hostel B has deteriorated significantly.,0.36,4,true,false,MESS_FOOD_POISONING_124,0.29,true,
CMP-7AA42D87,2026-02-23 01:27:57,Email,CSE,Academic,Attendance,My attendance was marked absent even though I was present.,0.31,2,false,false,FACULTY_ATTENDANCE_6,0.14,false,
CMP-9866D311,2026-02-23 02:15:12,WhatsApp,CSE,Academic,Attendance,teacher not coming but taking attendance online??,0.37,2,false,true,FACULTY_ATTENDANCE_80,0.12,false,9
CMP-AF05DAC4,2026-02-23 03:03:42,Email,CSE,Infrastructure,Network,library me net nahi chal raha kab thik hoga,0.31,3,false,true,WIFI_OUTAGE_LIBRARY_47,0.06,false,27
CMP-F61E4696,2026-02-23 03:38:56,Form,EEE,Infrastructure,Network,wifi firse gaya 😭 library me,0.12,4,false,true,WIFI_OUTAGE_LIBRARY_47,0.28,false,11
CMP-FEDE280A,2026-02-23 06:04:17,App,EEE,Infrastructure,Network,library wifi is completely dead. Please fix it ASAP.,0.18,5,false,false,WIFI_OUTAGE_LIBRARY_47,0.2,false,
CMP-EAA58D7C,2026-02-23 06:13:46,Email,ECE,Academic,Attendance,My attendance was marked absent even though I was present.,0.34,3,false,false,FACULTY_ATTENDANCE_80,0.01,false,
CMP-EF11618A,2026-02-23 07:08:27,App,CSE,Academic,Attendance,Professor missed the last three lectures without prior notice.,0.36,2,false,false,FACULTY_ATTENDANCE_80,0.04,false,
CMP-72F95349,2026-02-23 07:21:56,WhatsApp,ECE,Hostel,Food Hygiene,meess food is unhygienic nd causing health issues,0.15,5,true,false,MESS_FOOD_POISONING_124,0.26,false,
CMP-A9CD31C8,2026-02-23 07:39:03,Anonymous Report,CSE,Hostel,Food Hygiene,Food quality in the mess has degraded significantly.,0.34,4,true,true,MESS_FOOD_POISONING_124,0.07,false,29
CMP-1F4333D0,2026-02-23 08:07:57,WhatsApp,CE,Hostel,Food Hygiene,stale food served in hostel B dinner,0.27,4,true,false,MESS_FOOD_POISONING_124,0.07,false,
CMP-1A4DC755,2026-02-23 09:24:41,WhatsApp,CSE,Hostel,Food Hygiene,Mess food quality in hostel B has deteriorated significantly.,0.15,5,true,true,MESS_FOOD_POISONING_124,0.07,false,47
CMP-E164F6A4,2026-02-23 12:01:03,WhatsApp,ECE,Academic,Attendance,Faculty attendance policy bahut unfair hai.,0.28,3,false,false,FACULTY_ATTENDANCE_80,0.28,true,
CMP-6729EAF8,2026-02-23 13:34:55,WhatsApp,ME,Academic,Attendance,My attendance was marked absent even though I was present.,0.33,2,true,false,FACULTY_ATTENDANCE_80,0.18,false,
CMP-F76E18C8,2026-02-23 14:18:37,App,MBA,Hostel,Food Hygiene,"mess ka khana bahut kharab hai, log beemar pad rahe hain",0.25,4,false,true,MESS_FOOD_POISONING_124,0.21,false,7
CMP-E4CBB127,2026-02-23 16:18:21,Email,CSE,Academic,Attendance,Prof hasn't shown up for classes this whole week.,0.13,3,false,true,FACULTY_ATTENDANCE_6,0.05,false,10
CMP-239496EC,2026-02-23 16:57:26,App,CSE,Infrastructure,Network,Unable to access internet in library,0.27,5,true,true,WIFI_OUTAGE_LIBRARY_47,0.28,false,16
CMP-39F9759B,2026-02-23 17:01:55,WhatsApp,CSE,Hostel,Food Hygiene,Mess food quality in hostel B has deteriorated significantly.,0.26,5,true,true,MESS_FOOD_POISONING_124,0.12,true,15
CMP-28C4F13D,2026-02-23 17:17:22,Email,Common,Academic,Attendance,teacher not coming but taking attendance online??,0.29,2,false,true,FACULTY_ATTENDANCE_80,0.18,false,39
CMP-6E8B0459,2026-02-23 18:20:47,Email,ECE,Hostel,Food Hygiene,I got food poisoning after eating dinner yesterday.,0.3,5,true,true,MESS_FOOD_POISONING_124,0.04,true,24
CMP-6B221811,2026-02-23 19:35:33,Form,CE,Infrastructure,Network,unblee to access internet in library,0.16,4,false,false,WIFI_OUTAGE_LIBRARY_47,0.2,false,
CMP-8DD4828D,2026-02-23 20:07:01,WhatsApp,ME,Infrastructure,Network,Unable to access internet in library,0.12,4,true,false,WIFI_OUTAGE_LIBRARY_47,0.17,false,
CMP-81AE0DC6,2026-02-23 21:00:24,Anonymous Report,CSE,Hostel,Food Hygiene,Found a bug in my salad at the main cafeteria.,0.16,5,false,false,MESS_FOOD_POISONING_124,0.03,false,
CMP-11CE7631,2026-02-23 21:29:27,Anonymous Report,CSE,Hostel,Food Hygiene,stale food served in hostel B dinner,0.37,5,true,true,MESS_FOOD_POISONING_124,0.13,false,44
CMP-1EDEB4CE,2026-02-23 21:47:48,App,CSE,Hostel,Food Hygiene,Food quality in the mess has degraded significantly.,0.21,4,true,true,MESS_FOOD_POISONING_124,0.12,false,26
CMP-66B72F0D,2026-02-24 00:57:26,Email,CE,Academic,Attendance,My attendance was marked absent even though I was present.,0.36,3,false,false,FACULTY_ATTENDANCE_6,0.0,true,
CMP-B84F4BCF,2026-02-24 02:07:36,Form,ECE,Academic,Exams,The CS101 final exam schedule conflicts with the MA201 exam.,0.13,3,false,false,EXAM_SCHEDULE_ISSUE_229,0.26,false,
CMP-E4B243B5,2026-02-24 04:54:12,WhatsApp,CSE,Academic,Exams,mid sem dates are clashing with technical fest,0.1,4,true,false,EXAM_SCHEDULE_ISSUE_229,0.14,false,
CMP-2A23FB96,2026-02-24 07:16:06,WhatsApp,ECE,Academic,Exams,syllabus for exams not declared yet,0.23,3,true,false,EXAM_SCHEDULE_ISSUE_229,0.28,false,
CMP-F7BA360E,2026-02-24 08:04:15,WhatsApp,CSE,Academic,Attendance,Professor missed the last three lectures without prior notice.,0.38,3,false,false,FACULTY_ATTENDANCE_6,0.09,false,
CMP-5CA7A283,2026-02-24 08:13:54,Anonymous Report,CSE,Academic,Exams,The CS101 final exam schedule conflicts with the MA201 exam.,0.11,5,false,false,EXAM_SCHEDULE_ISSUE_229,0.07,false,
CMP-8475665E,2026-02-24 08:14:19,Form,ECE,Academic,Attendance,my tteendance was marked absent even though i was present.,0.36,2,false,true,FACULTY_ATTENDANCE_6,0.21,false,42
CMP-2ABC21C4,2026-02-24 08:29:30,WhatsApp,ECE,Academic,Attendance,Faculty attendance policy bahut unfair hai.,0.12,3,false,true,FACULTY_ATTENDANCE_6,0.26,false,48
CMP-EE3F4405,2026-02-24 08:43:34,Email,CSE,Academic,Exams,The CS101 final exam schedule conflicts with the MA201 exam.,0.2,4,true,true,EXAM_SCHEDULE_ISSUE_229,0.23,false,37
CMP-4F9662C3,2026-02-24 12:01:01,WhatsApp,Common,Academic,Exams,The CS101 final exam schedule conflicts with the MA201 exam.,0.29,3,true,true,EXAM_SCHEDULE_ISSUE_229,0.23,false,17
CMP-1D438E93,2026-02-24 14:22:50,WhatsApp,CSE,Academic,Exams,The CS101 final exam schedule conflicts with the MA201 exam.,0.13,5,false,true,EXAM_SCHEDULE_ISSUE_229,0.26,false,12
CMP-0A8C7C10,2026-02-24 15:59:01,App,ECE,Academic,Exams,Need to reschedule the database systems exam.,0.16,4,true,true,EXAM_SCHEDULE_ISSUE_229,0.23,false,44
CMP-FDC36DF1,2026-02-24 16:09:38,App,CSE,Academic,Exams,mid sem dates are clashing with technical fest,0.17,4,true,true,EXAM_SCHEDULE_ISSUE_229,0.01,true,21
CMP-69A096B1,2026-02-24 16:24:27,WhatsApp,CSE,Academic,Attendance,Faculty attendance policy bahut unfair hai.,0.14,2,false,true,FACULTY_ATTENDANCE_6,0.02,false,9
CMP-4BF8191D,2026-02-24 18:29:39,Email,CSE,Academic,Exams,syllabus for exams not declared yet,0.35,3,true,true,EXAM_SCHEDULE_ISSUE_229,0.28,false,25
CMP-B95A54BB,2026-02-24 23:09:31,WhatsApp,CSE,Academic,Attendance,attendance portal is showing wrong data for CS101,0.32,2,false,false,FACULTY_ATTENDANCE_6,0.01,false,
CMP-4B879DE4,2026-02-25 00:46:39,Form,CSE,Infrastructure,Network,library wifi is completely dead. Please fix it ASAP.,0.29,5,false,false,WIFI_OUTAGE_LIBRARY_238,0.01,false,
CMP-CD5E0F3E,2026-02-25 00:55:16,Email,ME,Academic,Exams,2 exams on the same day is unfair,0.3,3,true,true,EXAM_SCHEDULE_ISSUE_150,0.24,false,34
CMP-07FE2D06,2026-02-25 02:07:34,WhatsApp,ECE,Academic,Exams,mid seem dtes are clashing with technical fest,0.12,4,true,false,EXAM_SCHEDULE_ISSUE_150,0.22,false,
CMP-FC1267E6,2026-02-25 03:33:05,Anonymous Report,ECE,Infrastructure,Network,library me net nahi chal raha kab thik hoga,0.26,4,true,true,WIFI_OUTAGE_LIBRARY_238,0.17,false,32
CMP-942A797E,2026-02-25 03:33:52,Anonymous Report,ECE,Academic,Exams,syllabus for exams not declared yet,0.38,3,false,false,EXAM_SCHEDULE_ISSUE_150,0.12,false,
CMP-71D004B7,2026-02-25 05:14:17,WhatsApp,ECE,Infrastructure,Network,wifi firse gaya 😭 library me,0.26,3,true,false,WIFI_OUTAGE_LIBRARY_238,0.11,false,
CMP-70796172,2026-02-25 06:29:06,WhatsApp,ECE,Academic,Exams,syllabus for exams not declared yet,0.29,5,true,false,EXAM_SCHEDULE_ISSUE_229,0.26,false,
CMP-C25AFF05,2026-02-25 06:34:03,WhatsApp,EEE,Academic,Exams,2 exams on the same day is unfair,0.12,4,true,true,EXAM_SCHEDULE_ISSUE_229,0.2,false,46
CMP-4656F6AA,2026-02-25 06:42:12,WhatsApp,ME,Academic,Exams,"exam schedule is too tight, no prep leaves",0.24,5,true,false,EXAM_SCHEDULE_ISSUE_229,0.19,false,
CMP-26510804,2026-02-25 08:11:01,Email,CSE,Academic,Exams,mid sem dates are clashing with technical fest,0.19,3,false,false,EXAM_SCHEDULE_ISSUE_229,0.18,false,
CMP-EBEF68A3,2026-02-25 08:59:11,WhatsApp,CSE,Academic,Exams,The CS101 final exam schedule conflicts with the MA201 exam.,0.19,5,false,false,EXAM_SCHEDULE_ISSUE_229,0.19,false,
CMP-2E632E2F,2026-02-25 09:24:47,Form,MBA,Academic,Exams,2 exams on the same day is unfair,0.32,5,true,false,EXAM_SCHEDULE_ISSUE_229,0.28,false,
CMP-AAE92E90,2026-02-25 09:44:35,Form,CE,Academic,Exams,mid sem dates are clashing with technical fest,0.3,3,false,true,EXAM_SCHEDULE_ISSUE_229,0.23,false,35
CMP-9BC07B5C,2026-02-25 12:05:31,Anonymous Report,CE,Academic,Exams,Need to reschedule the database systems exam.,0.2,5,true,false,EXAM_SCHEDULE_ISSUE_150,0.06,false,
CMP-D07CDF0B,2026-02-25 12:15:29,WhatsApp,CE,Academic,Exams,Need to reschedule the database systems exam.,0.23,3,true,false,EXAM_SCHEDULE_ISSUE_150,0.17,false,
CMP-88B55381,2026-02-25 13:02:23,Form,Common,Infrastructure,Network,no inteernet connection in the librry again.,0.38,4,false,true,WIFI_OUTAGE_LIBRARY_238,0.27,false,25
CMP-D6A136B0,2026-02-25 13:09:38,WhatsApp,Common,Academic,Exams,syllabus for exams not declared yet,0.25,3,false,true,EXAM_SCHEDULE_ISSUE_229,0.25,false,43
CMP-86201588,2026-02-25 17:41:29,Form,CSE,Academic,Exams,syllbus for eexams not declared yet,0.1,4,false,false,EXAM_SCHEDULE_ISSUE_150,0.04,false,
CMP-2A967D6D,2026-02-25 18:41:10,WhatsApp,CSE,Academic,Exams,"exam schedule is too tight, no prep leaves",0.3,3,true,true,EXAM_SCHEDULE_ISSUE_150,0.01,false,21
CMP-FA968E1B,2026-02-25 19:00:47,Form,CSE,Academic,Exams,The CS101 final exam schedule conflicts with the MA201 exam.,0.33,3,false,true,EXAM_SCHEDULE_ISSUE_229,0.25,false,21
CMP-67E4D205,2026-02-25 20:26:52,WhatsApp,ECE,Academic,Exams,Need to reschedule the database systems exam.,0.28,3,true,false,EXAM_SCHEDULE_ISSUE_150,0.12,false,
CMP-D49F62C2,2026-02-25 20:40:14,Email,ECE,Academic,Exams,syllabus for exams not declared yet,0.19,3,true,true,EXAM_SCHEDULE_ISSUE_229,0.01,false,23
CMP-552C5A7A,2026-02-25 20:51:05,WhatsApp,ECE,Academic,Exams,2 exams on the same day is unfair,0.23,5,true,false,EXAM_SCHEDULE_ISSUE_229,0.08,false,
CMP-0CE7D44D,2026-02-25 20:59:43,App,CSE,Academic,Exams,"exam schedule is too tight, no prep leaves",0.36,5,true,false,EXAM_SCHEDULE_ISSUE_150,0.26,false,
CMP-B6386E32,2026-02-25 23:58:25,Email,ECE,Academic,Exams,"eexm schedule is too tight, no prep leaves",0.28,3,false,true,EXAM_SCHEDULE_ISSUE_229,0.14,false,33
CMP-B8A1A5FF,2026-02-26 00:02:45,Anonymous Report,CSE,Hostel,Water,no drinking wteer on 3rd floor,0.11,3,false,false,HOSTEL_WATER_ISSUE_170,0.26,true,
CMP-D3C2B50C,2026-02-26 00:19:16,Form,CSE,Academic,Exams,"exam schedule is too tight, no prep leaves",0.16,3,true,false,EXAM_SCHEDULE_ISSUE_150,0.03,false,
CMP-995511FC,2026-02-26 00:32:41,Form,MBA,Hostel,Food Hygiene,Food quality in the mess has degraded significantly.,0.27,4,true,false,MESS_FOOD_POISONING_134,0.01,true,
CMP-11D32881,2026-02-26 01:10:49,WhatsApp,CSE,Academic,Exams,2 exams on the same day is unfair,0.13,3,true,true,EXAM_SCHEDULE_ISSUE_150,0.3,false,32
CMP-EE602933,2026-02-26 01:38:47,WhatsApp,CE,Hostel,Food Hygiene,mess food is unhygienic and causing health issues,0.35,5,true,false,MESS_FOOD_POISONING_134,0.25,false,
CMP-946010DB,2026-02-26 02:43:30,Form,CSE,Hostel,Water,no drinking water on 3rd floor,0.15,3,false,true,HOSTEL_WATER_ISSUE_170,0.02,false,29
CMP-674B6D29,2026-02-26 02:47:25,App,ECE,Hostel,Food Hygiene,I got food poisoning after eating dinner yesterday.,0.31,4,true,false,MESS_FOOD_POISONING_134,0.19,false,
CMP-BC18FBF5,2026-02-26 03:42:29,Form,ECE,Hostel,Water,water cooler in Block C is dispensing dirty water.,0.37,3,false,true,HOSTEL_WATER_ISSUE_170,0.18,false,15
CMP-0EB7213F,2026-02-26 03:47:14,WhatsApp,CSE,Infrastructure,Network,library me net nahi chal raha kab thik hoga,0.18,3,false,true,WIFI_OUTAGE_LIBRARY_238,0.26,false,28
CMP-49853402,2026-02-26 03:58:26,WhatsApp,CE,Training,Curriculum,Socket programming was introduced unexpectedly.,0.19,2,false,true,TRAINING_TOC_MISMATCH_135,0.27,false,38
CMP-6BCD8E48,2026-02-26 04:11:56,App,CSE,Hostel,Water,no drinking water on 3rd floor,0.14,4,false,true,HOSTEL_WATER_ISSUE_170,0.03,false,22
CMP-6822671D,2026-02-26 04:12:05,Anonymous Report,Common,Infrastructure,Network,library me net nahi chal raha kab thik hoga,0.21,5,true,false,WIFI_OUTAGE_LIBRARY_238,0.02,true,
CMP-19A17633,2026-02-26 04:27:57,App,ECE,Training,Curriculum,The Java trainer skipped scheduled topics.,0.37,3,true,true,TRAINING_TOC_MISMATCH_135,0.29,false,27
CMP-8EC18F0E,2026-02-26 04:32:15,WhatsApp,CSE,Academic,Exams,syllbus for eexams not declared yet,0.2,5,false,false,EXAM_SCHEDULE_ISSUE_150,0.24,false,
CMP-3AE11619,2026-02-26 05:25:42,WhatsApp,ECE,Training,Curriculum,The trainer is not following the announced syllabus.,0.22,3,true,true,TRAINING_TOC_MISMATCH_135,0.07,false,17
CMP-D4AF10D1,2026-02-26 05:29:45,Form,CSE,Infrastructure,Network,library wifi is completely dead. Please fix it ASAP.,0.15,3,false,true,WIFI_OUTAGE_LIBRARY_238,0.04,false,7
CMP-6555778D,2026-02-26 06:54:08,WhatsApp,Common,Hostel,Water,There is no hot water in Block B hostels since yesterday.,0.2,3,true,true,HOSTEL_WATER_ISSUE_209,0.14,false,40
CMP-33397827,2026-02-26 07:18:39,App,ME,Hostel,Water,plumber not fixing the leaking tap in room 204,0.2,4,false,true,HOSTEL_WATER_ISSUE_209,0.25,false,42
CMP-0AB81037,2026-02-26 07:53:09,WhatsApp,CSE,Training,Curriculum,topics skipped by placement trainer today,0.26,2,true,false,TRAINING_TOC_MISMATCH_135,0.04,false,
CMP-3485C9EB,2026-02-26 09:06:24,WhatsApp,CSE,Training,Curriculum,Topics outside the official TOC are being taught.,0.29,2,true,true,TRAINING_TOC_MISMATCH_135,0.2,false,30
CMP-9778B201,2026-02-26 09:26:56,WhatsApp,CSE,Infrastructure,Network,librry mee net nahi chal raha kab thik hoga,0.34,5,false,false,WIFI_OUTAGE_LIBRARY_238,0.26,false,
CMP-2500C564,2026-02-26 09:53:55,WhatsApp,CSE,Infrastructure,Network,wifi firse gaya 😭 library me,0.11,3,false,false,WIFI_OUTAGE_LIBRARY_238,0.09,false,
CMP-770347D8,2026-02-26 10:22:27,WhatsApp,ECE,Academic,Exams,"exam schedule is too tight, no prep leaves",0.39,5,true,true,EXAM_SCHEDULE_ISSUE_150,0.13,false,45
CMP-78671F67,2026-02-26 10:37:50,WhatsApp,ECE,Hostel,Water,water cooler in Block C is dispensing dirty water.,0.32,4,true,true,HOSTEL_WATER_ISSUE_209,0.2,false,3
CMP-14BE0181,2026-02-26 10:41:26,WhatsApp,ECE,Academic,Exams,"exam schedule is too tight, no prep leaves",0.29,3,true,false,EXAM_SCHEDULE_ISSUE_150,0.02,false,
CMP-044461B5,2026-02-26 10:49:06,App,ECE,Hostel,Water,paani nahi aa raha subah se,0.33,4,true,false,HOSTEL_WATER_ISSUE_209,0.07,false,
CMP-3DA685E0,2026-02-26 10:49:41,WhatsApp,ECE,Infrastructure,Network,wifi firse gaya 😭 library me,0.2,4,true,false,WIFI_OUTAGE_LIBRARY_238,0.04,false,
CMP-F66ABCFC,2026-02-26 11:29:53,App,CSE,Hostel,Food Hygiene,Found a bug in my salad at the main cafeteria.,0.14,4,true,true,MESS_FOOD_POISONING_134,0.12,false,24
CMP-8837C780,2026-02-26 11:47:26,Form,CSE,Academic,Exams,neeed to reschedule the dtabase systems exam.,0.18,5,false,true,EXAM_SCHEDULE_ISSUE_150,0.14,false,21
CMP-5D48F4AF,2026-02-26 13:42:09,Email,ECE,Hostel,Food Hygiene,stale food served in hostel B dinner,0.26,5,false,false,MESS_FOOD_POISONING_134,0.22,false,
CMP-7369A74C,2026-02-26 13:51:26,Email,Common,Hostel,Water,theere is no hot wter in block b hostels since yesterday.,0.12,3,false,false,HOSTEL_WATER_ISSUE_209,0.17,false,
CMP-6B312475,2026-02-26 14:15:18,Email,EEE,Hostel,Food Hygiene,I got food poisoning after eating dinner yesterday.,0.16,5,true,false,MESS_FOOD_POISONING_134,0.24,false,
CMP-C92A88EC,2026-02-26 14:43:29,Email,EEE,Academic,Exams,"exam schedule is too tight, no prep leaves",0.37,4,true,true,EXAM_SCHEDULE_ISSUE_150,0.22,false,24
CMP-F3D01561,2026-02-26 15:56:08,Email,Common,Hostel,Water,There is no hot water in Block B hostels since yesterday.,0.15,4,false,false,HOSTEL_WATER_ISSUE_209,0.25,false,
CMP-FE56EE34,2026-02-26 16:07:30,Anonymous Report,CSE,Training,Curriculum,The Java trainer skipped scheduled topics.,0.28,2,false,true,TRAINING_TOC_MISMATCH_135,0.19,false,27
CMP-FCF7350A,2026-02-26 17:09:23,WhatsApp,CE,Hostel,Water,paani nahi aa raha subah se,0.34,4,false,false,HOSTEL_WATER_ISSUE_209,0.29,true,
CMP-3F734B72,2026-02-26 17:23:51,App,MBA,Training,Curriculum,Topics outside the official TOC are being taught.,0.22,4,false,false,TRAINING_TOC_MISMATCH_135,0.11,false,
CMP-09A7E414,2026-02-26 17:25:35,WhatsApp,CSE,Academic,Exams,Need to reschedule the database systems exam.,0.28,5,false,false,EXAM_SCHEDULE_ISSUE_150,0.13,false,
CMP-917E1B4F,2026-02-26 17:39:47,WhatsApp,CSE,Academic,Exams,The CS101 final exam schedule conflicts with the MA201 exam.,0.29,5,false,true,EXAM_SCHEDULE_ISSUE_150,0.16,true,41
CMP-3841F185,2026-02-26 18:28:44,Form,ECE,Hostel,Food Hygiene,found  bug in my salad at thee main cafeteria.,0.26,5,false,false,MESS_FOOD_POISONING_134,0.2,false,
CMP-A0CA7AE4,2026-02-26 18:46:38,WhatsApp,CSE,Academic,Exams,2 exams on the same day is unfair,0.16,4,true,true,EXAM_SCHEDULE_ISSUE_150,0.26,false,5
CMP-B404E985,2026-02-26 19:02:24,Form,ECE,Hostel,Water,water cooler in Block C is dispensing dirty water.,0.33,4,true,true,HOSTEL_WATER_ISSUE_170,0.23,false,20
CMP-49A13FC1,2026-02-26 19:08:03,App,CSE,Infrastructure,Network,library me net nahi chal raha kab thik hoga,0.31,5,false,false,WIFI_OUTAGE_LIBRARY_238,0.21,false,
CMP-39676CF0,2026-02-26 19:27:07,Email,CSE,Hostel,Food Hygiene,Mess food quality in hostel B has deteriorated significantly.,0.38,4,true,false,MESS_FOOD_POISONING_134,0.09,false,
CMP-C6C550FD,2026-02-26 19:28:52,App,CE,Hostel,Water,plumber not fixing the leaking tap in room 204,0.33,3,false,false,HOSTEL_WATER_ISSUE_170,0.08,false,
CMP-F5A20044,2026-02-26 20:09:39,Form,Common,Training,Curriculum,training ka pace bahut fast hai kuch samajh nahi aa raha,0.25,4,true,true,TRAINING_TOC_MISMATCH_135,0.08,false,36
CMP-C3092607,2026-02-26 20:23:40,Form,ECE,Hostel,Water,paani nahi aa raha subah se,0.19,4,false,true,HOSTEL_WATER_ISSUE_209,0.14,false,41
CMP-17A59B28,2026-02-26 21:20:02,Anonymous Report,CSE,Infrastructure,Network,Unable to access internet in library,0.37,3,true,true,WIFI_OUTAGE_LIBRARY_238,0.16,false,31
CMP-CD41DD10,2026-02-26 22:08:47,Anonymous Report,CSE,Infrastructure,Network,The Wi-Fi in the main library has been down for three days now.,0.35,5,false,false,WIFI_OUTAGE_LIBRARY_238,0.09,false,
CMP-9406C80B,2026-02-26 22:27:14,WhatsApp,ECE,Hostel,Food Hygiene,I got food poisoning after eating dinner yesterday.,0.11,5,false,true,MESS_FOOD_POISONING_134,0.23,true,31
CMP-503CA47D,2026-02-26 23:01:19,Email,ECE,Hostel,Food Hygiene,Mess food quality in hostel B has deteriorated significantly.,0.12,5,true,false,MESS_FOOD_POISONING_134,0.06,false,
CMP-4526928D,2026-02-27 00:16:55,Email,ME,Academic,Exams,"exam schedule is too tight, no prep leaves",0.27,4,false,true,EXAM_SCHEDULE_ISSUE_178,0.29,false,38
CMP-FB5DFDB4,2026-02-27 00:27:52,Anonymous Report,CSE,Hostel,Water,pani nahi aa raha subah see,0.34,4,true,true,HOSTEL_WATER_ISSUE_209,0.23,false,48
CMP-83B3A44F,2026-02-27 00:39:56,WhatsApp,CSE,Hostel,Water,There is no hot water in Block B hostels since yesterday.,0.34,4,false,true,HOSTEL_WATER_ISSUE_209,0.21,false,44
CMP-C17D8E72,2026-02-27 00:49:05,Anonymous Report,ME,Academic,Exams,Need to reschedule the database systems exam.,0.24,3,true,false,EXAM_SCHEDULE_ISSUE_161,0.19,false,
CMP-9CA58352,2026-02-27 01:01:56,Anonymous Report,CE,Hostel,Food Hygiene,Food quality in the mess has degraded significantly.,0.2,4,true,false,MESS_FOOD_POISONING_134,0.06,false,
CMP-E1669501,2026-02-27 01:22:21,WhatsApp,Common,Academic,Exams,2 exams on the same day is unfair,0.31,4,false,true,EXAM_SCHEDULE_ISSUE_161,0.15,true,36
CMP-FDCA87C1,2026-02-27 01:24:04,Email,Common,Hostel,Water,no drinking water on 3rd floor,0.1,3,false,true,HOSTEL_WATER_ISSUE_209,0.27,false,48
CMP-D918B43A,2026-02-27 01:39:49,Email,ECE,Hostel,Water,water cooler in Block C is dispensing dirty water.,0.4,3,false,true,HOSTEL_WATER_ISSUE_40,0.16,false,38
CMP-2090EE6F,2026-02-27 02:17:21,WhatsApp,CE,Placement,Scheduling,Please reschedule the Infosys pre-placement talk.,0.17,5,true,true,PLACEMENT_INTERVIEW_CLASH_86,0.27,false,33
CMP-0380C601,2026-02-27 02:18:40,Anonymous Report,CSE,Hostel,Water,plumber not fixing the leaking tap in room 204,0.35,4,false,false,HOSTEL_WATER_ISSUE_40,0.06,true,
CMP-E5EBF4BE,2026-02-27 02:37:08,Email,ME,Academic,Exams,syllabus for exams not declared yet,0.25,4,false,true,EXAM_SCHEDULE_ISSUE_161,0.24,false,29
CMP-44BFC3E7,2026-02-27 03:31:37,Form,ECE,Hostel,Water,paani nahi aa raha subah se,0.17,3,false,true,HOSTEL_WATER_ISSUE_209,0.27,false,29
CMP-6E71D1D4,2026-02-27 03:51:03,App,CSE,Placement,Scheduling,hr round postponeed without notice,0.38,5,true,false,PLACEMENT_INTERVIEW_CLASH_86,0.17,false,
CMP-9D5AAFEF,2026-02-27 04:04:23,App,Common,Placement,Scheduling,HR round postponed without notice,0.12,5,true,false,PLACEMENT_INTERVIEW_CLASH_86,0.26,true,
CMP-810FB3E2,2026-02-27 04:36:28,WhatsApp,CE,Academic,Exams,mid sem dates are clashing with technical fest,0.39,3,true,false,EXAM_SCHEDULE_ISSUE_161,0.18,false,
CMP-AED88E65,2026-02-27 04:50:04,WhatsApp,CE,Placement,Scheduling,placement drive and mid sem on same day??,0.38,5,true,true,PLACEMENT_INTERVIEW_CLASH_230,0.19,false,44
CMP-FD046958,2026-02-27 05:02:32,WhatsApp,ME,Hostel,Water,There is no hot water in Block B hostels since yesterday.,0.17,3,true,true,HOSTEL_WATER_ISSUE_40,0.26,false,17
CMP-FD29A4B6,2026-02-27 05:26:38,WhatsApp,CSE,Hostel,Water,There is no hot water in Block B hostels since yesterday.,0.16,4,true,true,HOSTEL_WATER_ISSUE_209,0.12,true,31
CMP-739B2CEF,2026-02-27 05:53:05,Anonymous Report,Common,Academic,Exams,2 exams on the same day is unfair,0.3,3,true,false,EXAM_SCHEDULE_ISSUE_178,0.21,false,
CMP-48D1E41A,2026-02-27 06:34:52,WhatsApp,CSE,Hostel,Food Hygiene,"mess ka khana bahut kharab hai, log beemar pad rahe hain",0.28,5,true,false,MESS_FOOD_POISONING_134,0.23,false,
CMP-A57F78A5,2026-02-27 06:49:45,Form,CSE,Hostel,Food Hygiene,Found a bug in my salad at the main cafeteria.,0.33,5,true,false,MESS_FOOD_POISONING_134,0.12,false,
CMP-367C46D2,2026-02-27 06:50:26,Email,CSE,Placement,Scheduling,TCS interview clashes with my final exam.,0.21,4,true,false,PLACEMENT_INTERVIEW_CLASH_230,0.04,false,
CMP-151BA828,2026-02-27 06:51:52,Email,CSE,Academic,Exams,2 exams on the same day is unfair,0.23,5,false,true,EXAM_SCHEDULE_ISSUE_161,0.01,false,32
CMP-C276A632,2026-02-27 07:49:00,WhatsApp,MBA,Academic,Exams,syllbus for eexams not declared yet,0.18,3,false,true,EXAM_SCHEDULE_ISSUE_161,0.05,false,20
CMP-03D378B2,2026-02-27 08:29:20,WhatsApp,CSE,Placement,Scheduling,placement drive and mid sem on same day??,0.38,4,true,true,PLACEMENT_INTERVIEW_CLASH_86,0.1,false,24
CMP-9AB22475,2026-02-27 08:55:11,WhatsApp,ME,Hostel,Water,plumber not fixing the leaking tap in room 204,0.15,4,false,true,HOSTEL_WATER_ISSUE_170,0.09,false,32
CMP-0EB07107,2026-02-27 08:55:24,Form,CSE,Training,Curriculum,The trainer is not following the announced syllabus.,0.25,3,false,false,TRAINING_TOC_MISMATCH_135,0.2,false,
CMP-01B53F00,2026-02-27 09:07:25,Anonymous Report,CSE,Placement,Scheduling,Interview slots are overlapping for multiple companies.,0.37,4,false,false,PLACEMENT_INTERVIEW_CLASH_86,0.15,false,
CMP-9E0FD7D0,2026-02-27 09:14:19,Form,ECE,Academic,Exams,The CS101 final exam schedule conflicts with the MA201 exam.,0.21,3,true,true,EXAM_SCHEDULE_ISSUE_178,0.17,true,46
CMP-4CB3DFA9,2026-02-27 09:19:22,Anonymous Report,CSE,Academic,Exams,mid sem dates are clashing with technical fest,0.13,4,true,false,EXAM_SCHEDULE_ISSUE_161,0.03,false,
CMP-8CC208FF,2026-02-27 10:03:15,Anonymous Report,CSE,Hostel,Water,"Block B geysers are not working, we need hot water.",0.31,3,true,false,HOSTEL_WATER_ISSUE_209,0.3,false,
CMP-1FC23260,2026-02-27 10:25:32,WhatsApp,ECE,Academic,Exams,The CS101 final exam schedule conflicts with the MA201 exam.,0.2,5,false,true,EXAM_SCHEDULE_ISSUE_161,0.21,false,29
CMP-1082ACD8,2026-02-27 10:27:13,Form,ECE,Placement,Scheduling,placement cell is not responding to mails,0.4,5,true,true,PLACEMENT_INTERVIEW_CLASH_86,0.07,false,20
CMP-54BABA7B,2026-02-27 10:27:28,Email,CSE,Hostel,Water,no drinking water on 3rd floor,0.21,4,true,true,HOSTEL_WATER_ISSUE_40,0.05,false,32
CMP-15116D91,2026-02-27 10:28:24,Form,ME,Academic,Exams,mid sem dates are clashing with technical fest,0.1,4,true,true,EXAM_SCHEDULE_ISSUE_178,0.05,true,34
CMP-023E526C,2026-02-27 10:58:24,Anonymous Report,CE,Academic,Exams,The CS101 final exam schedule conflicts with the MA201 exam.,0.19,4,true,true,EXAM_SCHEDULE_ISSUE_161,0.05,true,40
CMP-9F828363,2026-02-27 11:14:11,App,ME,Hostel,Water,no drinking water on 3rd floor,0.21,3,false,true,HOSTEL_WATER_ISSUE_170,0.0,false,10
CMP-6A0F3C2D,2026-02-27 11:50:45,WhatsApp,ME,Hostel,Water,paani nahi aa raha subah se,0.12,4,false,true,HOSTEL_WATER_ISSUE_170,0.17,false,45
CMP-E5665631,2026-02-27 12:09:50,WhatsApp,Common,Academic,Exams,Need to reschedule the database systems exam.,0.14,5,false,false,EXAM_SCHEDULE_ISSUE_178,0.08,true,
CMP-AEFAFAFA,2026-02-27 12:10:33,Anonymous Report,CSE,Hostel,Water,water cooler in Block C is dispensing dirty water.,0.37,3,true,false,HOSTEL_WATER_ISSUE_40,0.14,false,
CMP-61FEB5B1,2026-02-27 13:34:20,App,ME,Hostel,Water,wteer cooler in block c is dispensing dirty water.,0.35,3,false,false,HOSTEL_WATER_ISSUE_209,0.2,false,
CMP-4C6E046C,2026-02-27 13:57:39,Form,CSE,Placement,Scheduling,pleese reschedule the infosys pre-placement talk.,0.27,5,true,true,PLACEMENT_INTERVIEW_CLASH_230,0.0,false,21
CMP-ADDEA759,2026-02-27 14:08:39,WhatsApp,CSE,Academic,Exams,mid sem dates are clashing with technical fest,0.35,3,true,true,EXAM_SCHEDULE_ISSUE_161,0.27,false,22
CMP-1EEE5065,2026-02-27 14:08:58,Form,ME,Placement,Scheduling,HR round postponed without notice,0.35,4,true,true,PLACEMENT_INTERVIEW_CLASH_86,0.14,false,21
CMP-1DEA9795,2026-02-27 14:37:45,WhatsApp,CSE,Placement,Scheduling,HR round postponed without notice,0.22,5,true,true,PLACEMENT_INTERVIEW_CLASH_230,0.02,false,6
CMP-3669BFA4,2026-02-27 15:01:42,Email,CSE,Academic,Exams,Need to reschedule the database systems exam.,0.11,3,false,false,EXAM_SCHEDULE_ISSUE_161,0.29,false,
CMP-4133B64D,2026-02-27 15:31:35,WhatsApp,Common,Hostel,Water,water cooler in Block C is dispensing dirty water.,0.35,4,true,false,HOSTEL_WATER_ISSUE_40,0.08,false,
CMP-E9F92E6F,2026-02-27 16:06:26,WhatsApp,CSE,Placement,Scheduling,HR round postponed without notice,0.17,4,true,false,PLACEMENT_INTERVIEW_CLASH_230,0.05,false,
CMP-7E304B2F,2026-02-27 16:42:34,Email,CE,Hostel,Water,plumber not fixing the leaking tap in room 204,0.31,4,false,true,HOSTEL_WATER_ISSUE_209,0.17,false,10
CMP-80C40FCC,2026-02-27 17:07:22,Email,ECE,Hostel,Water,water cooler in Block C is dispensing dirty water.,0.19,4,false,false,HOSTEL_WATER_ISSUE_209,0.23,false,
CMP-EDAA6C44,2026-02-27 17:50:55,WhatsApp,CSE,Academic,Exams,2 exams on the same day is unfair,0.14,5,false,false,EXAM_SCHEDULE_ISSUE_178,0.11,false,
CMP-C93626EE,2026-02-27 17:55:06,Email,CSE,Training,Curriculum,Topics outside the official TOC are being taught.,0.31,3,true,true,TRAINING_TOC_MISMATCH_135,0.16,false,20
CMP-0CDB97DB,2026-02-27 17:58:02,Email,CSE,Hostel,Water,plumber not fixing the leaking tap in room 204,0.11,4,false,true,HOSTEL_WATER_ISSUE_170,0.03,false,41
CMP-C84AF15F,2026-02-27 18:11:23,WhatsApp,ECE,Hostel,Water,"Block B geysers are not working, we need hot water.",0.31,3,false,true,HOSTEL_WATER_ISSUE_209,0.26,false,17
CMP-2138AFDD,2026-02-27 18:14:17,Email,CSE,Academic,Exams,The CS101 final exam schedule conflicts with the MA201 exam.,0.11,4,true,true,EXAM_SCHEDULE_ISSUE_161,0.04,false,42
CMP-148FF7C6,2026-02-27 18:20:08,WhatsApp,CE,Training,Curriculum,topics skipped by placement trainer today,0.11,2,false,true,TRAINING_TOC_MISMATCH_135,0.22,false,28
CMP-51964382,2026-02-27 19:20:12,Anonymous Report,EEE,Hostel,Food Hygiene,stale food served in hostel B dinner,0.19,4,true,false,MESS_FOOD_POISONING_134,0.27,false,
CMP-EF03B5E5,2026-02-27 20:23:18,Form,CSE,Hostel,Water,wteer cooler in block c is dispensing dirty water.,0.26,4,true,true,HOSTEL_WATER_ISSUE_209,0.13,false,46
CMP-C47487D7,2026-02-27 21:07:43,WhatsApp,CSE,Hostel,Water,no drinking water on 3rd floor,0.16,3,false,false,HOSTEL_WATER_ISSUE_170,0.2,false,
CMP-FB246B5E,2026-02-27 21:55:57,Form,Common,Training,Curriculum,Trainer is rushing through JDBC concepts.,0.37,4,true,true,TRAINING_TOC_MISMATCH_135,0.19,false,12
CMP-04EF58D1,2026-02-27 22:49:06,WhatsApp,MBA,Training,Curriculum,Trainer is rushing through JDBC concepts.,0.12,3,false,false,TRAINING_TOC_MISMATCH_135,0.12,true,
CMP-5729D0FB,2026-02-27 23:00:42,Form,ECE,Placement,Scheduling,Please reschedule the Infosys pre-placement talk.,0.29,4,true,true,PLACEMENT_INTERVIEW_CLASH_86,0.28,false,39
CMP-F5B5277C,2026-02-27 23:05:46,Email,EEE,Hostel,Water,paani nahi aa raha subah se,0.18,4,true,true,HOSTEL_WATER_ISSUE_170,0.28,false,14
CMP-B1E3777A,2026-02-27 23:08:24,App,CSE,Hostel,Water,water cooler in Block C is dispensing dirty water.,0.32,4,true,true,HOSTEL_WATER_ISSUE_209,0.23,true,29
CMP-A89581D7,2026-02-27 23:13:29,Form,CSE,Hostel,Water,paani nahi aa raha subah se,0.31,4,false,false,HOSTEL_WATER_ISSUE_170,0.17,false,
CMP-741FBF29,2026-02-27 23:27:49,WhatsApp,CSE,Hostel,Water,water cooler in Block C is dispensing dirty water.,0.22,3,false,true,HOSTEL_WATER_ISSUE_40,0.09,false,8
CMP-9E445391,2026-02-28 00:20:27,App,CSE,Academic,Exams,"exam schedule is too tight, no prep leaves",0.27,3,true,true,EXAM_SCHEDULE_ISSUE_77,0.06,false,8
CMP-88E5FC77,2026-02-28 00:36:42,Email,CSE,Infrastructure,Network,Unable to access internet in library,0.11,5,false,false,WIFI_OUTAGE_LIBRARY_29,0.13,true,
CMP-58132240,2026-02-28 01:15:39,WhatsApp,Common,Infrastructure,Network,The Wi-Fi in the main library has been down for three days now.,0.23,3,true,true,WIFI_OUTAGE_LIBRARY_29,0.11,false,3
CMP-44FEBA1F,2026-02-28 01:15:40,Anonymous Report,Common,Hostel,Water,There is no hot water in Block B hostels since yesterday.,0.17,3,false,false,HOSTEL_WATER_ISSUE_132,0.04,true,
CMP-55ABBD39,2026-02-28 01:22:47,App,ECE,Academic,Exams,syllabus for exams not declared yet,0.26,4,false,true,EXAM_SCHEDULE_ISSUE_161,0.21,false,27
CMP-A8E0D19A,2026-02-28 02:01:30,WhatsApp,CSE,Hostel,Water,water cooler in Block C is dispensing dirty water.,0.31,4,true,true,HOSTEL_WATER_ISSUE_40,0.14,false,26
CMP-0D99E1D6,2026-02-28 02:09:42,Anonymous Report,ME,Transport,Bus Delay,Bus route 4 is delayed by 45 minutes.,0.35,2,false,true,TRANSPORT_BUS_DELAY_219,0.17,false,29
CMP-B8EDE594,2026-02-28 02:25:34,Form,Common,Placement,Scheduling,Please reschedule the Infosys pre-placement talk.,0.36,4,true,false,PLACEMENT_INTERVIEW_CLASH_86,0.28,false,
CMP-E499D951,2026-02-28 02:37:30,WhatsApp,CSE,Hostel,Water,paani nahi aa raha subah se,0.37,3,true,true,HOSTEL_WATER_ISSUE_40,0.09,true,25
CMP-0F958BF0,2026-02-28 02:46:22,WhatsApp,ECE,Infrastructure,Network,library network outage since morning,0.2,3,false,false,WIFI_OUTAGE_LIBRARY_29,0.13,false,
CMP-831BE5C7,2026-02-28 02:52:08,WhatsApp,ECE,Hostel,Water,plumber not fixing the leaking tap in room 204,0.39,4,false,false,HOSTEL_WATER_ISSUE_40,0.09,true,
CMP-E4F8BD73,2026-02-28 03:00:20,Form,CE,Placement,Scheduling,HR round postponed without notice,0.19,5,true,false,PLACEMENT_INTERVIEW_CLASH_86,0.28,false,
CMP-2AFB1F8A,2026-02-28 03:27:27,Email,ECE,Academic,Exams,"exam schedule is too tight, no prep leaves",0.28,5,false,true,EXAM_SCHEDULE_ISSUE_178,0.09,false,44
CMP-8254314F,2026-02-28 03:27:42,WhatsApp,ECE,Academic,Exams,"exam schedule is too tight, no prep leaves",0.4,4,false,false,EXAM_SCHEDULE_ISSUE_178,0.1,false,
CMP-84918291,2026-02-28 04:01:11,WhatsApp,CSE,Academic,Exams,syllabus for exams not declared yet,0.11,4,false,false,EXAM_SCHEDULE_ISSUE_77,0.22,false,
CMP-931863D5,2026-02-28 04:01:44,WhatsApp,EEE,Placement,Scheduling,Interview slots are overlapping for multiple companies.,0.13,4,true,true,PLACEMENT_INTERVIEW_CLASH_86,0.05,false,8
CMP-6D059E2D,2026-02-28 04:19:27,WhatsApp,CSE,Academic,Exams,syllabus for exams not declared yet,0.31,5,false,false,EXAM_SCHEDULE_ISSUE_161,0.09,false,
CMP-9A13AE7D,2026-02-28 04:23:04,Form,CSE,Placement,Scheduling,placement cell is not responding to mails,0.39,4,false,true,PLACEMENT_INTERVIEW_CLASH_31,0.04,true,22
CMP-DB7D3E02,2026-02-28 04:36:23,WhatsApp,EEE,Hostel,Water,no drinking wteer on 3rd floor,0.13,4,false,true,HOSTEL_WATER_ISSUE_40,0.11,false,19
CMP-4CE17FDE,2026-02-28 04:38:37,WhatsApp,CE,Harassment,Bullying,Please take action against ragging in boys hostel,0.13,5,true,false,HARASSMENT_REPORT_212,0.82,false,
CMP-8532327A,2026-02-28 05:00:33,Anonymous Report,CSE,Placement,Scheduling,placement cell is not responding to mails,0.23,4,true,false,PLACEMENT_INTERVIEW_CLASH_230,0.1,false,
CMP-7532B880,2026-02-28 05:12:53,Email,MBA,Placement,Scheduling,placement drive and mid sem on same day??,0.39,4,true,true,PLACEMENT_INTERVIEW_CLASH_86,0.01,false,46
CMP-A860F081,2026-02-28 05:15:29,WhatsApp,ECE,Academic,Exams,syllabus for exams not declared yet,0.24,3,true,true,EXAM_SCHEDULE_ISSUE_77,0.13,false,13
CMP-209BF088,2026-02-28 06:04:59,Email,ECE,Transport,Bus Delay,driver of bus 7 is very rude,0.26,3,false,false,TRANSPORT_BUS_DELAY_219,0.16,false,
CMP-49CE54EA,2026-02-28 06:32:15,WhatsApp,CSE,Academic,Exams,2 exams on the same day is unfair,0.35,5,false,true,EXAM_SCHEDULE_ISSUE_77,0.24,false,20
CMP-F1AB40AE,2026-02-28 07:02:43,WhatsApp,CSE,Harassment,Bullying,Please take action against ragging in boys hostel,0.25,5,true,true,HARASSMENT_REPORT_212,0.63,false,25
CMP-70C26122,2026-02-28 07:06:39,WhatsApp,ECE,Academic,Exams,"exam schedule is too tight, no prep leaves",0.34,5,true,false,EXAM_SCHEDULE_ISSUE_178,0.08,true,
CMP-37425360,2026-02-28 07:10:58,Email,ECE,Placement,Scheduling,placement drive and mid sem on same day??,0.39,5,false,false,PLACEMENT_INTERVIEW_CLASH_31,0.02,false,
CMP-FD819ABF,2026-02-28 07:19:54,App,Common,Harassment,Bullying,constant bullying by batchmates,0.37,5,true,false,HARASSMENT_REPORT_212,0.87,false,
CMP-D55054C2,2026-02-28 07:36:09,WhatsApp,CSE,Academic,Exams,mid sem dates are clashing with technical fest,0.3,3,false,true,EXAM_SCHEDULE_ISSUE_77,0.2,false,36
CMP-05FA3CD8,2026-02-28 07:49:57,Email,CSE,Harassment,Bullying,Please take action against ragging in boys hostel,0.14,5,true,true,HARASSMENT_REPORT_212,0.74,true,40
CMP-8A0C1990,2026-02-28 07:55:38,Anonymous Report,CSE,Academic,Exams,syllabus for exams not declared yet,0.2,5,true,false,EXAM_SCHEDULE_ISSUE_77,0.07,false,
CMP-BE892CC9,2026-02-28 07:59:34,WhatsApp,ME,Infrastructure,Network,Unable to access internet in library,0.4,5,false,true,WIFI_OUTAGE_LIBRARY_29,0.18,false,39
CMP-5424AB9A,2026-02-28 08:11:08,App,CSE,Academic,Exams,mid sem dates are clashing with technical fest,0.39,3,true,true,EXAM_SCHEDULE_ISSUE_77,0.01,false,16
CMP-E3CD7D57,2026-02-28 08:30:20,Email,ECE,Placement,Scheduling,hr round postponeed without notice,0.32,5,true,false,PLACEMENT_INTERVIEW_CLASH_86,0.17,true,
CMP-3479F1D5,2026-02-28 09:02:25,WhatsApp,CE,Placement,Scheduling,TCS interview clashes with my final exam.,0.35,5,true,true,PLACEMENT_INTERVIEW_CLASH_31,0.29,true,24
CMP-644FBE96,2026-02-28 09:04:04,Form,ECE,Hostel,Water,plumber not fixing the leaking tap in room 204,0.11,3,false,false,HOSTEL_WATER_ISSUE_132,0.1,false,
CMP-B657609F,2026-02-28 09:57:36,Form,ECE,Placement,Scheduling,placement cell is not responding to mails,0.2,4,true,false,PLACEMENT_INTERVIEW_CLASH_230,0.17,true,
CMP-C5869A19,2026-02-28 09:59:42,WhatsApp,CSE,Placement,Scheduling,HR round postponed without notice,0.26,4,false,true,PLACEMENT_INTERVIEW_CLASH_230,0.23,true,25
CMP-448FC9CE,2026-02-28 10:31:56,Form,CE,Placement,Scheduling,Interview slots are overlapping for multiple companies.,0.37,4,true,false,PLACEMENT_INTERVIEW_CLASH_86,0.24,false,
CMP-F006F1D0,2026-02-28 10:35:18,WhatsApp,ME,Academic,Exams,mid sem dates are clashing with technical fest,0.21,4,true,false,EXAM_SCHEDULE_ISSUE_77,0.1,false,
CMP-24D386AB,2026-02-28 10:37:58,WhatsApp,Common,Transport,Bus Delay,Bus route 4 is delayed by 45 minutes.,0.33,4,false,false,TRANSPORT_BUS_DELAY_219,0.29,true,
CMP-6B6818D9,2026-02-28 11:46:11,WhatsApp,CSE,Transport,Bus Delay,"Transport facility is very poor, bus never comes on time.",0.35,2,false,true,TRANSPORT_BUS_DELAY_219,0.29,false,20
CMP-F28BA9E1,2026-02-28 11:52:07,WhatsApp,MBA,Harassment,Bullying,Seniors are ragging in the hostel block.,0.28,5,true,true,HARASSMENT_REPORT_212,0.74,false,21
CMP-E1D74FA0,2026-02-28 12:10:51,Email,CSE,Academic,Exams,syllabus for exams not declared yet,0.31,5,false,true,EXAM_SCHEDULE_ISSUE_161,0.25,false,19
CMP-25FB1F42,2026-02-28 12:15:23,App,ECE,Hostel,Water,water cooler in Block C is dispensing dirty water.,0.33,4,false,true,HOSTEL_WATER_ISSUE_40,0.09,false,8
CMP-C3CDA351,2026-02-28 12:20:01,WhatsApp,CSE,Infrastructure,Network,No internet connection in the library again.,0.24,5,false,false,WIFI_OUTAGE_LIBRARY_29,0.14,true,
CMP-28AA2030,2026-02-28 12:51:23,WhatsApp,CSE,Placement,Scheduling,HR round postponed without notice,0.14,4,true,true,PLACEMENT_INTERVIEW_CLASH_83,0.15,false,22
CMP-645F5815,2026-02-28 13:15:31,WhatsApp,Common,Transport,Bus Delay,bus 4 fir late ayi,0.12,3,true,true,TRANSPORT_BUS_DELAY_219,0.05,false,12
CMP-3D057E05,2026-02-28 13:17:39,Email,CSE,Infrastructure,Network,library me net nahi chal raha kab thik hoga,0.23,4,true,true,WIFI_OUTAGE_LIBRARY_29,0.17,false,27
CMP-512458E7,2026-02-28 13:21:54,WhatsApp,Common,Academic,Exams,The CS101 final exam schedule conflicts with the MA201 exam.,0.36,4,false,true,EXAM_SCHEDULE_ISSUE_161,0.04,false,31
CMP-0A25E5D5,2026-02-28 14:12:58,Email,Common,Academic,Exams,"exam schedule is too tight, no prep leaves",0.26,3,true,true,EXAM_SCHEDULE_ISSUE_178,0.29,false,24
CMP-96DC6FDD,2026-02-28 14:18:13,WhatsApp,ECE,Hostel,Water,plumber not fixing the leaking tap in room 204,0.26,4,false,true,HOSTEL_WATER_ISSUE_40,0.27,true,32
CMP-08EDF640,2026-02-28 14:21:39,WhatsApp,ECE,Academic,Exams,syllabus for exams not declared yet,0.18,3,false,false,EXAM_SCHEDULE_ISSUE_161,0.29,true,
CMP-57D2607A,2026-02-28 14:22:24,WhatsApp,ME,Academic,Exams,Need to reschedule the database systems exam.,0.34,3,false,true,EXAM_SCHEDULE_ISSUE_161,0.2,true,2
CMP-0E8264C5,2026-02-28 14:24:37,Anonymous Report,Common,Academic,Exams,The CS101 final exam schedule conflicts with the MA201 exam.,0.33,5,false,false,EXAM_SCHEDULE_ISSUE_178,0.1,false,
CMP-8CEF5C48,2026-02-28 14:30:16,Email,CE,Placement,Scheduling,Interview slots are overlapping for multiple companies.,0.37,5,true,false,PLACEMENT_INTERVIEW_CLASH_83,0.03,false,
CMP-30F5BF9C,2026-02-28 14:42:17,WhatsApp,MBA,Harassment,Bullying,Anonymous harassment on college group,0.11,5,true,false,HARASSMENT_REPORT_212,0.62,false,
CMP-B1A36513,2026-02-28 14:48:35,Email,ME,Placement,Scheduling,HR round postponed without notice,0.18,5,true,true,PLACEMENT_INTERVIEW_CLASH_83,0.09,false,28
CMP-32655DFC,2026-02-28 15:07:18,Email,CSE,Academic,Exams,Need to reschedule the database systems exam.,0.21,4,false,false,EXAM_SCHEDULE_ISSUE_161,0.07,false,
CMP-75A45BD7,2026-02-28 15:12:24,App,MBA,Harassment,Bullying,Please take action against ragging in boys hostel,0.33,5,true,true,HARASSMENT_REPORT_212,0.68,true,46
CMP-D2216EB1,2026-02-28 15:13:03,Form,ME,Placement,Scheduling,Please reschedule the Infosys pre-placement talk.,0.36,5,true,false,PLACEMENT_INTERVIEW_CLASH_86,0.09,false,
CMP-777AF903,2026-02-28 15:13:51,WhatsApp,Common,Academic,Exams,syllabus for exams not declared yet,0.36,5,false,false,EXAM_SCHEDULE_ISSUE_161,0.12,false,
CMP-BD0F3279,2026-02-28 15:19:18,WhatsApp,ME,Harassment,Bullying,Anonymous harassment on college group,0.22,5,true,true,HARASSMENT_REPORT_212,0.75,false,25
CMP-CADB8E5C,2026-02-28 15:29:19,Anonymous Report,CSE,Placement,Scheduling,HR round postponed without notice,0.2,5,true,true,PLACEMENT_INTERVIEW_CLASH_31,0.22,false,40
CMP-64B6588C,2026-02-28 15:32:57,Email,CSE,Infrastructure,Network,The Wi-Fi in the main library has been down for three days now.,0.24,4,false,false,WIFI_OUTAGE_LIBRARY_29,0.02,false,
CMP-1D8B5922,2026-02-28 15:48:26,App,CE,Infrastructure,Network,library me net nahi chal raha kab thik hoga,0.3,3,true,true,WIFI_OUTAGE_LIBRARY_29,0.06,false,32
CMP-5B8865FD,2026-02-28 16:09:06,Anonymous Report,EEE,Infrastructure,Network,library wifi is completely dead. Please fix it ASAP.,0.23,3,false,false,WIFI_OUTAGE_LIBRARY_29,0.25,false,
CMP-EE0749C8,2026-02-28 16:21:39,WhatsApp,ME,Placement,Scheduling,Please reschedule the Infosys pre-placement talk.,0.27,5,true,true,PLACEMENT_INTERVIEW_CLASH_230,0.14,false,37
CMP-9D25FC6B,2026-02-28 16:48:40,WhatsApp,CSE,Hostel,Water,There is no hot water in Block B hostels since yesterday.,0.18,3,false,true,HOSTEL_WATER_ISSUE_40,0.13,false,10
CMP-C895B6C5,2026-02-28 16:58:34,Email,CSE,Transport,Bus Delay,driver of bus 7 is very rude,0.31,2,false,true,TRANSPORT_BUS_DELAY_219,0.04,false,13
CMP-35E41107,2026-02-28 17:05:14,App,CSE,Harassment,Bullying,Seniors are ragging in the hostel block.,0.37,5,true,true,HARASSMENT_REPORT_212,0.67,false,33
CMP-911F529C,2026-02-28 17:14:39,Email,CSE,Placement,Scheduling,placement drive and mid sem on same day??,0.11,4,true,true,PLACEMENT_INTERVIEW_CLASH_230,0.13,false,21
CMP-77B3B205,2026-02-28 17:37:11,Email,CSE,Academic,Exams,2 exams on the same day is unfair,0.36,5,false,false,EXAM_SCHEDULE_ISSUE_178,0.16,false,
CMP-09B47DEE,2026-02-28 18:18:24,WhatsApp,ECE,Academic,Exams,syllbus for eexams not declared yet,0.17,5,false,false,EXAM_SCHEDULE_ISSUE_178,0.2,false,
CMP-417F26E4,2026-02-28 18:20:13,WhatsApp,CSE,Harassment,Bullying,constant bullying by batchmates,0.17,5,true,false,HARASSMENT_REPORT_212,0.68,false,
CMP-1E3564FF,2026-02-28 18:26:26,WhatsApp,ECE,Academic,Exams,"exam schedule is too tight, no prep leaves",0.38,4,true,false,EXAM_SCHEDULE_ISSUE_77,0.06,true,
CMP-D311FF2B,2026-02-28 18:29:40,Form,ME,Harassment,Bullying,Seniors are ragging in the hostel block.,0.11,5,true,true,HARASSMENT_REPORT_212,0.88,false,22
CMP-718BF999,2026-02-28 19:16:10,WhatsApp,CSE,Placement,Scheduling,TCS interview clashes with my final exam.,0.15,5,true,false,PLACEMENT_INTERVIEW_CLASH_83,0.18,false,
CMP-8513886E,2026-02-28 19:33:17,WhatsApp,CE,Hostel,Water,"Block B geysers are not working, we need hot water.",0.29,3,false,true,HOSTEL_WATER_ISSUE_132,0.15,false,46
CMP-EDCF9177,2026-02-28 20:00:01,Form,ECE,Hostel,Water,paani nahi aa raha subah se,0.22,4,false,false,HOSTEL_WATER_ISSUE_40,0.18,false,
CMP-3C72CC1C,2026-02-28 20:08:39,Email,ME,Placement,Scheduling,Interview slots are overlapping for multiple companies.,0.22,5,false,true,PLACEMENT_INTERVIEW_CLASH_230,0.25,false,8
CMP-E6AAAE0D,2026-02-28 20:20:41,Email,Common,Placement,Scheduling,tcs inteerview clshes with my final exam.,0.35,4,true,false,PLACEMENT_INTERVIEW_CLASH_31,0.06,false,
CMP-8EAC5CCA,2026-02-28 20:26:47,Email,CSE,Harassment,Bullying,Facing toxic behavior from a faculty member.,0.2,5,true,true,HARASSMENT_REPORT_212,0.84,true,11
CMP-83D14C56,2026-02-28 20:28:48,WhatsApp,CSE,Placement,Scheduling,Please reschedule the Infosys pre-placement talk.,0.26,5,true,false,PLACEMENT_INTERVIEW_CLASH_83,0.09,true,
CMP-CFD7143A,2026-02-28 20:33:49,WhatsApp,CSE,Placement,Scheduling,Please reschedule the Infosys pre-placement talk.,0.28,4,false,true,PLACEMENT_INTERVIEW_CLASH_83,0.2,true,33
CMP-ED92D847,2026-02-28 21:03:11,WhatsApp,ECE,Placement,Scheduling,Interview slots are overlapping for multiple companies.,0.25,5,true,false,PLACEMENT_INTERVIEW_CLASH_83,0.28,true,
CMP-BA13A919,2026-02-28 21:16:11,App,ME,Harassment,Bullying,constant bullying by batchmates,0.32,5,true,true,HARASSMENT_REPORT_212,0.65,false,26
CMP-D51D5F58,2026-02-28 21:17:48,WhatsApp,CSE,Academic,Exams,"exam schedule is too tight, no prep leaves",0.13,5,true,false,EXAM_SCHEDULE_ISSUE_77,0.05,false,
CMP-64ED8059,2026-02-28 21:22:35,Email,CSE,Placement,Scheduling,placement drive and mid sem on same day??,0.3,4,false,true,PLACEMENT_INTERVIEW_CLASH_86,0.18,false,3
CMP-D1583F37,2026-02-28 21:34:10,Email,CSE,Harassment,Bullying,Anonymous harassment on college group,0.27,5,true,true,HARASSMENT_REPORT_212,0.79,true,15
CMP-4246FEAA,2026-02-28 21:48:16,Email,CE,Placement,Scheduling,placement cell is not responding to mails,0.29,5,true,false,PLACEMENT_INTERVIEW_CLASH_31,0.11,false,
CMP-C7EC4784,2026-02-28 22:07:10,Form,ECE,Academic,Exams,syllbus for eexams not declared yet,0.3,4,false,false,EXAM_SCHEDULE_ISSUE_77,0.1,true,
CMP-E8A9D2CD,2026-02-28 22:12:16,WhatsApp,CSE,Placement,Scheduling,HR round postponed without notice,0.17,4,true,true,PLACEMENT_INTERVIEW_CLASH_86,0.1,true,37
CMP-878DFBA5,2026-02-28 22:20:44,Form,CSE,Infrastructure,Network,library wifi is completely dead. Please fix it ASAP.,0.16,4,true,true,WIFI_OUTAGE_LIBRARY_29,0.03,true,35
CMP-29CFEA87,2026-02-28 22:23:04,App,CSE,Transport,Bus Delay,bus breakdown on highway again,0.18,4,true,false,TRANSPORT_BUS_DELAY_219,0.25,false,
CMP-5DC8932F,2026-02-28 22:51:20,App,CSE,Infrastructure,Network,The Wi-Fi in the main library has been down for three days now.,0.33,4,false,true,WIFI_OUTAGE_LIBRARY_29,0.11,true,38
CMP-51C328DD,2026-02-28 23:41:26,App,ECE,Placement,Scheduling,Interview slots are overlapping for multiple companies.,0.35,4,true,true,PLACEMENT_INTERVIEW_CLASH_83,0.16,false,37
CMP-4B82305F,2026-02-28 23:56:08,Anonymous Report,ME,Harassment,Bullying,Anonymous harassment on college group,0.26,5,true,true,HARASSMENT_REPORT_212,0.71,false,9
CMP-056C2536,2026-03-01 00:27:46,WhatsApp,CE,Placement,Scheduling,pleese reschedule the infosys pre-placement talk.,0.15,4,true,true,PLACEMENT_INTERVIEW_CLASH_31,0.08,true,3
CMP-AEFCDD3D,2026-03-01 01:45:31,WhatsApp,ME,Infrastructure,Network,No internet connection in the library again.,0.39,3,false,true,WIFI_OUTAGE_LIBRARY_127,0.13,true,32
CMP-C3F59889,2026-03-01 01:49:19,WhatsApp,ME,Infrastructure,Network,wifi firse gaya 😭 library me,0.38,3,false,true,WIFI_OUTAGE_LIBRARY_127,0.16,false,26
CMP-98DDBB32,2026-03-01 01:53:22,WhatsApp,ECE,Placement,Scheduling,placement cell is not responding to mails,0.16,5,true,true,PLACEMENT_INTERVIEW_CLASH_31,0.18,false,16
CMP-E35AF19D,2026-03-01 02:17:21,WhatsApp,CSE,Harassment,Bullying,Anonymous harassment on college group,0.28,5,true,true,HARASSMENT_REPORT_212,0.63,false,24
CMP-EA240510,2026-03-01 02:30:30,Email,Common,Placement,Scheduling,Please reschedule the Infosys pre-placement talk.,0.18,4,true,true,PLACEMENT_INTERVIEW_CLASH_83,0.07,false,30
CMP-210C4BD6,2026-03-01 02:32:13,Form,CSE,Hostel,Water,no drinking water on 3rd floor,0.19,4,true,true,HOSTEL_WATER_ISSUE_132,0.27,false,20
CMP-25181D54,2026-03-01 02:45:50,App,Common,Infrastructure,Network,The Wi-Fi in the main library has been down for three days now.,0.27,3,true,false,WIFI_OUTAGE_LIBRARY_29,0.17,false,
CMP-4DCBA18F,2026-03-01 03:16:09,WhatsApp,CSE,Hostel,Water,plumber not fixing the leaking tap in room 204,0.12,4,false,false,HOSTEL_WATER_ISSUE_132,0.16,false,
CMP-3EA77C1C,2026-03-01 03:22:10,Email,CSE,Placement,Scheduling,Interview slots are overlapping for multiple companies.,0.29,5,true,true,PLACEMENT_INTERVIEW_CLASH_83,0.28,true,16
CMP-4FF1D791,2026-03-01 03:57:37,WhatsApp,CE,Harassment,Bullying,constant bullying by batchmates,0.33,5,true,true,HARASSMENT_REPORT_212,0.79,false,48
CMP-87E92D03,2026-03-01 03:57:37,Email,CSE,Infrastructure,Network,No internet connection in the library again.,0.29,5,true,true,WIFI_OUTAGE_LIBRARY_29,0.26,false,19
CMP-D903A924,2026-03-01 04:16:41,WhatsApp,ME,Hostel,Water,water cooler in Block C is dispensing dirty water.,0.31,4,false,true,HOSTEL_WATER_ISSUE_132,0.15,false,5
CMP-B30E1464,2026-03-01 04:37:48,Anonymous Report,Common,Placement,Scheduling,plceement drive and mid sem on same day??,0.15,4,true,true,PLACEMENT_INTERVIEW_CLASH_31,0.26,false,44
CMP-3EC132E1,2026-03-01 04:51:15,WhatsApp,CSE,Infrastructure,Network,No internet connection in the library again.,0.32,4,false,true,WIFI_OUTAGE_LIBRARY_29,0.02,false,37
CMP-F248C718,2026-03-01 04:56:34,Anonymous Report,MBA,Academic,Exams,mid sem dates are clashing with technical fest,0.34,4,true,true,EXAM_SCHEDULE_ISSUE_77,0.06,false,17
CMP-FB472343,2026-03-01 05:41:33,WhatsApp,EEE,Placement,Scheduling,placement drive and mid sem on same day??,0.38,5,false,true,PLACEMENT_INTERVIEW_CLASH_31,0.19,true,39
CMP-AAEDE7AF,2026-03-01 05:48:05,Email,ME,Academic,Exams,mid sem dates are clashing with technical fest,0.25,3,true,true,EXAM_SCHEDULE_ISSUE_77,0.24,true,45
CMP-7009C799,2026-03-01 06:35:52,WhatsApp,ECE,Academic,Exams,Need to reschedule the database systems exam.,0.3,5,true,true,EXAM_SCHEDULE_ISSUE_77,0.25,false,26
CMP-55D89917,2026-03-01 06:54:01,Anonymous Report,CE,Hostel,Water,paani nahi aa raha subah se,0.25,3,false,true,HOSTEL_WATER_ISSUE_132,0.09,false,35
CMP-D4B24992,2026-03-01 06:58:24,Form,CE,Placement,Scheduling,placement cell is not responding to mails,0.18,5,false,true,PLACEMENT_INTERVIEW_CLASH_83,0.18,false,32
CMP-28AAA758,2026-03-01 07:25:38,Form,CSE,Infrastructure,Network,librry neetwork outage since morning,0.13,3,false,true,WIFI_OUTAGE_LIBRARY_29,0.26,true,2
CMP-20514EDD,2026-03-01 08:14:11,Form,ECE,Academic,Exams,2 exams on the same day is unfair,0.21,3,false,false,EXAM_SCHEDULE_ISSUE_77,0.23,false,
CMP-D8B9985C,2026-03-01 08:19:58,WhatsApp,CSE,Placement,Scheduling,HR round postponed without notice,0.38,4,true,true,PLACEMENT_INTERVIEW_CLASH_31,0.18,true,5
CMP-CFCEC3D0,2026-03-01 09:47:59,Form,Common,Hostel,Water,no drinking water on 3rd floor,0.11,3,true,false,HOSTEL_WATER_ISSUE_132,0.27,true,
CMP-9FA52F89,2026-03-01 10:18:28,Form,ME,Academic,Exams,"eexm schedule is too tight, no prep leaves",0.13,4,true,false,EXAM_SCHEDULE_ISSUE_77,0.07,false,
CMP-0E9B0935,2026-03-01 10:41:19,WhatsApp,CSE,Infrastructure,Network,wifi firsee gya 😭 library me,0.14,5,true,true,WIFI_OUTAGE_LIBRARY_127,0.17,false,45
CMP-9C731577,2026-03-01 11:08:18,WhatsApp,CSE,Harassment,Bullying,Anonymous harassment on college group,0.13,5,true,false,HARASSMENT_REPORT_212,0.78,true,
CMP-82680709,2026-03-01 11:16:29,Email,ECE,Infrastructure,Network,The Wi-Fi in the main library has been down for three days now.,0.34,4,true,true,WIFI_OUTAGE_LIBRARY_29,0.07,true,12
CMP-F195B584,2026-03-01 11:31:31,Email,CSE,Infrastructure,Network,library network outage since morning,0.32,4,true,false,WIFI_OUTAGE_LIBRARY_127,0.29,false,
CMP-CE5B6E18,2026-03-01 11:54:12,Email,ECE,Harassment,Bullying,constant bullying by batchmates,0.12,5,true,true,HARASSMENT_REPORT_212,0.85,false,6
CMP-BBC0A1FB,2026-03-01 12:05:03,WhatsApp,Common,Infrastructure,Network,Unable to access internet in library,0.39,4,false,true,WIFI_OUTAGE_LIBRARY_29,0.1,false,19
CMP-7D248E5A,2026-03-01 12:41:20,Email,CSE,Hostel,Water,water cooler in Block C is dispensing dirty water.,0.14,3,false,true,HOSTEL_WATER_ISSUE_132,0.24,false,4
CMP-E23C55D7,2026-03-01 13:33:22,Email,CSE,Harassment,Bullying,seeniors re ragging in the hostel block.,0.22,5,true,false,HARASSMENT_REPORT_212,0.66,true,
CMP-C3F760D6,2026-03-01 14:45:17,Form,CE,Hostel,Water,no drinking water on 3rd floor,0.32,3,false,true,HOSTEL_WATER_ISSUE_132,0.01,false,7
CMP-213E3A42,2026-03-01 15:05:57,Email,CSE,Transport,Bus Delay,driver of bus 7 is very rude,0.29,3,false,true,TRANSPORT_BUS_DELAY_219,0.07,false,23
CMP-20F06ED5,2026-03-01 15:16:52,Form,ECE,Placement,Scheduling,TCS interview clashes with my final exam.,0.21,5,false,true,PLACEMENT_INTERVIEW_CLASH_31,0.27,false,40
CMP-5D5E13D4,2026-03-01 15:23:32,App,CSE,Hostel,Water,wteer cooler in block c is dispensing dirty water.,0.34,3,true,false,HOSTEL_WATER_ISSUE_132,0.14,true,
CMP-6244BCF5,2026-03-01 15:29:43,Email,CSE,Placement,Scheduling,placement drive and mid sem on same day??,0.3,4,false,true,PLACEMENT_INTERVIEW_CLASH_31,0.25,false,19
CMP-3007A9D7,2026-03-01 16:08:31,WhatsApp,ECE,Harassment,Bullying,Anonymous harassment on college group,0.32,5,true,true,HARASSMENT_REPORT_212,0.77,true,10
CMP-DDB1FECE,2026-03-01 16:14:06,WhatsApp,CE,Hostel,Water,There is no hot water in Block B hostels since yesterday.,0.34,4,false,true,HOSTEL_WATER_ISSUE_132,0.08,false,30
CMP-0A6A88E4,2026-03-01 16:34:42,Email,CSE,Harassment,Bullying,Facing toxic behavior from a faculty member.,0.32,5,true,true,HARASSMENT_REPORT_212,0.62,false,24
CMP-A5393267,2026-03-01 17:00:35,Email,ME,Academic,Exams,The CS101 final exam schedule conflicts with the MA201 exam.,0.28,5,true,false,EXAM_SCHEDULE_ISSUE_77,0.2,true,
CMP-0B5106A6,2026-03-01 17:10:04,Form,ECE,Hostel,Water,paani nahi aa raha subah se,0.22,3,false,false,HOSTEL_WATER_ISSUE_132,0.23,true,
CMP-45BD6014,2026-03-01 17:23:37,Anonymous Report,CSE,Hostel,Water,no drinking water on 3rd floor,0.25,3,true,true,HOSTEL_WATER_ISSUE_132,0.28,false,12
CMP-60ECF2EF,2026-03-01 17:33:26,WhatsApp,CSE,Harassment,Bullying,Anonymous harassment on college group,0.37,5,true,false,HARASSMENT_REPORT_212,0.62,false,
CMP-4055E6F6,2026-03-01 17:39:59,WhatsApp,CSE,Placement,Scheduling,plceement cell is not responding to mails,0.35,5,true,true,PLACEMENT_INTERVIEW_CLASH_83,0.18,false,22
CMP-D169BFBC,2026-03-01 18:04:05,Email,Common,Placement,Scheduling,placement drive and mid sem on same day??,0.38,4,true,false,PLACEMENT_INTERVIEW_CLASH_83,0.21,false,
CMP-28EA8572,2026-03-01 18:22:20,WhatsApp,CE,Hostel,Water,water cooler in Block C is dispensing dirty water.,0.15,4,false,true,HOSTEL_WATER_ISSUE_132,0.27,false,7
CMP-BBCB37AB,2026-03-01 18:22:45,Form,ECE,Hostel,Water,There is no hot water in Block B hostels since yesterday.,0.31,3,false,true,HOSTEL_WATER_ISSUE_132,0.26,false,46
CMP-6E9033D4,2026-03-01 18:28:44,WhatsApp,CE,Harassment,Bullying,fcing toxic beehavior from a faculty member.,0.39,5,true,true,HARASSMENT_REPORT_212,0.85,false,9
CMP-6F294289,2026-03-01 18:47:06,App,ECE,Infrastructure,Network,wifi firse gaya 😭 library me,0.36,3,true,true,WIFI_OUTAGE_LIBRARY_29,0.19,false,35
CMP-3B70D246,2026-03-01 18:53:35,Form,ME,Infrastructure,Network,no inteernet connection in the librry again.,0.25,4,false,false,WIFI_OUTAGE_LIBRARY_29,0.18,true,
CMP-837D3D66,2026-03-01 21:48:06,Anonymous Report,CE,Placement,Scheduling,TCS interview clashes with my final exam.,0.33,4,true,false,PLACEMENT_INTERVIEW_CLASH_31,0.06,false,
CMP-8C1CB7F1,2026-03-01 21:54:16,Email,CE,Academic,Exams,2 exams on the same day is unfair,0.11,3,false,true,EXAM_SCHEDULE_ISSUE_77,0.03,false,29
CMP-1B434841,2026-03-01 22:19:02,Anonymous Report,ECE,Hostel,Water,plumber not fixing the leaking tap in room 204,0.39,3,false,false,HOSTEL_WATER_ISSUE_132,0.04,false,
CMP-D55D5E65,2026-03-01 22:23:35,Anonymous Report,Common,Harassment,Bullying,Seniors are ragging in the hostel block.,0.11,5,true,true,HARASSMENT_REPORT_212,0.85,false,10
CMP-64DDBFFA,2026-03-01 23:01:34,Anonymous Report,Common,Placement,Scheduling,Please reschedule the Infosys pre-placement talk.,0.4,4,false,false,PLACEMENT_INTERVIEW_CLASH_31,0.14,false,
CMP-4F057485,2026-03-02 00:11:53,WhatsApp,CSE,Academic,Exams,mid sem dates are clashing with technical fest,0.25,3,false,false,EXAM_SCHEDULE_ISSUE_185,0.15,false,
CMP-B938B540,2026-03-02 01:35:25,App,ECE,Hostel,Food Hygiene,I got food poisoning after eating dinner yesterday.,0.23,4,true,true,MESS_FOOD_POISONING_197,0.02,false,27
CMP-ADB262A9,2026-03-02 02:44:20,Anonymous Report,Common,Infrastructure,Network,library wifi is completely dead. Please fix it ASAP.,0.22,4,false,false,WIFI_OUTAGE_LIBRARY_127,0.16,false,
CMP-2B8CA3E8,2026-03-02 04:32:15,Form,CSE,Academic,Exams,"eexm schedule is too tight, no prep leaves",0.31,5,false,false,EXAM_SCHEDULE_ISSUE_92,0.17,true,
CMP-F73719F1,2026-03-02 05:06:42,WhatsApp,CE,Academic,Exams,mid sem dates are clashing with technical fest,0.28,3,true,true,EXAM_SCHEDULE_ISSUE_92,0.15,true,34
CMP-9E9213FA,2026-03-02 06:16:30,Form,CE,Training,Curriculum,topics skipped by placement trainer today,0.34,4,true,true,TRAINING_TOC_MISMATCH_153,0.3,false,36
CMP-ACCC25F2,2026-03-02 07:01:49,Email,CSE,Hostel,Food Hygiene,Found a bug in my salad at the main cafeteria.,0.24,5,false,false,MESS_FOOD_POISONING_197,0.28,false,
CMP-78FA9B09,2026-03-02 07:14:45,Email,ECE,Infrastructure,Network,wifi firse gaya 😭 library me,0.36,3,false,true,WIFI_OUTAGE_LIBRARY_127,0.29,false,39
CMP-C537B0E0,2026-03-02 07:19:26,WhatsApp,CSE,Training,Curriculum,The Java trainer skipped scheduled topics.,0.17,4,false,false,TRAINING_TOC_MISMATCH_153,0.25,false,
CMP-106CE117,2026-03-02 08:16:14,Form,ME,Infrastructure,Network,wifi firse gaya 😭 library me,0.28,5,true,false,WIFI_OUTAGE_LIBRARY_127,0.17,false,
CMP-50EEE440,2026-03-02 09:03:02,WhatsApp,ECE,Academic,Exams,"exam schedule is too tight, no prep leaves",0.37,5,false,true,EXAM_SCHEDULE_ISSUE_185,0.01,false,32
CMP-D157A725,2026-03-02 09:47:26,App,CSE,Hostel,Food Hygiene,Food quality in the mess has degraded significantly.,0.39,4,true,true,MESS_FOOD_POISONING_197,0.05,false,15
CMP-0FE42C89,2026-03-02 09:54:46,WhatsApp,CE,Academic,Exams,The CS101 final exam schedule conflicts with the MA201 exam.,0.21,3,true,false,EXAM_SCHEDULE_ISSUE_185,0.0,false,
CMP-5477DEBB,2026-03-02 10:32:14,Form,CSE,Training,Curriculum,The Java trainer skipped scheduled topics.,0.14,2,true,true,TRAINING_TOC_MISMATCH_26,0.14,false,37
CMP-AB784B04,2026-03-02 11:54:02,WhatsApp,CSE,Infrastructure,Network,No internet connection in the library again.,0.23,3,false,true,WIFI_OUTAGE_LIBRARY_127,0.07,false,46
CMP-883B2B65,2026-03-02 13:03:15,Form,CE,Academic,Exams,Need to reschedule the database systems exam.,0.32,3,true,false,EXAM_SCHEDULE_ISSUE_92,0.05,false,
CMP-8FE4C845,2026-03-02 13:24:19,Form,CSE,Academic,Exams,"exam schedule is too tight, no prep leaves",0.24,3,true,true,EXAM_SCHEDULE_ISSUE_185,0.18,true,46
CMP-5E387A2F,2026-03-02 13:53:01,Email,ECE,Training,Curriculum,Trainer is rushing through JDBC concepts.,0.36,2,false,true,TRAINING_TOC_MISMATCH_26,0.21,false,14
CMP-102AE3FA,2026-03-02 14:22:52,WhatsApp,CE,Hostel,Food Hygiene,Food quality in the mess has degraded significantly.,0.14,5,false,false,MESS_FOOD_POISONING_197,0.15,false,
CMP-91669C71,2026-03-02 15:27:04,WhatsApp,CSE,Academic,Exams,"exam schedule is too tight, no prep leaves",0.3,5,true,true,EXAM_SCHEDULE_ISSUE_92,0.22,false,4
CMP-6BD84AC0,2026-03-02 15:37:36,App,CE,Training,Curriculum,training ka pace bahut fast hai kuch samajh nahi aa raha,0.39,3,true,true,TRAINING_TOC_MISMATCH_153,0.07,false,29
CMP-483E18D7,2026-03-02 16:25:41,WhatsApp,CE,Hostel,Food Hygiene,mess food is unhygienic and causing health issues,0.14,5,true,false,MESS_FOOD_POISONING_197,0.19,false,
CMP-3D2FA8B8,2026-03-02 16:27:50,WhatsApp,ME,Training,Curriculum,Topics outside the official TOC are being taught.,0.28,4,false,false,TRAINING_TOC_MISMATCH_26,0.2,false,
CMP-585A26FA,2026-03-02 16:30:15,Form,CSE,Academic,Exams,Need to reschedule the database systems exam.,0.35,5,false,false,EXAM_SCHEDULE_ISSUE_92,0.04,false,
CMP-DD4401EA,2026-03-02 16:37:00,WhatsApp,ECE,Hostel,Food Hygiene,stale food served in hostel B dinner,0.27,5,false,true,MESS_FOOD_POISONING_197,0.18,false,33
CMP-08273A30,2026-03-02 17:23:28,Anonymous Report,CSE,Academic,Exams,mid sem dates are clashing with technical fest,0.19,3,false,false,EXAM_SCHEDULE_ISSUE_185,0.05,false,
CMP-3E034892,2026-03-02 17:35:52,WhatsApp,CE,Training,Curriculum,thee jva trainer skipped scheduled topics.,0.17,4,false,true,TRAINING_TOC_MISMATCH_26,0.04,false,33
CMP-BA06BF1F,2026-03-02 17:46:02,WhatsApp,CSE,Training,Curriculum,topics skipped by placement trainer today,0.22,3,false,true,TRAINING_TOC_MISMATCH_153,0.18,true,32
CMP-185C5103,2026-03-02 20:22:13,Anonymous Report,ECE,Hostel,Food Hygiene,I got food poisoning after eating dinner yesterday.,0.3,4,true,false,MESS_FOOD_POISONING_197,0.28,false,
CMP-BC7F3981,2026-03-02 21:02:32,Email,CSE,Training,Curriculum,Socket programming was introduced unexpectedly.,0.32,2,true,true,TRAINING_TOC_MISMATCH_26,0.04,false,39
CMP-86B555F5,2026-03-02 21:16:37,Form,CSE,Hostel,Food Hygiene,Mess food quality in hostel B has deteriorated significantly.,0.27,5,false,false,MESS_FOOD_POISONING_197,0.15,true,
CMP-D66C2D43,2026-03-02 21:17:25,Form,ME,Training,Curriculum,Trainer is rushing through JDBC concepts.,0.18,2,false,true,TRAINING_TOC_MISMATCH_153,0.05,false,19
CMP-DC947B7A,2026-03-02 22:04:55,WhatsApp,MBA,Academic,Exams,"exam schedule is too tight, no prep leaves",0.34,3,true,false,EXAM_SCHEDULE_ISSUE_185,0.06,false,
CMP-132CB5BA,2026-03-02 22:51:16,WhatsApp,CSE,Training,Curriculum,sockeet progrmming was introduced unexpectedly.,0.24,3,true,false,TRAINING_TOC_MISMATCH_153,0.08,false,
CMP-AAB6543D,2026-03-02 23:45:01,WhatsApp,CSE,Academic,Exams,mid sem dates are clashing with technical fest,0.18,3,true,true,EXAM_SCHEDULE_ISSUE_185,0.19,true,27
CMP-E7AA46A1,2026-03-02 23:45:34,WhatsApp,CSE,Infrastructure,Network,The Wi-Fi in the main library has been down for three days now.,0.14,3,false,false,WIFI_OUTAGE_LIBRARY_127,0.02,false,
CMP-8D8A33B8,2026-03-03 00:13:44,App,Common,Academic,Exams,syllabus for exams not declared yet,0.31,3,false,true,EXAM_SCHEDULE_ISSUE_185,0.18,false,35
CMP-30219EAE,2026-03-03 00:23:12,WhatsApp,CSE,Academic,Exams,mid sem dates are clashing with technical fest,0.34,4,true,true,EXAM_SCHEDULE_ISSUE_185,0.13,false,31
CMP-90407C8C,2026-03-03 01:21:07,Form,Common,Hostel,Food Hygiene,Mess food quality in hostel B has deteriorated significantly.,0.26,4,true,false,MESS_FOOD_POISONING_37,0.0,true,
CMP-D27A35D8,2026-03-03 01:41:52,Email,CSE,Training,Curriculum,topics skipped by placement trainer today,0.36,2,true,false,TRAINING_TOC_MISMATCH_26,0.11,false,
CMP-72E990E0,2026-03-03 01:46:48,Form,ME,Training,Curriculum,training ka pace bahut fast hai kuch samajh nahi aa raha,0.31,4,true,false,TRAINING_TOC_MISMATCH_26,0.13,false,
CMP-DF2EC4E3,2026-03-03 01:51:58,WhatsApp,CSE,Academic,Exams,syllabus for exams not declared yet,0.19,5,true,true,EXAM_SCHEDULE_ISSUE_185,0.19,false,36
CMP-7BD0468C,2026-03-03 02:02:18,App,CSE,Academic,Exams,2 exams on the same day is unfair,0.34,3,true,false,EXAM_SCHEDULE_ISSUE_92,0.2,false,
CMP-8A0E5F77,2026-03-03 02:15:59,WhatsApp,ECE,Hostel,Food Hygiene,Found a bug in my salad at the main cafeteria.,0.31,4,true,false,MESS_FOOD_POISONING_37,0.19,false,
CMP-73269EBC,2026-03-03 02:39:39,WhatsApp,ME,Training,Curriculum,Trainer is rushing through JDBC concepts.,0.35,2,true,true,TRAINING_TOC_MISMATCH_26,0.15,false,1
CMP-FD90F182,2026-03-03 02:43:41,Form,Common,Hostel,Food Hygiene,Food quality in the mess has degraded significantly.,0.18,5,false,false,MESS_FOOD_POISONING_197,0.15,false,
CMP-91BFF2DC,2026-03-03 02:46:38,App,ECE,Academic,Exams,"exam schedule is too tight, no prep leaves",0.15,5,true,true,EXAM_SCHEDULE_ISSUE_185,0.18,false,39
CMP-7794E9E3,2026-03-03 02:53:01,WhatsApp,CSE,Administration,Fees,Scholarship disbursement is delayed by 2 months.,0.22,3,false,true,FEE_ISSUE_93,0.24,true,16
CMP-EA7E2708,2026-03-03 02:54:27,WhatsApp,EEE,Training,Curriculum,Topics outside the official TOC are being taught.,0.25,2,false,true,TRAINING_TOC_MISMATCH_153,0.01,false,8
CMP-11913842,2026-03-03 03:04:41,Anonymous Report,Common,Infrastructure,Network,librry wifi is compleetely dead. please fix it asap.,0.12,5,false,false,WIFI_OUTAGE_LIBRARY_204,0.29,true,
CMP-16C75763,2026-03-03 03:31:08,WhatsApp,EEE,Hostel,Food Hygiene,"mess ka khana bahut kharab hai, log beemar pad rahe hain",0.37,5,false,true,MESS_FOOD_POISONING_37,0.12,false,41
CMP-ED2AC21B,2026-03-03 03:32:26,WhatsApp,ME,Transport,Bus Delay,bus 4 fir late ayi,0.21,2,true,true,TRANSPORT_BUS_DELAY_129,0.2,true,48
CMP-0E735E7D,2026-03-03 03:33:12,App,CSE,Administration,Fees,"fee portal is down, last date tomorrow",0.21,4,true,false,FEE_ISSUE_93,0.3,false,
CMP-5D728F6F,2026-03-03 04:01:24,WhatsApp,CSE,Administration,Fees,extra charges in this semester fee structure?,0.37,4,false,true,FEE_ISSUE_93,0.22,false,38
CMP-B7113AD7,2026-03-03 04:46:56,Form,CE,Hostel,Food Hygiene,Found a bug in my salad at the main cafeteria.,0.24,5,true,true,MESS_FOOD_POISONING_37,0.26,true,45
CMP-2EDB6B9C,2026-03-03 04:52:20,WhatsApp,ME,Hostel,Food Hygiene,stale food served in hostel B dinner,0.12,5,true,false,MESS_FOOD_POISONING_37,0.17,false,
CMP-D8085CBC,2026-03-03 05:31:30,Form,Common,Hostel,Food Hygiene,Mess food quality in hostel B has deteriorated significantly.,0.19,4,true,false,MESS_FOOD_POISONING_37,0.02,true,
CMP-90AAA7B4,2026-03-03 05:36:14,Email,ME,Training,Curriculum,trineer is rushing through jdbc concepts.,0.2,4,true,true,TRAINING_TOC_MISMATCH_26,0.26,false,21
CMP-2692FAD8,2026-03-03 05:53:43,Anonymous Report,CSE,Hostel,Food Hygiene,Found a bug in my salad at the main cafeteria.,0.37,5,false,false,MESS_FOOD_POISONING_197,0.27,true,
CMP-22DEB881,2026-03-03 06:17:10,WhatsApp,ME,Academic,Exams,syllabus for exams not declared yet,0.24,4,true,true,EXAM_SCHEDULE_ISSUE_92,0.25,false,31
CMP-221BC731,2026-03-03 06:26:50,Email,ME,Transport,Bus Delay,bus 4 fir late ayi,0.25,2,false,true,TRANSPORT_BUS_DELAY_129,0.16,false,37
CMP-6EC5DE62,2026-03-03 06:39:23,Form,ME,Administration,Fees,extra charges in this semester fee structure?,0.31,3,false,false,FEE_ISSUE_93,0.2,false,
CMP-AD9B0268,2026-03-03 06:40:12,Anonymous Report,CSE,Training,Curriculum,Socket programming was introduced unexpectedly.,0.27,3,true,false,TRAINING_TOC_MISMATCH_193,0.17,true,
CMP-110BC187,2026-03-03 06:48:07,WhatsApp,ECE,Academic,Exams,mid sem dates are clashing with technical fest,0.18,5,false,true,EXAM_SCHEDULE_ISSUE_92,0.14,false,36
CMP-658BDA03,2026-03-03 06:59:09,App,CE,Academic,Exams,The CS101 final exam schedule conflicts with the MA201 exam.,0.34,3,false,true,EXAM_SCHEDULE_ISSUE_92,0.02,false,19
CMP-1F527822,2026-03-03 07:32:53,Anonymous Report,CSE,Infrastructure,Network,library network outage since morning,0.32,4,false,false,WIFI_OUTAGE_LIBRARY_204,0.07,false,
CMP-B446025B,2026-03-03 07:34:58,Email,Common,Academic,Exams,2 exams on the same day is unfair,0.37,3,false,true,EXAM_SCHEDULE_ISSUE_185,0.09,true,3
CMP-49A16206,2026-03-03 07:55:41,WhatsApp,ME,Training,Curriculum,trineer is rushing through jdbc concepts.,0.36,4,false,true,TRAINING_TOC_MISMATCH_193,0.22,false,13
CMP-4817E9A7,2026-03-03 08:00:31,Email,CSE,Training,Curriculum,training ka pace bahut fast hai kuch samajh nahi aa raha,0.15,4,true,false,TRAINING_TOC_MISMATCH_193,0.05,true,
CMP-2A60188F,2026-03-03 08:27:01,WhatsApp,Common,Hostel,Food Hygiene,Found a bug in my salad at the main cafeteria.,0.33,5,true,true,MESS_FOOD_POISONING_197,0.09,false,42
CMP-5CCDC27E,2026-03-03 08:42:08,Form,ME,Academic,Exams,2 exams on the same day is unfair,0.22,4,false,true,EXAM_SCHEDULE_ISSUE_92,0.11,false,12
CMP-46F6E846,2026-03-03 08:42:28,WhatsApp,Common,Hostel,Food Hygiene,stale food served in hostel B dinner,0.25,4,true,false,MESS_FOOD_POISONING_197,0.25,true,
CMP-F8FD39B3,2026-03-03 08:46:48,Form,CSE,Academic,Exams,"exam schedule is too tight, no prep leaves",0.15,4,false,false,EXAM_SCHEDULE_ISSUE_185,0.25,false,
CMP-9947587F,2026-03-03 09:15:29,Email,CSE,Training,Curriculum,Trainer is rushing through JDBC concepts.,0.25,4,false,true,TRAINING_TOC_MISMATCH_193,0.0,false,19
CMP-13D605C2,2026-03-03 09:29:10,Form,MBA,Training,Curriculum,The trainer is not following the announced syllabus.,0.38,4,false,false,TRAINING_TOC_MISMATCH_193,0.06,true,
CMP-EB8C46F4,2026-03-03 10:01:38,Email,CSE,Hostel,Food Hygiene,"meess k khana bahut kharab hai, log beemar pad rahe hain",0.2,4,true,true,MESS_FOOD_POISONING_37,0.17,true,9
CMP-18C1754C,2026-03-03 10:13:35,Form,CE,Academic,Exams,mid sem dates are clashing with technical fest,0.26,4,true,true,EXAM_SCHEDULE_ISSUE_185,0.12,false,26
CMP-ECA23457,2026-03-03 10:30:15,Email,CSE,Infrastructure,Network,library wifi is completely dead. Please fix it ASAP.,0.36,3,true,false,WIFI_OUTAGE_LIBRARY_204,0.23,false,
CMP-7AD6D521,2026-03-03 11:10:03,WhatsApp,CSE,Infrastructure,Network,library wifi is completely dead. Please fix it ASAP.,0.28,4,false,false,WIFI_OUTAGE_LIBRARY_204,0.28,false,
CMP-625BF832,2026-03-03 11:11:04,WhatsApp,Common,Academic,Exams,Need to reschedule the database systems exam.,0.21,5,true,false,EXAM_SCHEDULE_ISSUE_185,0.05,false,
CMP-947EC9B9,2026-03-03 11:34:21,Email,MBA,Training,Curriculum,The Java trainer skipped scheduled topics.,0.4,4,true,false,TRAINING_TOC_MISMATCH_26,0.07,false,
CMP-5554DAFE,2026-03-03 11:40:44,App,EEE,Administration,Fees,Scholarship disbursement is delayed by 2 months.,0.37,3,false,true,FEE_ISSUE_93,0.08,false,1
CMP-316B364E,2026-03-03 11:41:28,Email,Common,Administration,Fees,Late fee was charged wrongly on my account.,0.16,4,true,false,FEE_ISSUE_93,0.16,false,
CMP-10E17802,2026-03-03 11:47:02,Email,CSE,Academic,Exams,2 exams on the same day is unfair,0.22,4,true,false,EXAM_SCHEDULE_ISSUE_185,0.01,false,
CMP-0CE3517E,2026-03-03 11:51:59,WhatsApp,MBA,Academic,Exams,syllabus for exams not declared yet,0.37,3,true,false,EXAM_SCHEDULE_ISSUE_185,0.04,false,
CMP-5978893A,2026-03-03 12:12:33,Form,CSE,Transport,Bus Delay,"trnsport facility is veery poor, bus never comes on time.",0.22,2,true,true,TRANSPORT_BUS_DELAY_129,0.14,false,36
CMP-C0FE0741,2026-03-03 12:17:54,WhatsApp,ECE,Transport,Bus Delay,bus routee 4 is delyed by 45 minutes.,0.31,2,false,true,TRANSPORT_BUS_DELAY_129,0.24,false,20
CMP-59E9C94B,2026-03-03 12:39:36,WhatsApp,ECE,Hostel,Food Hygiene,"mess ka khana bahut kharab hai, log beemar pad rahe hain",0.26,5,true,false,MESS_FOOD_POISONING_197,0.09,false,
CMP-DB6A86F8,2026-03-03 12:48:03,WhatsApp,ECE,Training,Curriculum,Topics outside the official TOC are being taught.,0.19,2,false,true,TRAINING_TOC_MISMATCH_26,0.05,false,36
CMP-87CEC860,2026-03-03 13:55:40,Email,ME,Training,Curriculum,Topics outside the official TOC are being taught.,0.28,3,false,true,TRAINING_TOC_MISMATCH_26,0.3,false,43
CMP-93242CD7,2026-03-03 14:08:07,Anonymous Report,CE,Academic,Exams,The CS101 final exam schedule conflicts with the MA201 exam.,0.11,3,true,true,EXAM_SCHEDULE_ISSUE_185,0.29,false,31
CMP-D39E659F,2026-03-03 14:46:29,App,CSE,Training,Curriculum,The trainer is not following the announced syllabus.,0.23,2,true,true,TRAINING_TOC_MISMATCH_153,0.05,true,3
CMP-3F9FAC39,2026-03-03 15:04:23,WhatsApp,ECE,Hostel,Food Hygiene,stale food served in hostel B dinner,0.14,5,true,false,MESS_FOOD_POISONING_37,0.16,false,
CMP-6E6178E8,2026-03-03 16:15:35,Email,ECE,Training,Curriculum,Trainer is rushing through JDBC concepts.,0.2,4,false,false,TRAINING_TOC_MISMATCH_26,0.14,true,
CMP-039E52C6,2026-03-03 16:31:04,WhatsApp,CSE,Academic,Exams,2 exams on the same day is unfair,0.31,5,false,true,EXAM_SCHEDULE_ISSUE_92,0.23,false,27
CMP-93AFBC47,2026-03-03 17:42:47,Email,Common,Hostel,Food Hygiene,stale food served in hostel B dinner,0.4,5,false,false,MESS_FOOD_POISONING_37,0.25,false,
CMP-021BD837,2026-03-03 18:00:50,App,MBA,Academic,Exams,syllabus for exams not declared yet,0.39,4,false,true,EXAM_SCHEDULE_ISSUE_185,0.07,true,32
CMP-0179B10A,2026-03-03 18:01:21,Anonymous Report,CE,Training,Curriculum,The Java trainer skipped scheduled topics.,0.24,3,false,false,TRAINING_TOC_MISMATCH_153,0.02,false,
CMP-10639305,2026-03-03 18:46:52,WhatsApp,ECE,Training,Curriculum,The Java trainer skipped scheduled topics.,0.35,4,false,false,TRAINING_TOC_MISMATCH_26,0.03,false,
CMP-C00BE9FC,2026-03-03 19:39:49,App,CSE,Infrastructure,Network,Unable to access internet in library,0.27,3,true,true,WIFI_OUTAGE_LIBRARY_204,0.03,false,12
CMP-FC4E1927,2026-03-03 20:19:28,WhatsApp,CSE,Infrastructure,Network,library network outage since morning,0.33,5,true,true,WIFI_OUTAGE_LIBRARY_204,0.28,false,37
CMP-ABF04E6D,2026-03-03 20:21:34,WhatsApp,Common,Hostel,Food Hygiene,Mess food quality in hostel B has deteriorated significantly.,0.4,5,true,true,MESS_FOOD_POISONING_197,0.02,false,37
CMP-0D0EECD9,2026-03-03 20:25:18,Anonymous Report,MBA,Academic,Exams,"exam schedule is too tight, no prep leaves",0.15,5,false,false,EXAM_SCHEDULE_ISSUE_92,0.09,true,
CMP-F829DE9F,2026-03-03 21:04:09,Form,MBA,Training,Curriculum,topics skipped by placement trainer today,0.25,4,false,true,TRAINING_TOC_MISMATCH_153,0.18,false,26
CMP-ECAA8048,2026-03-03 21:06:34,WhatsApp,ECE,Academic,Exams,"exam schedule is too tight, no prep leaves",0.15,3,true,true,EXAM_SCHEDULE_ISSUE_185,0.05,false,47
CMP-2A85E645,2026-03-03 21:20:30,Anonymous Report,ECE,Training,Curriculum,Trainer is rushing through JDBC concepts.,0.25,4,false,true,TRAINING_TOC_MISMATCH_26,0.22,false,11
CMP-33D5B214,2026-03-03 21:51:51,WhatsApp,Common,Transport,Bus Delay,"Transport facility is very poor, bus never comes on time.",0.34,3,false,true,TRANSPORT_BUS_DELAY_129,0.29,false,22
CMP-E86A3F6E,2026-03-03 22:07:01,WhatsApp,ECE,Infrastructure,Network,library network outage since morning,0.29,3,false,false,WIFI_OUTAGE_LIBRARY_204,0.24,false,
CMP-CCCA7CAA,2026-03-03 22:21:29,App,MBA,Hostel,Food Hygiene,"mess ka khana bahut kharab hai, log beemar pad rahe hain",0.29,5,false,true,MESS_FOOD_POISONING_197,0.29,false,10
CMP-066156E6,2026-03-03 22:25:54,WhatsApp,CSE,Training,Curriculum,Socket programming was introduced unexpectedly.,0.13,2,true,false,TRAINING_TOC_MISMATCH_153,0.19,false,
CMP-873B601A,2026-03-03 22:36:19,App,CSE,Training,Curriculum,Trainer is rushing through JDBC concepts.,0.13,3,true,false,TRAINING_TOC_MISMATCH_26,0.27,false,
CMP-34493AB2,2026-03-03 22:40:56,WhatsApp,CSE,Training,Curriculum,The Java trainer skipped scheduled topics.,0.33,2,false,true,TRAINING_TOC_MISMATCH_26,0.17,false,35
CMP-8C1E8B3B,2026-03-03 22:44:29,App,Common,Training,Curriculum,Topics outside the official TOC are being taught.,0.18,4,false,false,TRAINING_TOC_MISMATCH_153,0.26,false,
CMP-73D076AE,2026-03-03 22:50:59,Email,CSE,Training,Curriculum,topics skipped by placement trainer today,0.34,3,true,false,TRAINING_TOC_MISMATCH_193,0.04,true,
CMP-E45949E9,2026-03-04 00:23:51,Form,CSE,Hostel,Food Hygiene,mess food is unhygienic and causing health issues,0.23,5,true,true,MESS_FOOD_POISONING_241,0.01,false,22
CMP-3B75A109,2026-03-04 01:35:12,Form,ECE,Hostel,Food Hygiene,mess food is unhygienic and causing health issues,0.25,5,true,true,MESS_FOOD_POISONING_241,0.06,false,35
CMP-CA1B8447,2026-03-04 02:31:53,Email,ECE,Infrastructure,Network,The Wi-Fi in the main library has been down for three days now.,0.36,4,true,true,WIFI_OUTAGE_LIBRARY_204,0.18,false,36
CMP-3274F021,2026-03-04 02:33:51,Email,ME,Hostel,Food Hygiene,"mess ka khana bahut kharab hai, log beemar pad rahe hain",0.12,5,true,true,MESS_FOOD_POISONING_241,0.28,true,38
CMP-5A3D669F,2026-03-04 02:39:44,Anonymous Report,MBA,Hostel,Food Hygiene,i got food poisoning fteer eating dinner yesterday.,0.21,4,false,false,MESS_FOOD_POISONING_37,0.07,false,
CMP-B92144BD,2026-03-04 03:15:16,WhatsApp,CSE,Infrastructure,Network,The Wi-Fi in the main library has been down for three days now.,0.28,4,true,true,WIFI_OUTAGE_LIBRARY_204,0.18,false,46
CMP-0981888D,2026-03-04 03:39:53,WhatsApp,Common,Harassment,Bullying,Please take action against ragging in boys hostel,0.2,5,true,false,HARASSMENT_REPORT_138,0.84,false,
CMP-2AB9136F,2026-03-04 04:05:57,Anonymous Report,Common,Hostel,Food Hygiene,mess food is unhygienic and causing health issues,0.14,4,true,false,MESS_FOOD_POISONING_37,0.03,false,
CMP-5D78DD7E,2026-03-04 04:08:04,App,CSE,Hostel,Food Hygiene,stale food served in hostel B dinner,0.31,5,true,true,MESS_FOOD_POISONING_37,0.21,false,33
CMP-27758D10,2026-03-04 04:11:36,WhatsApp,CSE,Harassment,Bullying,anonymous hrassmeent on college group,0.26,5,true,true,HARASSMENT_REPORT_138,0.61,false,29
CMP-B3B6071D,2026-03-04 04:13:04,Email,CE,Transport,Bus Delay,We are waiting at the stop for 1 hour for the college bus.,0.3,3,false,true,TRANSPORT_BUS_DELAY_129,0.08,false,28
CMP-A6E9B6D9,2026-03-04 04:41:06,WhatsApp,CE,Hostel,Food Hygiene,"mess ka khana bahut kharab hai, log beemar pad rahe hain",0.14,5,true,false,MESS_FOOD_POISONING_37,0.16,false,
CMP-8B9C9E0B,2026-03-04 04:52:42,Form,CSE,Administration,Fees,refund not processed yet,0.31,3,true,false,FEE_ISSUE_93,0.05,false,
CMP-804FB6C9,2026-03-04 05:12:38,App,ECE,Academic,Attendance,Professor missed the last three lectures without prior notice.,0.28,3,false,true,FACULTY_ATTENDANCE_49,0.19,false,9
CMP-67D32D79,2026-03-04 05:40:15,Email,ECE,Transport,Bus Delay,Bus route 4 is delayed by 45 minutes.,0.22,3,false,true,TRANSPORT_BUS_DELAY_129,0.02,false,1
CMP-C1BF5C0B,2026-03-04 05:52:51,WhatsApp,CSE,Transport,Bus Delay,bus 4 fir late ayi,0.31,3,false,true,TRANSPORT_BUS_DELAY_129,0.09,false,39
CMP-1FB65562,2026-03-04 05:54:24,Form,ME,Training,Curriculum,The Java trainer skipped scheduled topics.,0.25,4,true,false,TRAINING_TOC_MISMATCH_193,0.01,false,
CMP-26D9B4E4,2026-03-04 05:59:18,WhatsApp,ME,Transport,Bus Delay,bus 4 fir late ayi,0.27,3,false,true,TRANSPORT_BUS_DELAY_129,0.01,false,34
CMP-74696C16,2026-03-04 06:10:01,Anonymous Report,ECE,Academic,Exams,thee cs101 finl exam schedule conflicts with the ma201 exam.,0.32,5,false,true,EXAM_SCHEDULE_ISSUE_119,0.25,true,37
CMP-D6D3A7A3,2026-03-04 07:02:41,WhatsApp,MBA,Hostel,Food Hygiene,Found a bug in my salad at the main cafeteria.,0.29,4,true,true,MESS_FOOD_POISONING_241,0.03,false,2
CMP-621978C8,2026-03-04 07:16:10,Email,Common,Infrastructure,Network,The Wi-Fi in the main library has been down for three days now.,0.23,5,true,true,WIFI_OUTAGE_LIBRARY_204,0.1,false,26
CMP-0943D8C3,2026-03-04 07:25:38,Email,CE,Administration,Fees,Scholarship disbursement is delayed by 2 months.,0.22,4,false,true,FEE_ISSUE_93,0.18,false,5
CMP-9D8A0DC7,2026-03-04 07:49:27,App,CSE,Infrastructure,Network,library me net nahi chal raha kab thik hoga,0.34,3,false,true,WIFI_OUTAGE_LIBRARY_204,0.04,true,9
CMP-DCA93184,2026-03-04 07:50:11,Email,ME,Harassment,Bullying,constant bullying by batchmates,0.18,5,true,true,HARASSMENT_REPORT_138,0.76,false,26
CMP-E5F92131,2026-03-04 07:52:33,Form,CSE,Transport,Bus Delay,"Transport facility is very poor, bus never comes on time.",0.16,4,false,true,TRANSPORT_BUS_DELAY_129,0.2,false,48
CMP-0E7A32F6,2026-03-04 08:04:32,Anonymous Report,CE,Hostel,Food Hygiene,I got food poisoning after eating dinner yesterday.,0.29,5,false,true,MESS_FOOD_POISONING_241,0.01,false,13
CMP-E821FB6D,2026-03-04 08:36:34,Form,CSE,Infrastructure,Network,wifi firse gaya 😭 library me,0.31,5,false,true,WIFI_OUTAGE_LIBRARY_204,0.22,false,17
CMP-02C5E476,2026-03-04 08:38:19,Form,EEE,Academic,Exams,mid sem dates are clashing with technical fest,0.27,4,true,true,EXAM_SCHEDULE_ISSUE_119,0.14,false,34
CMP-82BA01E3,2026-03-04 08:49:58,WhatsApp,CSE,Harassment,Bullying,Anonymous harassment on college group,0.15,5,true,true,HARASSMENT_REPORT_138,0.9,false,48
CMP-4EFFD36B,2026-03-04 09:41:39,Form,ME,Hostel,Food Hygiene,I got food poisoning after eating dinner yesterday.,0.2,5,true,true,MESS_FOOD_POISONING_241,0.06,false,23
CMP-0CD1341C,2026-03-04 10:43:55,Form,CE,Harassment,Bullying,Anonymous harassment on college group,0.27,5,true,true,HARASSMENT_REPORT_138,0.78,false,12
CMP-6972344E,2026-03-04 10:48:02,Form,CSE,Hostel,Food Hygiene,Found a bug in my salad at the main cafeteria.,0.14,5,true,true,MESS_FOOD_POISONING_37,0.27,false,39
CMP-E8B4D044,2026-03-04 10:50:27,App,ECE,Infrastructure,Network,No internet connection in the library again.,0.11,5,false,true,WIFI_OUTAGE_LIBRARY_204,0.15,false,28
CMP-401B4DA5,2026-03-04 11:00:36,WhatsApp,CSE,Academic,Exams,The CS101 final exam schedule conflicts with the MA201 exam.,0.39,5,true,true,EXAM_SCHEDULE_ISSUE_119,0.11,false,21
CMP-1B556D58,2026-03-04 11:27:37,Email,ECE,Academic,Attendance,attendance portal is showing wrong data for CS101,0.14,2,false,true,FACULTY_ATTENDANCE_49,0.12,false,12
CMP-D8C481CC,2026-03-04 11:39:18,Anonymous Report,EEE,Hostel,Food Hygiene,Found a bug in my salad at the main cafeteria.,0.17,4,true,true,MESS_FOOD_POISONING_37,0.12,false,11
CMP-77CDB492,2026-03-04 11:41:22,Email,CSE,Training,Curriculum,Topics outside the official TOC are being taught.,0.28,2,true,true,TRAINING_TOC_MISMATCH_193,0.2,false,22
CMP-F239BF50,2026-03-04 12:03:45,WhatsApp,Common,Transport,Bus Delay,bus breakdown on highway again,0.19,3,false,false,TRANSPORT_BUS_DELAY_129,0.3,false,
CMP-F8613175,2026-03-04 12:10:17,WhatsApp,ME,Training,Curriculum,Trainer is rushing through JDBC concepts.,0.36,4,false,false,TRAINING_TOC_MISMATCH_193,0.13,true,
CMP-26F9685E,2026-03-04 12:15:05,Email,ECE,Transport,Bus Delay,We are waiting at the stop for 1 hour for the college bus.,0.35,3,false,false,TRANSPORT_BUS_DELAY_129,0.25,false,
CMP-35D5A27E,2026-03-04 13:20:37,App,ECE,Administration,Fees,"fee portal is down, last date tomorrow",0.23,3,false,false,FEE_ISSUE_93,0.08,true,
CMP-F2A9668A,2026-03-04 13:38:08,Anonymous Report,CSE,Administration,Fees,"fee portal is down, last date tomorrow",0.39,4,false,true,FEE_ISSUE_93,0.19,false,8
CMP-A1BFB5C7,2026-03-04 13:44:40,App,Common,Training,Curriculum,The trainer is not following the announced syllabus.,0.3,4,false,false,TRAINING_TOC_MISMATCH_193,0.18,true,
CMP-340C0BF1,2026-03-04 13:54:05,WhatsApp,ECE,Administration,Fees,"fee portal is down, last date tomorrow",0.25,3,false,false,FEE_ISSUE_93,0.11,false,
CMP-B5151575,2026-03-04 14:15:03,Form,CSE,Harassment,Bullying,fcing toxic beehavior from a faculty member.,0.21,5,true,true,HARASSMENT_REPORT_138,0.84,false,25
CMP-7837C10E,2026-03-04 14:24:50,App,CSE,Transport,Bus Delay,driver of bus 7 is very rude,0.16,2,false,false,TRANSPORT_BUS_DELAY_129,0.22,false,
CMP-6A6340DE,2026-03-04 14:27:11,App,ECE,Transport,Bus Delay,bus 4 fir late ayi,0.27,3,false,false,TRANSPORT_BUS_DELAY_129,0.26,false,
CMP-DD7DB9E4,2026-03-04 14:55:20,WhatsApp,EEE,Hostel,Food Hygiene,mess food is unhygienic and causing health issues,0.37,4,false,false,MESS_FOOD_POISONING_37,0.15,false,
CMP-32BEAD8A,2026-03-04 15:19:39,WhatsApp,CSE,Transport,Bus Delay,"Transport facility is very poor, bus never comes on time.",0.38,4,false,true,TRANSPORT_BUS_DELAY_129,0.18,false,31
CMP-9F802BB7,2026-03-04 15:50:32,Form,EEE,Academic,Exams,syllabus for exams not declared yet,0.21,5,false,false,EXAM_SCHEDULE_ISSUE_119,0.26,false,
CMP-86FD71CF,2026-03-04 16:15:34,Email,CSE,Hostel,Food Hygiene,"mess ka khana bahut kharab hai, log beemar pad rahe hain",0.29,4,false,false,MESS_FOOD_POISONING_37,0.1,false,
CMP-884297A8,2026-03-04 17:09:34,Email,ME,Transport,Bus Delay,bus breakdown on highway again,0.15,4,false,false,TRANSPORT_BUS_DELAY_129,0.14,false,
CMP-C7A5BB75,2026-03-04 17:43:08,Anonymous Report,Common,Administration,Fees,Scholarship disbursement is delayed by 2 months.,0.3,4,true,false,FEE_ISSUE_93,0.29,false,
CMP-80F5318C,2026-03-04 18:20:51,Email,CSE,Academic,Attendance,attendance portal is showing wrong data for CS101,0.34,2,false,false,FACULTY_ATTENDANCE_49,0.27,false,
CMP-AAB8998E,2026-03-04 18:26:16,Email,ECE,Training,Curriculum,The trainer is not following the announced syllabus.,0.28,4,true,true,TRAINING_TOC_MISMATCH_193,0.2,false,16
CMP-2656BC74,2026-03-04 18:43:07,WhatsApp,Common,Infrastructure,Network,thee wi-fi in the min library has been down for three days now.,0.32,5,false,true,WIFI_OUTAGE_LIBRARY_204,0.21,false,6
CMP-15E1F43E,2026-03-04 18:47:34,Form,CSE,Hostel,Food Hygiene,I got food poisoning after eating dinner yesterday.,0.28,5,true,false,MESS_FOOD_POISONING_241,0.21,false,
CMP-12523E23,2026-03-04 19:36:16,App,CSE,Hostel,Food Hygiene,"mess ka khana bahut kharab hai, log beemar pad rahe hain",0.22,4,false,true,MESS_FOOD_POISONING_37,0.01,false,20
CMP-8E62115B,2026-03-04 20:11:39,Form,MBA,Hostel,Food Hygiene,I got food poisoning after eating dinner yesterday.,0.34,4,true,true,MESS_FOOD_POISONING_37,0.09,true,18
CMP-921B1DE4,2026-03-04 21:21:47,Email,Common,Administration,Fees,refund not processed yet,0.38,3,false,false,FEE_ISSUE_93,0.29,false,
CMP-2BFAF254,2026-03-04 22:00:21,WhatsApp,ECE,Transport,Bus Delay,bus 4 fir late ayi,0.19,4,false,false,TRANSPORT_BUS_DELAY_129,0.09,true,
CMP-EBBA41BD,2026-03-04 22:43:15,Anonymous Report,CSE,Hostel,Food Hygiene,Found a bug in my salad at the main cafeteria.,0.37,4,true,true,MESS_FOOD_POISONING_37,0.04,false,22
CMP-B1D7E502,2026-03-04 22:46:25,App,CSE,Transport,Bus Delay,Bus route 4 is delayed by 45 minutes.,0.36,4,false,false,TRANSPORT_BUS_DELAY_129,0.18,false,
CMP-B5E41E2A,2026-03-04 22:51:36,WhatsApp,CSE,Administration,Fees,refund not processed yet,0.21,3,false,true,FEE_ISSUE_93,0.18,false,7
CMP-8243C229,2026-03-04 23:04:05,Form,ECE,Academic,Attendance,attendance issue in DBMS class,0.24,2,false,true,FACULTY_ATTENDANCE_49,0.1,false,18
CMP-5417DE7A,2026-03-04 23:12:20,WhatsApp,CSE,Harassment,Bullying,constant bullying by batchmates,0.12,5,true,true,HARASSMENT_REPORT_138,0.71,false,40
CMP-E80517F5,2026-03-04 23:28:57,WhatsApp,ECE,Academic,Exams,Need to reschedule the database systems exam.,0.37,3,true,false,EXAM_SCHEDULE_ISSUE_119,0.0,true,
CMP-7325A823,2026-03-04 23:46:54,Email,Common,Harassment,Bullying,Anonymous harassment on college group,0.38,5,true,true,HARASSMENT_REPORT_138,0.9,false,38
CMP-77E0BBBE,2026-03-05 00:10:42,Form,MBA,Harassment,Bullying,Seniors are ragging in the hostel block.,0.15,5,true,false,HARASSMENT_REPORT_138,0.84,false,
CMP-75F59FA8,2026-03-05 00:41:48,Form,CE,Academic,Exams,"eexm schedule is too tight, no prep leaves",0.31,3,true,true,EXAM_SCHEDULE_ISSUE_119,0.2,false,33
CMP-2E51CCC0,2026-03-05 01:25:01,Form,CSE,Harassment,Bullying,Anonymous harassment on college group,0.23,5,true,false,HARASSMENT_REPORT_138,0.67,false,
CMP-2CB32945,2026-03-05 01:43:33,WhatsApp,EEE,Academic,Attendance,Prof hasn't shown up for classes this whole week.,0.14,2,false,false,FACULTY_ATTENDANCE_49,0.01,false,
CMP-D0767A97,2026-03-05 01:56:25,Anonymous Report,CSE,Academic,Exams,2 exams on the same day is unfair,0.13,3,false,false,EXAM_SCHEDULE_ISSUE_119,0.24,false,
CMP-678C34A2,2026-03-05 04:43:12,App,CSE,Academic,Attendance,Faculty attendance policy bahut unfair hai.,0.32,2,false,true,FACULTY_ATTENDANCE_49,0.27,false,4
CMP-BD2F32DF,2026-03-05 06:14:55,Email,ECE,Academic,Attendance,tteendance portal is showing wrong data for cs101,0.2,3,false,true,FACULTY_ATTENDANCE_49,0.23,false,43
CMP-8CA71DDC,2026-03-05 06:57:43,Anonymous Report,CE,Academic,Attendance,attendance portal is showing wrong data for CS101,0.33,3,false,true,FACULTY_ATTENDANCE_49,0.16,false,41
CMP-22CF8CFF,2026-03-05 07:30:56,WhatsApp,CSE,Academic,Attendance,Professor missed the last three lectures without prior notice.,0.28,3,false,false,FACULTY_ATTENDANCE_49,0.24,false,
CMP-CDFF07C3,2026-03-05 07:54:33,Email,ME,Administration,Fees,extra charges in this semester fee structure?,0.19,4,true,false,FEE_ISSUE_130,0.26,true,
CMP-A30C2893,2026-03-05 08:16:55,Anonymous Report,CE,Hostel,Food Hygiene,Found a bug in my salad at the main cafeteria.,0.36,4,true,true,MESS_FOOD_POISONING_241,0.13,false,47
CMP-74F472F5,2026-03-05 08:31:03,Email,ME,Academic,Attendance,attendance portal is showing wrong data for CS101,0.35,2,false,true,FACULTY_ATTENDANCE_49,0.0,false,1
CMP-6D51B83F,2026-03-05 09:03:56,Anonymous Report,Common,Harassment,Bullying,constant bullying by batchmates,0.3,5,true,true,HARASSMENT_REPORT_138,0.89,false,33
CMP-72A5745B,2026-03-05 10:58:43,WhatsApp,CSE,Academic,Attendance,teacher not coming but taking attendance online??,0.4,2,true,true,FACULTY_ATTENDANCE_49,0.1,false,46
CMP-E895AEDA,2026-03-05 11:37:59,Form,ECE,Harassment,Bullying,constant bullying by batchmates,0.38,5,true,false,HARASSMENT_REPORT_138,0.73,false,
CMP-7ECCDCFD,2026-03-05 12:45:54,Email,Common,Harassment,Bullying,constant bullying by batchmates,0.12,5,true,false,HARASSMENT_REPORT_138,0.75,false,
CMP-DE1B9F7E,2026-03-05 13:05:12,WhatsApp,CSE,Academic,Attendance,Professor missed the last three lectures without prior notice.,0.14,3,false,false,FACULTY_ATTENDANCE_49,0.21,false,
CMP-36CD1242,2026-03-05 15:08:57,Email,Common,Harassment,Bullying,constnt bullying by batchmatees,0.23,5,true,true,HARASSMENT_REPORT_138,0.82,false,41
CMP-68F31AEB,2026-03-05 16:43:11,Email,ECE,Academic,Exams,mid sem dates are clashing with technical fest,0.12,4,false,false,EXAM_SCHEDULE_ISSUE_119,0.14,false,
CMP-8B1F8C77,2026-03-05 17:44:03,WhatsApp,CSE,Academic,Exams,Need to reschedule the database systems exam.,0.34,5,true,true,EXAM_SCHEDULE_ISSUE_119,0.26,false,6
CMP-D7DCA1B7,2026-03-05 17:47:37,WhatsApp,ECE,Academic,Attendance,My attendance was marked absent even though I was present.,0.2,2,false,true,FACULTY_ATTENDANCE_49,0.26,false,43
CMP-084362F2,2026-03-05 18:15:38,WhatsApp,ECE,Harassment,Bullying,Seniors are ragging in the hostel block.,0.16,5,true,false,HARASSMENT_REPORT_138,0.82,true,
CMP-68470CFA,2026-03-05 19:56:59,Form,Common,Administration,Fees,"feee portl is down, last date tomorrow",0.28,3,false,false,FEE_ISSUE_130,0.26,false,
CMP-9D1F5BD8,2026-03-05 22:43:59,Form,Common,Academic,Attendance,teacher not coming but taking attendance online??,0.21,3,false,true,FACULTY_ATTENDANCE_49,0.13,false,32
CMP-1E269DCD,2026-03-05 23:33:58,Email,ECE,Academic,Attendance,teacher not coming but taking attendance online??,0.38,2,false,true,FACULTY_ATTENDANCE_49,0.22,false,11
CMP-ADACAA21,2026-03-06 01:13:52,App,ECE,Administration,Fees,Late fee was charged wrongly on my account.,0.38,3,false,true,FEE_ISSUE_184,0.13,true,12
CMP-53B126EF,2026-03-06 02:40:40,Anonymous Report,CSE,Hostel,Food Hygiene,I got food poisoning after eating dinner yesterday.,0.37,5,false,true,MESS_FOOD_POISONING_210,0.04,false,30
CMP-EA9A81E3,2026-03-06 02:44:14,Form,CSE,Administration,Fees,"fee portal is down, last date tomorrow",0.31,4,true,true,FEE_ISSUE_130,0.28,false,4
CMP-0E4273FD,2026-03-06 05:11:27,WhatsApp,CSE,Administration,Fees,"fee portal is down, last date tomorrow",0.35,4,false,true,FEE_ISSUE_130,0.15,false,24
CMP-9C98C472,2026-03-06 05:59:37,App,CSE,Administration,Fees,eextr charges in this semester fee structure?,0.23,3,true,true,FEE_ISSUE_130,0.15,false,31
CMP-76ABD03C,2026-03-06 06:16:11,App,CSE,Hostel,Food Hygiene,Found a bug in my salad at the main cafeteria.,0.24,5,true,false,MESS_FOOD_POISONING_210,0.01,false,
CMP-DE0004AF,2026-03-06 06:24:33,Anonymous Report,ECE,Administration,Fees,extra charges in this semester fee structure?,0.23,4,false,true,FEE_ISSUE_130,0.07,false,33
CMP-F62C6560,2026-03-06 07:30:17,App,CSE,Administration,Fees,Scholarship disbursement is delayed by 2 months.,0.36,3,false,true,FEE_ISSUE_184,0.25,false,32
CMP-0B3D89DA,2026-03-06 07:41:38,Email,CSE,Hostel,Food Hygiene,Mess food quality in hostel B has deteriorated significantly.,0.39,5,false,true,MESS_FOOD_POISONING_210,0.15,true,10
CMP-DCD05D63,2026-03-06 08:50:38,Form,ECE,Administration,Fees,Scholarship disbursement is delayed by 2 months.,0.3,4,false,true,FEE_ISSUE_184,0.21,true,16
CMP-67BF08FF,2026-03-06 10:17:17,Email,ECE,Administration,Fees,reefund not processed yet,0.37,4,false,true,FEE_ISSUE_130,0.26,false,18
CMP-6315DC77,2026-03-06 10:39:43,WhatsApp,CSE,Hostel,Food Hygiene,Food quality in the mess has degraded significantly.,0.13,4,true,true,MESS_FOOD_POISONING_210,0.28,false,26
CMP-6206855D,2026-03-06 11:40:00,WhatsApp,EEE,Administration,Fees,Scholarship disbursement is delayed by 2 months.,0.23,4,false,true,FEE_ISSUE_130,0.1,true,13
CMP-5A2EAA72,2026-03-06 17:05:16,WhatsApp,ME,Hostel,Food Hygiene,I got food poisoning after eating dinner yesterday.,0.36,5,true,true,MESS_FOOD_POISONING_210,0.18,false,5
CMP-FF361715,2026-03-06 19:09:27,WhatsApp,CSE,Administration,Fees,Scholarship disbursement is delayed by 2 months.,0.17,4,false,false,FEE_ISSUE_184,0.14,false,
CMP-4B4A396F,2026-03-06 20:08:45,Email,CSE,Hostel,Food Hygiene,I got food poisoning after eating dinner yesterday.,0.23,4,true,true,MESS_FOOD_POISONING_210,0.15,false,10
CMP-B75FEF3E,2026-03-06 20:31:07,Form,CSE,Hostel,Food Hygiene,stale food served in hostel B dinner,0.28,5,false,false,MESS_FOOD_POISONING_210,0.22,false,
CMP-BE870837,2026-03-06 20:58:29,Form,CSE,Administration,Fees,"fee portal is down, last date tomorrow",0.28,3,false,false,FEE_ISSUE_130,0.12,false,
CMP-C51814C6,2026-03-06 22:25:02,WhatsApp,CSE,Administration,Fees,Scholarship disbursement is delayed by 2 months.,0.36,4,false,true,FEE_ISSUE_130,0.07,false,37
CMP-E8A7C376,2026-03-06 23:20:01,Form,CSE,Administration,Fees,refund not processed yet,0.33,4,false,true,FEE_ISSUE_184,0.11,true,6
CMP-A28509ED,2026-03-07 00:17:48,Anonymous Report,MBA,Academic,Attendance,Professor missed the last three lectures without prior notice.,0.12,2,false,true,FACULTY_ATTENDANCE_56,0.09,false,12
CMP-17F576A4,2026-03-07 01:14:31,Anonymous Report,ECE,Academic,Attendance,attendance portal is showing wrong data for CS101,0.14,3,false,true,FACULTY_ATTENDANCE_56,0.13,false,46
CMP-0FB7D13A,2026-03-07 03:00:11,WhatsApp,EEE,Academic,Attendance,Professor missed the last three lectures without prior notice.,0.4,3,false,false,FACULTY_ATTENDANCE_56,0.17,true,
CMP-1343E5A1,2026-03-07 03:07:54,Email,CSE,Academic,Attendance,teacher not coming but taking attendance online??,0.17,2,false,false,FACULTY_ATTENDANCE_56,0.24,false,
CMP-562FAF68,2026-03-07 03:09:32,Email,CSE,Academic,Exams,The CS101 final exam schedule conflicts with the MA201 exam.,0.22,4,false,false,EXAM_SCHEDULE_ISSUE_208,0.15,true,
CMP-864BABB1,2026-03-07 03:09:47,Anonymous Report,ECE,Hostel,Food Hygiene,Mess food quality in hostel B has deteriorated significantly.,0.33,4,true,true,MESS_FOOD_POISONING_210,0.1,false,5
CMP-FD22888A,2026-03-07 06:40:32,WhatsApp,CSE,Administration,Fees,"fee portal is down, last date tomorrow",0.31,4,false,true,FEE_ISSUE_184,0.08,false,14
CMP-F3B9FC90,2026-03-07 07:32:39,Email,CE,Academic,Exams,syllabus for exams not declared yet,0.31,3,false,false,EXAM_SCHEDULE_ISSUE_208,0.01,false,
CMP-25F24E6C,2026-03-07 08:11:41,Form,ECE,Hostel,Food Hygiene,"mess ka khana bahut kharab hai, log beemar pad rahe hain",0.25,4,true,true,MESS_FOOD_POISONING_210,0.15,false,7
CMP-5C5BCEE9,2026-03-07 09:41:22,Form,CSE,Academic,Exams,The CS101 final exam schedule conflicts with the MA201 exam.,0.35,3,false,false,EXAM_SCHEDULE_ISSUE_208,0.22,false,
CMP-3D4256A3,2026-03-07 09:59:58,Email,ECE,Academic,Exams,syllbus for eexams not declared yet,0.35,3,false,true,EXAM_SCHEDULE_ISSUE_208,0.16,false,18
CMP-701DAFBA,2026-03-07 10:05:50,Form,CSE,Placement,Scheduling,hr round postponeed without notice,0.24,5,true,false,PLACEMENT_INTERVIEW_CLASH_194,0.27,false,
CMP-775E43BE,2026-03-07 11:46:11,Form,ECE,Hostel,Food Hygiene,I got food poisoning after eating dinner yesterday.,0.39,4,true,false,MESS_FOOD_POISONING_210,0.04,false,
CMP-2C3492BE,2026-03-07 13:20:54,Email,CSE,Academic,Attendance,attendance portal is showing wrong data for CS101,0.19,2,true,true,FACULTY_ATTENDANCE_56,0.2,false,47
CMP-863F3500,2026-03-07 13:47:27,WhatsApp,ECE,Hostel,Food Hygiene,Mess food quality in hostel B has deteriorated significantly.,0.15,4,true,false,MESS_FOOD_POISONING_210,0.05,true,
CMP-04357ED5,2026-03-07 13:54:07,WhatsApp,CSE,Administration,Fees,"fee portal is down, last date tomorrow",0.24,4,true,false,FEE_ISSUE_184,0.25,false,
CMP-8FFEFFF9,2026-03-07 14:04:34,WhatsApp,MBA,Administration,Fees,Scholarship disbursement is delayed by 2 months.,0.16,3,false,false,FEE_ISSUE_184,0.2,false,
CMP-0B0BE071,2026-03-07 15:55:12,WhatsApp,ECE,Administration,Fees,refund not processed yet,0.17,3,true,true,FEE_ISSUE_184,0.04,false,31
CMP-914D1BF9,2026-03-07 16:51:57,Form,CSE,Academic,Exams,syllabus for exams not declared yet,0.18,3,false,false,EXAM_SCHEDULE_ISSUE_208,0.09,true,
CMP-D5DE1B74,2026-03-07 17:34:00,Anonymous Report,CSE,Hostel,Food Hygiene,stlee food served in hostel b dinner,0.25,4,true,false,MESS_FOOD_POISONING_210,0.02,false,
CMP-F11CD4EF,2026-03-07 17:37:33,App,CSE,Placement,Scheduling,placement drive and mid sem on same day??,0.39,5,true,true,PLACEMENT_INTERVIEW_CLASH_194,0.23,true,46
CMP-D0FB8FE0,2026-03-07 18:08:19,Form,CSE,Academic,Attendance,teecher not coming but taking attendance online??,0.32,2,false,true,FACULTY_ATTENDANCE_56,0.13,false,40
CMP-A0C16BBA,2026-03-07 18:14:08,App,ECE,Administration,Fees,refund not processed yet,0.37,3,true,false,FEE_ISSUE_184,0.01,false,
CMP-69E23B8C,2026-03-07 18:35:48,App,ECE,Academic,Exams,Need to reschedule the database systems exam.,0.23,4,true,false,EXAM_SCHEDULE_ISSUE_208,0.27,false,
CMP-321EED52,2026-03-07 19:02:26,Email,ME,Placement,Scheduling,HR round postponed without notice,0.14,4,true,false,PLACEMENT_INTERVIEW_CLASH_194,0.13,true,
CMP-BDF28770,2026-03-07 19:03:08,Email,ME,Academic,Exams,neeed to reschedule the dtabase systems exam.,0.26,5,true,false,EXAM_SCHEDULE_ISSUE_208,0.18,false,
CMP-28176A45,2026-03-07 19:09:08,Form,MBA,Academic,Attendance,My attendance was marked absent even though I was present.,0.16,2,true,true,FACULTY_ATTENDANCE_56,0.28,false,5
CMP-A0F0D5DA,2026-03-07 20:27:34,Email,CE,Hostel,Food Hygiene,Found a bug in my salad at the main cafeteria.,0.32,4,false,true,MESS_FOOD_POISONING_210,0.02,false,13
CMP-D1D643D3,2026-03-07 20:47:30,Anonymous Report,ECE,Administration,Fees,Scholarship disbursement is delayed by 2 months.,0.19,4,true,false,FEE_ISSUE_184,0.18,false,
CMP-E968D9F5,2026-03-07 22:14:45,Email,MBA,Academic,Exams,thee cs101 finl exam schedule conflicts with the ma201 exam.,0.11,5,false,false,EXAM_SCHEDULE_ISSUE_208,0.16,true,
CMP-2226061E,2026-03-07 22:52:25,Anonymous Report,CSE,Academic,Exams,"exam schedule is too tight, no prep leaves",0.1,4,false,true,EXAM_SCHEDULE_ISSUE_208,0.03,false,6
CMP-1960CE20,2026-03-07 23:10:55,Form,CSE,Placement,Scheduling,tcs inteerview clshes with my final exam.,0.26,4,true,true,PLACEMENT_INTERVIEW_CLASH_194,0.21,false,12
CMP-1B2AAE92,2026-03-07 23:17:29,Anonymous Report,ME,Academic,Exams,The CS101 final exam schedule conflicts with the MA201 exam.,0.12,4,false,true,EXAM_SCHEDULE_ISSUE_208,0.2,false,18
CMP-C1FBDDDE,2026-03-07 23:45:25,Form,CSE,Placement,Scheduling,HR round postponed without notice,0.1,4,true,true,PLACEMENT_INTERVIEW_CLASH_194,0.21,false,42
CMP-4ED9A683,2026-03-08 00:24:59,WhatsApp,ME,Placement,Scheduling,TCS interview clashes with my final exam.,0.22,5,true,true,PLACEMENT_INTERVIEW_CLASH_194,0.11,false,39
CMP-47D84D4E,2026-03-08 00:33:43,Anonymous Report,ME,Placement,Scheduling,Interview slots are overlapping for multiple companies.,0.35,5,true,true,PLACEMENT_INTERVIEW_CLASH_194,0.19,false,17
CMP-8B52A2C0,2026-03-08 01:44:27,Email,CSE,Placement,Scheduling,placement drive and mid sem on same day??,0.37,5,true,false,PLACEMENT_INTERVIEW_CLASH_194,0.26,true,
CMP-D1384592,2026-03-08 01:47:53,Email,ECE,Academic,Exams,Need to reschedule the database systems exam.,0.29,4,false,true,EXAM_SCHEDULE_ISSUE_208,0.11,true,8
CMP-B8216DE8,2026-03-08 02:11:03,App,CSE,Academic,Exams,mid sem dates are clashing with technical fest,0.13,5,true,true,EXAM_SCHEDULE_ISSUE_208,0.07,false,8
CMP-860C33D0,2026-03-08 02:35:22,Form,CSE,Administration,Fees,Scholarship disbursement is delayed by 2 months.,0.4,3,false,true,FEE_ISSUE_211,0.01,false,42
CMP-2207B175,2026-03-08 02:35:37,Form,CSE,Administration,Fees,"fee portal is down, last date tomorrow",0.36,4,false,true,FEE_ISSUE_211,0.22,false,28
CMP-A38933D8,2026-03-08 02:40:46,WhatsApp,MBA,Academic,Exams,"exam schedule is too tight, no prep leaves",0.12,3,true,false,EXAM_SCHEDULE_ISSUE_208,0.04,false,
CMP-C6EF671A,2026-03-08 03:31:02,WhatsApp,ECE,Administration,Fees,"fee portal is down, last date tomorrow",0.13,4,false,false,FEE_ISSUE_211,0.11,false,
CMP-E79891D1,2026-03-08 03:40:36,App,MBA,Academic,Exams,"exam schedule is too tight, no prep leaves",0.39,5,true,false,EXAM_SCHEDULE_ISSUE_208,0.19,false,
CMP-4A28B2F0,2026-03-08 04:25:35,WhatsApp,CSE,Administration,Fees,Late fee was charged wrongly on my account.,0.26,3,false,true,FEE_ISSUE_211,0.24,false,9
CMP-D0025AEC,2026-03-08 05:02:07,Form,ME,Placement,Scheduling,Please reschedule the Infosys pre-placement talk.,0.36,5,true,true,PLACEMENT_INTERVIEW_CLASH_194,0.04,false,36
CMP-62C95E09,2026-03-08 05:47:27,Email,CSE,Academic,Attendance,My attendance was marked absent even though I was present.,0.26,3,false,false,FACULTY_ATTENDANCE_56,0.06,true,
CMP-AB933565,2026-03-08 06:50:05,WhatsApp,EEE,Placement,Scheduling,Please reschedule the Infosys pre-placement talk.,0.2,5,false,false,PLACEMENT_INTERVIEW_CLASH_194,0.29,true,
CMP-D3B16EF2,2026-03-08 09:46:17,Form,CSE,Placement,Scheduling,Please reschedule the Infosys pre-placement talk.,0.22,4,true,false,PLACEMENT_INTERVIEW_CLASH_194,0.26,true,
CMP-5E81D7E4,2026-03-08 11:22:24,WhatsApp,Common,Academic,Exams,mid sem dates are clashing with technical fest,0.12,3,true,true,EXAM_SCHEDULE_ISSUE_208,0.24,true,12
CMP-8307D81D,2026-03-08 11:28:46,Form,ECE,Academic,Exams,syllabus for exams not declared yet,0.3,5,false,true,EXAM_SCHEDULE_ISSUE_208,0.03,true,4
CMP-C4BE6524,2026-03-08 11:42:22,Email,CE,Placement,Scheduling,placement cell is not responding to mails,0.22,5,true,true,PLACEMENT_INTERVIEW_CLASH_194,0.22,true,46
CMP-C06BE5CB,2026-03-08 12:25:36,WhatsApp,ME,Academic,Exams,The CS101 final exam schedule conflicts with the MA201 exam.,0.4,5,false,true,EXAM_SCHEDULE_ISSUE_208,0.08,true,13
CMP-D6DA89A3,2026-03-08 13:38:43,Email,ECE,Placement,Scheduling,HR round postponed without notice,0.19,4,true,true,PLACEMENT_INTERVIEW_CLASH_194,0.26,false,36
CMP-D7D16271,2026-03-08 14:46:05,WhatsApp,ECE,Academic,Exams,syllabus for exams not declared yet,0.24,3,true,false,EXAM_SCHEDULE_ISSUE_208,0.08,false,
CMP-69FDD7C3,2026-03-08 16:04:31,Anonymous Report,CSE,Placement,Scheduling,HR round postponed without notice,0.3,4,true,false,PLACEMENT_INTERVIEW_CLASH_194,0.19,false,
CMP-B2188659,2026-03-08 18:06:23,Form,ME,Academic,Exams,The CS101 final exam schedule conflicts with the MA201 exam.,0.3,5,true,true,EXAM_SCHEDULE_ISSUE_208,0.12,false,37
CMP-C4A5A372,2026-03-08 19:36:48,WhatsApp,EEE,Placement,Scheduling,placement cell is not responding to mails,0.26,4,true,false,PLACEMENT_INTERVIEW_CLASH_194,0.18,false,
CMP-DE591C43,2026-03-08 19:55:35,WhatsApp,ECE,Placement,Scheduling,placement drive and mid sem on same day??,0.23,5,true,false,PLACEMENT_INTERVIEW_CLASH_194,0.26,false,
CMP-4EEEC608,2026-03-08 20:06:11,Email,CSE,Academic,Attendance,attendance issue in DBMS class,0.32,3,false,false,FACULTY_ATTENDANCE_56,0.0,true,
CMP-D7D429BA,2026-03-08 20:15:30,Form,CE,Placement,Scheduling,TCS interview clashes with my final exam.,0.32,4,true,true,PLACEMENT_INTERVIEW_CLASH_194,0.07,false,7
CMP-A8E4F412,2026-03-08 20:26:10,Anonymous Report,CSE,Academic,Attendance,attendance issue in DBMS class,0.3,3,false,true,FACULTY_ATTENDANCE_56,0.16,false,36
CMP-50B1E662,2026-03-08 22:16:39,WhatsApp,CSE,Academic,Exams,syllabus for exams not declared yet,0.39,3,true,true,EXAM_SCHEDULE_ISSUE_208,0.01,true,1
CMP-611BF302,2026-03-08 22:17:44,Form,ECE,Academic,Exams,Need to reschedule the database systems exam.,0.35,5,true,true,EXAM_SCHEDULE_ISSUE_208,0.26,false,17
CMP-702216FC,2026-03-08 22:18:10,Email,ECE,Placement,Scheduling,placement cell is not responding to mails,0.37,5,false,true,PLACEMENT_INTERVIEW_CLASH_194,0.21,false,47
CMP-F8E7DF82,2026-03-08 22:33:30,Form,CSE,Academic,Exams,mid sem dates are clashing with technical fest,0.21,4,false,false,EXAM_SCHEDULE_ISSUE_208,0.15,false,
CMP-EE8C010A,2026-03-08 22:50:47,Email,ECE,Administration,Fees,refund not processed yet,0.32,4,false,false,FEE_ISSUE_211,0.07,false,
CMP-8ED0CD8E,2026-03-08 23:52:39,Email,Common,Administration,Fees,Late fee was charged wrongly on my account.,0.23,4,false,false,FEE_ISSUE_211,0.02,false,
CMP-F20F2E25,2026-03-09 00:03:58,Form,CE,Transport,Bus Delay,bus 4 fir late ayi,0.35,2,false,true,TRANSPORT_BUS_DELAY_181,0.27,false,26
CMP-607FCCE7,2026-03-09 00:28:10,WhatsApp,MBA,Transport,Bus Delay,We are waiting at the stop for 1 hour for the college bus.,0.18,3,false,false,TRANSPORT_BUS_DELAY_181,0.29,false,
CMP-3DFDC242,2026-03-09 00:31:57,WhatsApp,CSE,Hostel,Water,There is no hot water in Block B hostels since yesterday.,0.39,4,false,true,HOSTEL_WATER_ISSUE_246,0.08,false,3
CMP-EFBB25A3,2026-03-09 01:12:27,WhatsApp,CE,Transport,Bus Delay,Bus route 4 is delayed by 45 minutes.,0.12,2,true,true,TRANSPORT_BUS_DELAY_181,0.17,false,26
CMP-2EE08F02,2026-03-09 01:17:41,Email,CE,Infrastructure,Network,librry neetwork outage since morning,0.19,4,false,false,WIFI_OUTAGE_LIBRARY_143,0.14,true,
CMP-428BE6EE,2026-03-09 01:40:25,Form,ECE,Hostel,Water,water cooler in Block C is dispensing dirty water.,0.28,3,false,true,HOSTEL_WATER_ISSUE_246,0.22,false,37
CMP-653B6718,2026-03-09 01:43:06,WhatsApp,ME,Hostel,Water,plumber not fixing the leaking tap in room 204,0.19,3,false,true,HOSTEL_WATER_ISSUE_246,0.12,false,22
CMP-01E127ED,2026-03-09 03:56:09,Email,CSE,Transport,Bus Delay,bus 4 fir late ayi,0.27,3,false,true,TRANSPORT_BUS_DELAY_181,0.05,false,22
CMP-A10F84EB,2026-03-09 04:18:21,WhatsApp,CSE,Placement,Scheduling,HR round postponed without notice,0.33,4,true,true,PLACEMENT_INTERVIEW_CLASH_224,0.14,false,25
CMP-A214B24E,2026-03-09 05:17:31,Form,MBA,Transport,Bus Delay,bus 4 fir late ayi,0.14,4,false,true,TRANSPORT_BUS_DELAY_7,0.3,false,28
CMP-879EADA8,2026-03-09 06:27:36,WhatsApp,EEE,Transport,Bus Delay,"Transport facility is very poor, bus never comes on time.",0.16,2,false,false,TRANSPORT_BUS_DELAY_7,0.16,false,
CMP-4CF94752,2026-03-09 07:03:26,WhatsApp,CSE,Hostel,Water,paani nahi aa raha subah se,0.23,4,true,false,HOSTEL_WATER_ISSUE_246,0.14,false,
CMP-4032DEB6,2026-03-09 07:08:40,Email,Common,Infrastructure,Network,librry wifi is compleetely dead. please fix it asap.,0.21,3,false,false,WIFI_OUTAGE_LIBRARY_143,0.12,false,
CMP-EEA72B0D,2026-03-09 07:16:01,Email,CSE,Transport,Bus Delay,We are waiting at the stop for 1 hour for the college bus.,0.2,3,true,true,TRANSPORT_BUS_DELAY_181,0.23,false,8
CMP-23BEE72D,2026-03-09 07:58:58,WhatsApp,ECE,Administration,Fees,refund not processed yet,0.17,3,false,false,FEE_ISSUE_84,0.27,false,
CMP-3C708AA1,2026-03-09 08:17:22,WhatsApp,Common,Administration,Fees,"fee portal is down, last date tomorrow",0.1,4,false,true,FEE_ISSUE_84,0.16,true,45
CMP-04D822E1,2026-03-09 08:33:07,WhatsApp,Common,Infrastructure,Network,library me net nahi chal raha kab thik hoga,0.25,5,false,false,WIFI_OUTAGE_LIBRARY_143,0.27,false,
CMP-4EB3E22C,2026-03-09 09:08:55,WhatsApp,CSE,Administration,Fees,Scholarship disbursement is delayed by 2 months.,0.36,4,false,false,FEE_ISSUE_211,0.12,false,
CMP-ABE6179F,2026-03-09 09:40:23,Email,ECE,Administration,Fees,refund not processed yet,0.13,4,false,true,FEE_ISSUE_211,0.24,false,10
CMP-7A3B6321,2026-03-09 09:43:39,Anonymous Report,CSE,Transport,Bus Delay,bus 4 fir ltee ayi,0.38,2,false,true,TRANSPORT_BUS_DELAY_181,0.3,true,13
CMP-9DF10B8E,2026-03-09 10:23:37,Form,CSE,Transport,Bus Delay,bus 4 fir late ayi,0.14,2,false,false,TRANSPORT_BUS_DELAY_181,0.2,true,
CMP-CAA5D0FB,2026-03-09 10:55:28,Email,CSE,Administration,Fees,refund not processed yet,0.13,3,false,false,FEE_ISSUE_211,0.11,false,
CMP-7D319A3A,2026-03-09 12:44:33,Form,MBA,Transport,Bus Delay,"Transport facility is very poor, bus never comes on time.",0.18,3,true,false,TRANSPORT_BUS_DELAY_181,0.19,false,
CMP-E9DE3998,2026-03-09 13:46:54,Email,CE,Infrastructure,Network,wifi firse gaya 😭 library me,0.16,4,false,true,WIFI_OUTAGE_LIBRARY_143,0.18,false,32
CMP-94390B27,2026-03-09 14:21:17,WhatsApp,CSE,Hostel,Water,paani nahi aa raha subah se,0.23,4,false,true,HOSTEL_WATER_ISSUE_246,0.03,false,32
CMP-A85F93CA,2026-03-09 14:59:21,WhatsApp,CE,Administration,Fees,refund not processed yet,0.25,3,true,false,FEE_ISSUE_211,0.15,false,
CMP-0D153C66,2026-03-09 15:43:52,Form,ECE,Infrastructure,Network,library me net nahi chal raha kab thik hoga,0.18,3,false,true,WIFI_OUTAGE_LIBRARY_143,0.11,false,40
CMP-00667C14,2026-03-09 16:12:19,Email,ECE,Transport,Bus Delay,"Transport facility is very poor, bus never comes on time.",0.12,3,false,false,TRANSPORT_BUS_DELAY_181,0.05,false,
CMP-1A384530,2026-03-09 17:00:53,WhatsApp,CSE,Placement,Scheduling,placement cell is not responding to mails,0.37,4,false,false,PLACEMENT_INTERVIEW_CLASH_224,0.23,false,
CMP-5D145582,2026-03-09 17:22:07,WhatsApp,CE,Infrastructure,Network,wifi firse gaya 😭 library me,0.31,4,false,true,WIFI_OUTAGE_LIBRARY_143,0.3,false,42
CMP-2A86F66E,2026-03-09 17:24:59,WhatsApp,ME,Transport,Bus Delay,bus 4 fir late ayi,0.15,2,false,true,TRANSPORT_BUS_DELAY_7,0.2,false,17
CMP-633C2EE1,2026-03-09 17:25:57,Form,CE,Infrastructure,Network,library network outage since morning,0.37,5,false,false,WIFI_OUTAGE_LIBRARY_143,0.26,false,
CMP-B239D145,2026-03-09 17:40:34,Email,CE,Transport,Bus Delay,"trnsport facility is veery poor, bus never comes on time.",0.21,2,false,false,TRANSPORT_BUS_DELAY_181,0.29,false,
CMP-EE90786E,2026-03-09 17:46:37,Email,CSE,Transport,Bus Delay,bus breakdown on highway again,0.22,4,false,false,TRANSPORT_BUS_DELAY_7,0.01,false,
CMP-C72DE542,2026-03-09 18:19:24,WhatsApp,CE,Infrastructure,Network,librry wifi is compleetely dead. please fix it asap.,0.26,4,true,false,WIFI_OUTAGE_LIBRARY_143,0.28,false,
CMP-DBB515B4,2026-03-09 18:23:59,App,CSE,Administration,Fees,Scholarship disbursement is delayed by 2 months.,0.13,3,true,false,FEE_ISSUE_211,0.23,false,
CMP-6916B882,2026-03-09 18:50:09,WhatsApp,CSE,Administration,Fees,Scholarship disbursement is delayed by 2 months.,0.19,4,false,true,FEE_ISSUE_211,0.01,true,8
CMP-C75867CA,2026-03-09 19:21:02,Form,CSE,Transport,Bus Delay,bus breakdown on highway again,0.21,3,false,true,TRANSPORT_BUS_DELAY_7,0.24,true,13
CMP-1EF83F27,2026-03-09 19:21:41,Form,ECE,Administration,Fees,Late fee was charged wrongly on my account.,0.39,3,false,true,FEE_ISSUE_211,0.14,false,24
CMP-3A4E8209,2026-03-09 19:25:29,WhatsApp,ME,Transport,Bus Delay,bus 4 fir late ayi,0.15,2,false,false,TRANSPORT_BUS_DELAY_181,0.18,true,
CMP-F503C2AF,2026-03-09 20:55:26,WhatsApp,ECE,Administration,Fees,"fee portal is down, last date tomorrow",0.3,4,true,true,FEE_ISSUE_84,0.25,true,28
CMP-A5EC4113,2026-03-09 22:00:55,WhatsApp,ECE,Transport,Bus Delay,We are waiting at the stop for 1 hour for the college bus.,0.19,3,true,false,TRANSPORT_BUS_DELAY_7,0.2,false,
CMP-DD3EAA9A,2026-03-09 22:09:49,App,ME,Administration,Fees,refund not processed yet,0.27,3,false,true,FEE_ISSUE_84,0.16,false,22
CMP-DAA9E28B,2026-03-10 00:04:13,Anonymous Report,CSE,Hostel,Food Hygiene,Food quality in the mess has degraded significantly.,0.34,5,true,true,MESS_FOOD_POISONING_44,0.14,true,9
CMP-1C807F42,2026-03-10 00:09:55,App,CSE,Transport,Bus Delay,driver of bus 7 is very rude,0.34,4,true,false,TRANSPORT_BUS_DELAY_7,0.24,false,
CMP-0A9A9701,2026-03-10 00:34:33,Form,CSE,Infrastructure,Network,No internet connection in the library again.,0.34,3,false,true,WIFI_OUTAGE_LIBRARY_143,0.22,true,43
CMP-8570A09B,2026-03-10 00:59:21,Form,Common,Administration,Fees,"fee portal is down, last date tomorrow",0.12,4,true,true,FEE_ISSUE_84,0.04,false,29
CMP-97D76DEF,2026-03-10 01:04:37,Form,CSE,Transport,Bus Delay,We are waiting at the stop for 1 hour for the college bus.,0.35,3,false,true,TRANSPORT_BUS_DELAY_239,0.0,false,37
CMP-E1DEF6BA,2026-03-10 01:17:59,Anonymous Report,EEE,Hostel,Food Hygiene,Food quality in the mess has degraded significantly.,0.16,4,false,false,MESS_FOOD_POISONING_44,0.04,false,
CMP-A366D44D,2026-03-10 01:21:19,Email,EEE,Academic,Exams,"exam schedule is too tight, no prep leaves",0.22,4,false,false,EXAM_SCHEDULE_ISSUE_14,0.18,false,
CMP-310FE556,2026-03-10 02:32:28,Form,CSE,Hostel,Food Hygiene,I got food poisoning after eating dinner yesterday.,0.15,4,false,false,MESS_FOOD_POISONING_44,0.25,true,
CMP-485C0D82,2026-03-10 02:32:34,App,MBA,Hostel,Water,no drinking water on 3rd floor,0.3,3,true,false,HOSTEL_WATER_ISSUE_246,0.2,true,
CMP-98F9603A,2026-03-10 02:33:55,Form,Common,Hostel,Water,theere is no hot wter in block b hostels since yesterday.,0.32,3,true,true,HOSTEL_WATER_ISSUE_246,0.29,false,37
CMP-F576F45D,2026-03-10 02:39:32,WhatsApp,Common,Academic,Exams,Need to reschedule the database systems exam.,0.22,3,true,false,EXAM_SCHEDULE_ISSUE_14,0.13,true,
CMP-170F52FF,2026-03-10 02:44:20,WhatsApp,CSE,Administration,Fees,"fee portal is down, last date tomorrow",0.27,3,true,false,FEE_ISSUE_84,0.2,false,
CMP-8CE88744,2026-03-10 02:58:07,WhatsApp,MBA,Hostel,Food Hygiene,mess food is unhygienic and causing health issues,0.21,4,false,false,MESS_FOOD_POISONING_44,0.14,false,
CMP-5072D585,2026-03-10 03:24:29,Form,CSE,Infrastructure,Network,library network outage since morning,0.38,4,true,true,WIFI_OUTAGE_LIBRARY_143,0.26,false,8
CMP-80179F52,2026-03-10 05:00:27,Email,CSE,Transport,Bus Delay,Bus route 4 is delayed by 45 minutes.,0.13,3,true,false,TRANSPORT_BUS_DELAY_7,0.12,false,
CMP-5C02139B,2026-03-10 05:06:46,Email,ECE,Transport,Bus Delay,driver of bus 7 is very rude,0.21,3,false,true,TRANSPORT_BUS_DELAY_213,0.16,true,22
CMP-920D4D9A,2026-03-10 05:25:05,WhatsApp,ME,Transport,Bus Delay,driveer of bus 7 is very rude,0.25,3,false,false,TRANSPORT_BUS_DELAY_213,0.17,true,
CMP-8638D093,2026-03-10 05:31:03,Email,CSE,Hostel,Food Hygiene,"mess ka khana bahut kharab hai, log beemar pad rahe hain",0.25,4,true,false,MESS_FOOD_POISONING_44,0.27,false,
CMP-B9006BC4,2026-03-10 05:42:53,Anonymous Report,CSE,Hostel,Food Hygiene,Found a bug in my salad at the main cafeteria.,0.2,4,true,false,MESS_FOOD_POISONING_44,0.01,true,
CMP-93AF18A3,2026-03-10 05:54:53,Form,CSE,Infrastructure,Network,library network outage since morning,0.13,4,false,false,WIFI_OUTAGE_LIBRARY_143,0.23,false,
CMP-A640313F,2026-03-10 06:18:09,WhatsApp,Common,Administration,Fees,reefund not processed yet,0.21,4,true,true,FEE_ISSUE_84,0.29,true,28
CMP-DE58D2D4,2026-03-10 06:31:22,WhatsApp,MBA,Administration,Fees,"feee portl is down, last date tomorrow",0.35,4,true,true,FEE_ISSUE_84,0.06,false,37
CMP-AE039BC3,2026-03-10 06:31:33,WhatsApp,CE,Hostel,Food Hygiene,stlee food served in hostel b dinner,0.16,4,true,true,MESS_FOOD_POISONING_44,0.15,false,34
CMP-97123122,2026-03-10 07:04:16,App,ME,Academic,Exams,syllabus for exams not declared yet,0.26,4,false,true,EXAM_SCHEDULE_ISSUE_14,0.19,false,35
CMP-B1B958D8,2026-03-10 07:04:58,Email,ECE,Transport,Bus Delay,We are waiting at the stop for 1 hour for the college bus.,0.26,2,false,true,TRANSPORT_BUS_DELAY_213,0.24,false,35
CMP-2D9A7002,2026-03-10 07:51:27,Form,CSE,Hostel,Water,water cooler in Block C is dispensing dirty water.,0.23,3,false,true,HOSTEL_WATER_ISSUE_246,0.18,false,23
CMP-A1F23B6B,2026-03-10 08:05:10,Email,EEE,Transport,Bus Delay,Bus route 4 is delayed by 45 minutes.,0.31,2,false,false,TRANSPORT_BUS_DELAY_239,0.07,false,
CMP-0AA585B3,2026-03-10 08:20:18,WhatsApp,ECE,Infrastructure,Network,library wifi is completely dead. Please fix it ASAP.,0.11,3,true,true,WIFI_OUTAGE_LIBRARY_143,0.03,true,5
CMP-3ADA9EA5,2026-03-10 08:24:17,Email,CSE,Hostel,Water,water cooler in Block C is dispensing dirty water.,0.3,4,false,false,HOSTEL_WATER_ISSUE_246,0.27,false,
CMP-821C9D32,2026-03-10 08:34:42,WhatsApp,CSE,Transport,Bus Delay,We are waiting at the stop for 1 hour for the college bus.,0.11,2,true,true,TRANSPORT_BUS_DELAY_239,0.3,false,39
CMP-4BEF2A11,2026-03-10 08:49:56,Anonymous Report,ECE,Transport,Bus Delay,"Transport facility is very poor, bus never comes on time.",0.23,2,false,false,TRANSPORT_BUS_DELAY_239,0.2,true,
CMP-99BCBBF2,2026-03-10 09:21:33,WhatsApp,Common,Hostel,Water,plumber not fixing the leaking tap in room 204,0.19,4,false,true,HOSTEL_WATER_ISSUE_246,0.27,false,19
CMP-103E1C89,2026-03-10 09:25:45,Form,CSE,Infrastructure,Network,The Wi-Fi in the main library has been down for three days now.,0.27,3,false,false,WIFI_OUTAGE_LIBRARY_143,0.01,true,
CMP-93373708,2026-03-10 09:46:37,Form,CSE,Transport,Bus Delay,We are waiting at the stop for 1 hour for the college bus.,0.24,4,false,true,TRANSPORT_BUS_DELAY_7,0.26,false,27
CMP-3CC92BF9,2026-03-10 09:57:10,WhatsApp,ECE,Transport,Bus Delay,Bus route 4 is delayed by 45 minutes.,0.34,4,false,true,TRANSPORT_BUS_DELAY_7,0.24,false,35
CMP-C5D77D9C,2026-03-10 10:35:14,App,CE,Transport,Bus Delay,Bus route 4 is delayed by 45 minutes.,0.36,2,false,true,TRANSPORT_BUS_DELAY_213,0.04,false,41
CMP-EC781036,2026-03-10 11:03:14,App,CSE,Hostel,Water,There is no hot water in Block B hostels since yesterday.,0.21,4,false,false,HOSTEL_WATER_ISSUE_246,0.17,true,
CMP-D7E3D9FA,2026-03-10 11:13:01,WhatsApp,CSE,Placement,Scheduling,Please reschedule the Infosys pre-placement talk.,0.38,5,true,true,PLACEMENT_INTERVIEW_CLASH_224,0.25,false,21
CMP-650AE494,2026-03-10 11:14:09,App,CSE,Placement,Scheduling,placement drive and mid sem on same day??,0.36,5,true,true,PLACEMENT_INTERVIEW_CLASH_224,0.03,false,33
CMP-EA136B55,2026-03-10 11:20:46,WhatsApp,CSE,Academic,Exams,mid sem dates are clashing with technical fest,0.11,3,true,true,EXAM_SCHEDULE_ISSUE_14,0.08,true,41
CMP-0D0035AD,2026-03-10 11:22:09,Form,ECE,Hostel,Food Hygiene,Food quality in the mess has degraded significantly.,0.1,5,false,true,MESS_FOOD_POISONING_44,0.06,false,43
CMP-0E78DBE6,2026-03-10 11:47:16,Anonymous Report,CSE,Transport,Bus Delay,Bus route 4 is delayed by 45 minutes.,0.22,3,false,false,TRANSPORT_BUS_DELAY_239,0.06,false,
CMP-A48F68A7,2026-03-10 12:03:03,Email,CSE,Transport,Bus Delay,driver of bus 7 is very rude,0.33,4,false,false,TRANSPORT_BUS_DELAY_239,0.12,true,
CMP-43C99BBB,2026-03-10 12:54:11,WhatsApp,CSE,Academic,Exams,The CS101 final exam schedule conflicts with the MA201 exam.,0.37,4,true,true,EXAM_SCHEDULE_ISSUE_14,0.3,false,13
CMP-2AB0C7A1,2026-03-10 13:39:53,WhatsApp,CSE,Transport,Bus Delay,We are waiting at the stop for 1 hour for the college bus.,0.37,3,false,false,TRANSPORT_BUS_DELAY_7,0.07,true,
CMP-5508E282,2026-03-10 13:50:45,Form,ECE,Hostel,Food Hygiene,stale food served in hostel B dinner,0.13,5,true,true,MESS_FOOD_POISONING_44,0.21,false,34
CMP-4610E72C,2026-03-10 13:50:45,App,CSE,Administration,Fees,Scholarship disbursement is delayed by 2 months.,0.24,3,false,false,FEE_ISSUE_84,0.12,false,
CMP-E8DC00B0,2026-03-10 14:08:25,WhatsApp,CE,Placement,Scheduling,HR round postponed without notice,0.32,5,true,true,PLACEMENT_INTERVIEW_CLASH_224,0.1,false,39
CMP-948EFD40,2026-03-10 14:16:13,Form,CSE,Transport,Bus Delay,Bus route 4 is delayed by 45 minutes.,0.3,4,false,true,TRANSPORT_BUS_DELAY_7,0.14,false,21
CMP-79722F59,2026-03-10 14:34:06,App,Common,Transport,Bus Delay,"Transport facility is very poor, bus never comes on time.",0.17,4,false,true,TRANSPORT_BUS_DELAY_7,0.23,false,34
CMP-A7CD78CE,2026-03-10 14:39:12,WhatsApp,ECE,Transport,Bus Delay,driver of bus 7 is very rude,0.35,4,false,true,TRANSPORT_BUS_DELAY_213,0.05,false,34
CMP-41A2FF01,2026-03-10 14:53:00,WhatsApp,CSE,Infrastructure,Network,library wifi is completely dead. Please fix it ASAP.,0.2,3,false,false,WIFI_OUTAGE_LIBRARY_143,0.2,false,
CMP-A010A7DD,2026-03-10 15:33:40,Email,CSE,Academic,Exams,syllabus for exams not declared yet,0.36,4,false,false,EXAM_SCHEDULE_ISSUE_14,0.0,false,
CMP-2BFA9EEE,2026-03-10 16:06:37,WhatsApp,Common,Transport,Bus Delay,"Transport facility is very poor, bus never comes on time.",0.37,2,false,true,TRANSPORT_BUS_DELAY_7,0.12,false,48
CMP-7E1A9CD0,2026-03-10 16:18:48,WhatsApp,ECE,Hostel,Food Hygiene,Food quality in the mess has degraded significantly.,0.3,5,true,true,MESS_FOOD_POISONING_44,0.2,false,27
CMP-AA2C218F,2026-03-10 16:26:40,WhatsApp,Common,Transport,Bus Delay,bus breakdown on highway again,0.21,3,false,true,TRANSPORT_BUS_DELAY_239,0.23,false,2
CMP-387C139E,2026-03-10 16:31:38,WhatsApp,EEE,Administration,Fees,Late fee was charged wrongly on my account.,0.2,4,true,true,FEE_ISSUE_84,0.21,false,9
CMP-E8D18B18,2026-03-10 16:39:12,App,CE,Infrastructure,Network,Unable to access internet in library,0.19,4,false,false,WIFI_OUTAGE_LIBRARY_143,0.11,true,
CMP-EEC2FB19,2026-03-10 16:51:18,WhatsApp,ECE,Administration,Fees,Late fee was charged wrongly on my account.,0.31,4,false,true,FEE_ISSUE_84,0.03,false,48
CMP-2412A3C6,2026-03-10 17:02:15,Email,ME,Transport,Bus Delay,bus 4 fir late ayi,0.26,3,false,false,TRANSPORT_BUS_DELAY_239,0.11,false,
CMP-7664C38E,2026-03-10 18:02:47,App,CSE,Transport,Bus Delay,bus 4 fir late ayi,0.21,3,false,true,TRANSPORT_BUS_DELAY_239,0.17,true,48
CMP-DF21DE7E,2026-03-10 18:38:57,Email,CSE,Hostel,Water,plumber not fixing the leaking tap in room 204,0.21,3,false,true,HOSTEL_WATER_ISSUE_246,0.14,false,34
CMP-ADC3F108,2026-03-10 19:07:37,WhatsApp,CSE,Transport,Bus Delay,bus breakdown on highway again,0.13,4,false,true,TRANSPORT_BUS_DELAY_7,0.28,true,5
CMP-7F225192,2026-03-10 19:13:26,Form,CE,Placement,Scheduling,placement drive and mid sem on same day??,0.13,5,true,true,PLACEMENT_INTERVIEW_CLASH_224,0.06,true,5
CMP-B0797945,2026-03-10 19:21:54,Form,ME,Infrastructure,Network,librry mee net nahi chal raha kab thik hoga,0.14,3,false,false,WIFI_OUTAGE_LIBRARY_143,0.29,false,
CMP-E188958C,2026-03-10 20:20:20,Form,ECE,Infrastructure,Network,library me net nahi chal raha kab thik hoga,0.15,5,false,false,WIFI_OUTAGE_LIBRARY_143,0.3,false,
CMP-09D8DDD8,2026-03-10 20:27:33,WhatsApp,CSE,Transport,Bus Delay,"Transport facility is very poor, bus never comes on time.",0.34,2,true,false,TRANSPORT_BUS_DELAY_181,0.06,false,
CMP-9A906C4D,2026-03-10 20:58:54,WhatsApp,MBA,Placement,Scheduling,Interview slots are overlapping for multiple companies.,0.27,4,true,true,PLACEMENT_INTERVIEW_CLASH_224,0.27,false,30
CMP-2EC84A25,2026-03-10 21:07:44,WhatsApp,CE,Hostel,Water,plumber not fixing the leaking tap in room 204,0.17,4,false,true,HOSTEL_WATER_ISSUE_246,0.21,true,6
CMP-2C688EDD,2026-03-10 21:27:31,Form,ECE,Placement,Scheduling,TCS interview clashes with my final exam.,0.17,5,false,true,PLACEMENT_INTERVIEW_CLASH_224,0.26,false,37
CMP-E8436498,2026-03-10 22:08:07,App,Common,Hostel,Water,"Block B geysers are not working, we need hot water.",0.16,4,false,true,HOSTEL_WATER_ISSUE_246,0.08,false,11
CMP-A9AB4CCA,2026-03-10 23:10:13,App,CSE,Hostel,Water,plumber not fixing the leaking tap in room 204,0.29,3,false,true,HOSTEL_WATER_ISSUE_246,0.21,false,34
CMP-C7971108,2026-03-10 23:13:49,Email,ECE,Transport,Bus Delay,"Transport facility is very poor, bus never comes on time.",0.4,4,true,true,TRANSPORT_BUS_DELAY_7,0.28,false,24
CMP-52ED71A9,2026-03-11 02:31:19,WhatsApp,Common,Transport,Bus Delay,We are waiting at the stop for 1 hour for the college bus.,0.28,4,false,true,TRANSPORT_BUS_DELAY_213,0.07,false,11
CMP-5721D1A2,2026-03-11 02:34:31,WhatsApp,CSE,Transport,Bus Delay,We are waiting at the stop for 1 hour for the college bus.,0.2,2,false,true,TRANSPORT_BUS_DELAY_213,0.24,false,9
CMP-13EE9CB5,2026-03-11 02:55:55,Form,CSE,Academic,Exams,Need to reschedule the database systems exam.,0.24,4,false,false,EXAM_SCHEDULE_ISSUE_160,0.02,false,
CMP-1E72A434,2026-03-11 02:59:46,WhatsApp,ECE,Hostel,Food Hygiene,found  bug in my salad at thee main cafeteria.,0.16,5,true,true,MESS_FOOD_POISONING_179,0.1,false,23
CMP-E1FDC063,2026-03-11 03:08:54,Form,ECE,Transport,Bus Delay,bus breakdown on highway again,0.23,4,false,false,TRANSPORT_BUS_DELAY_239,0.16,false,
CMP-27E65E18,2026-03-11 03:28:25,WhatsApp,Common,Hostel,Food Hygiene,Food quality in the mess has degraded significantly.,0.3,4,true,true,MESS_FOOD_POISONING_179,0.3,false,37
CMP-A91439FB,2026-03-11 03:31:50,WhatsApp,CSE,Hostel,Food Hygiene,I got food poisoning after eating dinner yesterday.,0.29,4,true,false,MESS_FOOD_POISONING_44,0.24,false,
CMP-126A347C,2026-03-11 03:39:48,Form,ME,Hostel,Food Hygiene,"meess k khana bahut kharab hai, log beemar pad rahe hain",0.11,4,true,false,MESS_FOOD_POISONING_179,0.08,true,
CMP-E5F1AA04,2026-03-11 04:06:49,App,ECE,Transport,Bus Delay,driver of bus 7 is very rude,0.37,2,false,true,TRANSPORT_BUS_DELAY_213,0.06,false,8
CMP-46D113E3,2026-03-11 05:07:25,Form,CE,Transport,Bus Delay,bus breakdown on highway again,0.24,4,true,true,TRANSPORT_BUS_DELAY_213,0.22,false,25
CMP-671C9A07,2026-03-11 05:58:06,WhatsApp,CSE,Transport,Bus Delay,bus breakdown on highway again,0.14,2,false,true,TRANSPORT_BUS_DELAY_239,0.22,false,47
CMP-FE894B29,2026-03-11 06:02:04,Form,ME,Hostel,Food Hygiene,Found a bug in my salad at the main cafeteria.,0.15,4,true,false,MESS_FOOD_POISONING_179,0.08,false,
CMP-7D9EC373,2026-03-11 06:05:14,Email,ME,Transport,Bus Delay,bus breakdown on highway again,0.32,3,false,true,TRANSPORT_BUS_DELAY_239,0.26,false,27
CMP-979DA81F,2026-03-11 06:26:31,App,CSE,Academic,Exams,The CS101 final exam schedule conflicts with the MA201 exam.,0.33,4,true,false,EXAM_SCHEDULE_ISSUE_160,0.2,false,
CMP-A35DE5C8,2026-03-11 07:09:48,WhatsApp,CSE,Transport,Bus Delay,bus breekdown on highway again,0.25,3,true,true,TRANSPORT_BUS_DELAY_213,0.23,true,38
CMP-90F3C9E8,2026-03-11 08:52:34,Form,MBA,Transport,Bus Delay,bus breakdown on highway again,0.3,4,false,false,TRANSPORT_BUS_DELAY_213,0.11,false,
CMP-1CD6A8D7,2026-03-11 09:26:31,Form,CSE,Transport,Bus Delay,"Transport facility is very poor, bus never comes on time.",0.23,2,true,true,TRANSPORT_BUS_DELAY_213,0.25,false,12
CMP-E1E49229,2026-03-11 09:56:40,WhatsApp,MBA,Hostel,Food Hygiene,"mess ka khana bahut kharab hai, log beemar pad rahe hain",0.37,4,true,true,MESS_FOOD_POISONING_179,0.17,false,47
CMP-1F1231FA,2026-03-11 10:08:45,Form,ECE,Hostel,Food Hygiene,Food quality in the mess has degraded significantly.,0.35,4,false,true,MESS_FOOD_POISONING_44,0.06,false,8
CMP-A20B813B,2026-03-11 10:50:25,Email,CSE,Hostel,Food Hygiene,mess food is unhygienic and causing health issues,0.4,5,true,true,MESS_FOOD_POISONING_44,0.01,true,40
CMP-E2A43745,2026-03-11 12:10:10,WhatsApp,ECE,Transport,Bus Delay,We are waiting at the stop for 1 hour for the college bus.,0.19,3,true,true,TRANSPORT_BUS_DELAY_239,0.3,false,47
CMP-D6A6A41E,2026-03-11 12:10:39,Email,Common,Hostel,Food Hygiene,I got food poisoning after eating dinner yesterday.,0.29,4,true,true,MESS_FOOD_POISONING_179,0.25,false,4
CMP-0CD2055C,2026-03-11 13:08:19,WhatsApp,CE,Academic,Exams,syllabus for exams not declared yet,0.32,3,false,false,EXAM_SCHEDULE_ISSUE_160,0.06,false,
CMP-DA6CFB0E,2026-03-11 14:09:33,Email,EEE,Transport,Bus Delay,We are waiting at the stop for 1 hour for the college bus.,0.21,4,false,true,TRANSPORT_BUS_DELAY_213,0.06,true,3
CMP-EFB085A3,2026-03-11 14:24:56,App,CSE,Transport,Bus Delay,bus breakdown on highway again,0.4,4,false,true,TRANSPORT_BUS_DELAY_213,0.12,false,14
CMP-40BCD96A,2026-03-11 14:33:26,Anonymous Report,CSE,Academic,Exams,"exam schedule is too tight, no prep leaves",0.29,3,true,true,EXAM_SCHEDULE_ISSUE_160,0.02,false,47
CMP-A2EA7A7C,2026-03-11 16:18:42,Anonymous Report,ECE,Transport,Bus Delay,Bus route 4 is delayed by 45 minutes.,0.35,2,false,true,TRANSPORT_BUS_DELAY_213,0.2,false,42
CMP-808D936B,2026-03-11 18:05:32,WhatsApp,CE,Transport,Bus Delay,"Transport facility is very poor, bus never comes on time.",0.34,2,false,true,TRANSPORT_BUS_DELAY_213,0.24,true,6
CMP-88204262,2026-03-11 18:29:50,WhatsApp,EEE,Transport,Bus Delay,Bus route 4 is delayed by 45 minutes.,0.28,2,false,true,TRANSPORT_BUS_DELAY_239,0.19,true,45
CMP-A34A0CDF,2026-03-11 19:06:34,Form,CSE,Hostel,Food Hygiene,Mess food quality in hostel B has deteriorated significantly.,0.25,4,true,true,MESS_FOOD_POISONING_179,0.15,false,17
CMP-EE8EECF7,2026-03-11 19:30:12,Anonymous Report,CE,Academic,Exams,The CS101 final exam schedule conflicts with the MA201 exam.,0.21,3,false,true,EXAM_SCHEDULE_ISSUE_160,0.23,false,46
CMP-9EA2F041,2026-03-11 19:54:02,WhatsApp,CSE,Hostel,Food Hygiene,Found a bug in my salad at the main cafeteria.,0.4,4,true,true,MESS_FOOD_POISONING_44,0.11,false,30
CMP-F1A549F6,2026-03-11 20:39:25,WhatsApp,CSE,Transport,Bus Delay,We are waiting at the stop for 1 hour for the college bus.,0.32,2,false,true,TRANSPORT_BUS_DELAY_239,0.29,false,32
CMP-31BB6E13,2026-03-11 21:16:30,Email,ECE,Transport,Bus Delay,Bus route 4 is delayed by 45 minutes.,0.35,2,false,true,TRANSPORT_BUS_DELAY_213,0.02,true,6
CMP-E30A313E,2026-03-11 23:16:08,WhatsApp,CSE,Academic,Exams,The CS101 final exam schedule conflicts with the MA201 exam.,0.32,5,true,true,EXAM_SCHEDULE_ISSUE_160,0.19,true,25
CMP-7F354391,2026-03-11 23:38:37,Form,CSE,Transport,Bus Delay,driver of bus 7 is very rude,0.32,4,false,false,TRANSPORT_BUS_DELAY_239,0.09,false,
CMP-E93FF425,2026-03-12 00:05:17,Form,CE,Administration,Fees,Late fee was charged wrongly on my account.,0.29,3,false,true,FEE_ISSUE_79,0.1,false,44
CMP-84ABF78C,2026-03-12 00:27:00,Email,ECE,Administration,Fees,extra charges in this semester fee structure?,0.29,4,false,true,FEE_ISSUE_79,0.01,false,28
CMP-7B91037A,2026-03-12 01:20:31,Anonymous Report,ECE,Harassment,Bullying,Please take action against ragging in boys hostel,0.28,5,true,false,HARASSMENT_REPORT_200,0.61,false,
CMP-F59B4E88,2026-03-12 02:02:11,App,ECE,Hostel,Food Hygiene,I got food poisoning after eating dinner yesterday.,0.32,4,true,true,MESS_FOOD_POISONING_179,0.03,false,28
CMP-A52C1421,2026-03-12 02:44:09,App,CSE,Harassment,Bullying,Please take action against ragging in boys hostel,0.28,5,true,false,HARASSMENT_REPORT_200,0.72,false,
CMP-1AF946D2,2026-03-12 04:01:50,WhatsApp,CSE,Hostel,Food Hygiene,Found a bug in my salad at the main cafeteria.,0.27,5,true,false,MESS_FOOD_POISONING_179,0.0,false,
CMP-D144159A,2026-03-12 07:56:35,WhatsApp,ECE,Harassment,Bullying,Facing toxic behavior from a faculty member.,0.36,5,true,false,HARASSMENT_REPORT_200,0.77,false,
CMP-341AC773,2026-03-12 09:54:40,Email,CSE,Hostel,Food Hygiene,Mess food quality in hostel B has deteriorated significantly.,0.17,5,true,false,MESS_FOOD_POISONING_179,0.05,true,
CMP-58924BCD,2026-03-12 10:01:22,WhatsApp,CSE,Harassment,Bullying,pleese take action against ragging in boys hostel,0.18,5,true,true,HARASSMENT_REPORT_200,0.67,true,47
CMP-D0A5EEE4,2026-03-12 10:54:25,Form,Common,Hostel,Food Hygiene,Found a bug in my salad at the main cafeteria.,0.38,5,false,false,MESS_FOOD_POISONING_179,0.04,false,
CMP-98368215,2026-03-12 13:59:10,App,CSE,Academic,Exams,syllabus for exams not declared yet,0.29,4,false,true,EXAM_SCHEDULE_ISSUE_160,0.22,false,32
CMP-DA84E937,2026-03-12 14:02:17,Anonymous Report,MBA,Hostel,Food Hygiene,stale food served in hostel B dinner,0.25,5,false,false,MESS_FOOD_POISONING_179,0.06,false,
CMP-406697C2,2026-03-12 14:04:16,Email,EEE,Administration,Fees,"fee portal is down, last date tomorrow",0.34,3,false,false,FEE_ISSUE_79,0.19,false,
CMP-4367A966,2026-03-12 15:51:41,Form,CE,Administration,Fees,refund not processed yet,0.21,4,true,true,FEE_ISSUE_79,0.17,true,29
CMP-95E1AEE7,2026-03-12 16:31:33,Email,ECE,Academic,Exams,Need to reschedule the database systems exam.,0.21,3,false,true,EXAM_SCHEDULE_ISSUE_160,0.27,false,42
CMP-07EBD275,2026-03-12 16:57:58,Anonymous Report,CSE,Hostel,Food Hygiene,Food quality in the mess has degraded significantly.,0.2,4,false,true,MESS_FOOD_POISONING_179,0.02,true,10
CMP-1D9814C7,2026-03-12 17:11:08,WhatsApp,Common,Hostel,Food Hygiene,Mess food quality in hostel B has deteriorated significantly.,0.26,5,false,false,MESS_FOOD_POISONING_179,0.24,false,
CMP-460DCF30,2026-03-12 17:19:23,Email,CSE,Harassment,Bullying,constant bullying by batchmates,0.12,5,true,true,HARASSMENT_REPORT_200,0.79,false,31
CMP-26A54CFD,2026-03-12 19:39:41,Form,ECE,Academic,Exams,2 exams on the same day is unfair,0.24,5,true,true,EXAM_SCHEDULE_ISSUE_160,0.24,false,33
CMP-98C03999,2026-03-12 19:43:09,WhatsApp,MBA,Hostel,Food Hygiene,I got food poisoning after eating dinner yesterday.,0.38,5,true,false,MESS_FOOD_POISONING_179,0.07,false,
CMP-86EC1BBC,2026-03-12 20:57:21,Email,CSE,Administration,Fees,extra charges in this semester fee structure?,0.13,3,false,true,FEE_ISSUE_79,0.18,false,23
CMP-71FCB237,2026-03-12 22:14:08,WhatsApp,ECE,Harassment,Bullying,Seniors are ragging in the hostel block.,0.33,5,true,true,HARASSMENT_REPORT_200,0.84,false,7
CMP-BBBF3B5C,2026-03-12 23:54:07,Email,ECE,Academic,Exams,"exam schedule is too tight, no prep leaves",0.15,3,false,true,EXAM_SCHEDULE_ISSUE_160,0.26,false,21
CMP-8C67BFAD,2026-03-13 01:11:18,Email,ECE,Academic,Attendance,prof hsn't shown up for classees this whole week.,0.22,2,false,false,FACULTY_ATTENDANCE_116,0.07,false,
CMP-5D4AF09C,2026-03-13 02:00:30,WhatsApp,ECE,Training,Curriculum,topics skipped by placement trainer today,0.28,3,false,true,TRAINING_TOC_MISMATCH_88,0.06,false,19
CMP-1FFDC10B,2026-03-13 02:00:46,WhatsApp,ECE,Administration,Fees,scholrship disburseement is delayed by 2 months.,0.29,3,false,false,FEE_ISSUE_79,0.26,true,
CMP-AC431F92,2026-03-13 02:51:49,WhatsApp,CE,Training,Curriculum,topics skipped by placement trainer today,0.12,4,false,false,TRAINING_TOC_MISMATCH_88,0.3,false,
CMP-19A1FEFE,2026-03-13 04:35:17,Email,EEE,Administration,Fees,reefund not processed yet,0.22,4,false,true,FEE_ISSUE_79,0.25,false,13
CMP-C4104682,2026-03-13 04:53:35,WhatsApp,CSE,Harassment,Bullying,Seniors are ragging in the hostel block.,0.37,5,true,true,HARASSMENT_REPORT_200,0.62,true,1
CMP-E51A1C0B,2026-03-13 06:18:39,Form,ME,Hostel,Food Hygiene,Mess food quality in hostel B has deteriorated significantly.,0.32,4,true,false,MESS_FOOD_POISONING_152,0.28,false,
CMP-F2BBA3A1,2026-03-13 06:22:18,Form,ME,Academic,Attendance,teacher not coming but taking attendance online??,0.38,3,false,true,FACULTY_ATTENDANCE_116,0.13,false,40
CMP-CF1D9148,2026-03-13 07:00:25,WhatsApp,CE,Administration,Fees,"fee portal is down, last date tomorrow",0.15,3,true,true,FEE_ISSUE_79,0.06,false,10
CMP-8B81F185,2026-03-13 07:07:32,WhatsApp,ME,Training,Curriculum,topics skipped by placement trainer today,0.29,2,false,true,TRAINING_TOC_MISMATCH_88,0.27,false,21
CMP-9D06BACA,2026-03-13 07:22:34,App,CSE,Hostel,Food Hygiene,Found a bug in my salad at the main cafeteria.,0.13,4,false,true,MESS_FOOD_POISONING_152,0.07,false,29
CMP-D586ADE0,2026-03-13 07:41:04,WhatsApp,ECE,Administration,Fees,"feee portl is down, last date tomorrow",0.33,4,false,true,FEE_ISSUE_79,0.03,false,7
CMP-1A39505E,2026-03-13 08:04:49,WhatsApp,CE,Hostel,Food Hygiene,stale food served in hostel B dinner,0.38,4,false,true,MESS_FOOD_POISONING_152,0.18,false,22
CMP-A1573A73,2026-03-13 08:25:52,Form,EEE,Harassment,Bullying,Anonymous harassment on college group,0.19,5,true,false,HARASSMENT_REPORT_200,0.63,false,
CMP-20F63315,2026-03-13 08:33:02,WhatsApp,CE,Hostel,Food Hygiene,mess food is unhygienic and causing health issues,0.16,4,true,true,MESS_FOOD_POISONING_152,0.06,false,9
CMP-AF2555C8,2026-03-13 09:34:43,WhatsApp,CSE,Hostel,Food Hygiene,Found a bug in my salad at the main cafeteria.,0.15,4,true,true,MESS_FOOD_POISONING_152,0.16,false,4
CMP-A2248686,2026-03-13 09:43:16,Email,Common,Training,Curriculum,Topics outside the official TOC are being taught.,0.26,4,false,false,TRAINING_TOC_MISMATCH_88,0.19,true,
CMP-B72FB0B8,2026-03-13 11:30:55,Form,CSE,Administration,Fees,Late fee was charged wrongly on my account.,0.38,4,false,true,FEE_ISSUE_79,0.16,false,44
CMP-BDD75CEB,2026-03-13 11:39:01,Anonymous Report,Common,Administration,Fees,Scholarship disbursement is delayed by 2 months.,0.38,3,false,true,FEE_ISSUE_79,0.04,false,30
CMP-3E5543BF,2026-03-13 11:52:39,Form,ME,Administration,Fees,scholrship disburseement is delayed by 2 months.,0.16,3,true,true,FEE_ISSUE_79,0.13,false,41
CMP-13A592C3,2026-03-13 12:40:18,WhatsApp,ECE,Administration,Fees,extra charges in this semester fee structure?,0.33,4,false,true,FEE_ISSUE_79,0.03,false,12
CMP-13913C79,2026-03-13 13:22:56,WhatsApp,Common,Administration,Fees,refund not processed yet,0.25,4,true,true,FEE_ISSUE_79,0.28,false,18
CMP-487E44FB,2026-03-13 13:26:28,WhatsApp,Common,Training,Curriculum,Topics outside the official TOC are being taught.,0.3,3,true,true,TRAINING_TOC_MISMATCH_88,0.25,true,19
CMP-843C0707,2026-03-13 13:54:48,WhatsApp,CSE,Harassment,Bullying,constant bullying by batchmates,0.4,5,true,true,HARASSMENT_REPORT_200,0.84,false,37
CMP-95455CBD,2026-03-13 14:21:18,Anonymous Report,CSE,Hostel,Food Hygiene,I got food poisoning after eating dinner yesterday.,0.14,4,true,true,MESS_FOOD_POISONING_152,0.04,false,26
CMP-2123AF8D,2026-03-13 14:22:18,App,CSE,Hostel,Food Hygiene,stale food served in hostel B dinner,0.39,5,true,false,MESS_FOOD_POISONING_152,0.08,false,
CMP-B89F793C,2026-03-13 17:41:11,WhatsApp,ME,Training,Curriculum,Trainer is rushing through JDBC concepts.,0.16,4,false,false,TRAINING_TOC_MISMATCH_88,0.23,false,
CMP-8DD70AF0,2026-03-13 18:51:49,Form,CSE,Training,Curriculum,The Java trainer skipped scheduled topics.,0.34,2,false,true,TRAINING_TOC_MISMATCH_88,0.08,false,43
CMP-9B1792BD,2026-03-13 19:49:21,WhatsApp,CSE,Training,Curriculum,The trainer is not following the announced syllabus.,0.12,3,true,false,TRAINING_TOC_MISMATCH_88,0.19,false,
CMP-83FE6826,2026-03-13 20:05:45,WhatsApp,ME,Hostel,Food Hygiene,Found a bug in my salad at the main cafeteria.,0.13,5,false,true,MESS_FOOD_POISONING_152,0.27,false,22
CMP-148CFB8B,2026-03-13 20:28:27,Form,Common,Administration,Fees,"fee portal is down, last date tomorrow",0.22,4,true,false,FEE_ISSUE_79,0.26,false,
CMP-BBEEF61D,2026-03-13 23:12:01,Anonymous Report,ME,Training,Curriculum,topics skipped by placement trainer today,0.33,2,true,true,TRAINING_TOC_MISMATCH_88,0.1,false,8
CMP-2B3E689C,2026-03-13 23:48:44,WhatsApp,CSE,Academic,Attendance,teacher not coming but taking attendance online??,0.11,3,false,false,FACULTY_ATTENDANCE_116,0.14,false,
CMP-7199322D,2026-03-13 23:49:54,Anonymous Report,MBA,Academic,Attendance,Faculty attendance policy bahut unfair hai.,0.16,2,false,true,FACULTY_ATTENDANCE_116,0.19,true,45
CMP-C85DD0C5,2026-03-13 23:51:37,WhatsApp,ECE,Academic,Attendance,attendance issue in DBMS class,0.26,3,false,true,FACULTY_ATTENDANCE_116,0.07,false,8
CMP-76605D38,2026-03-14 00:56:39,Email,CSE,Training,Curriculum,The trainer is not following the announced syllabus.,0.13,2,false,true,TRAINING_TOC_MISMATCH_88,0.2,false,10
CMP-E546CFA2,2026-03-14 02:15:15,WhatsApp,MBA,Academic,Attendance,tteendance portal is showing wrong data for cs101,0.39,2,true,false,FACULTY_ATTENDANCE_116,0.0,false,
CMP-A18090CF,2026-03-14 02:37:05,WhatsApp,MBA,Hostel,Food Hygiene,Found a bug in my salad at the main cafeteria.,0.26,4,false,false,MESS_FOOD_POISONING_152,0.28,false,
CMP-63601B4F,2026-03-14 03:35:22,WhatsApp,EEE,Hostel,Food Hygiene,mess food is unhygienic and causing health issues,0.39,4,true,true,MESS_FOOD_POISONING_152,0.14,false,22
CMP-1D2A3D1C,2026-03-14 04:26:12,Form,ECE,Infrastructure,Network,No internet connection in the library again.,0.27,5,false,false,WIFI_OUTAGE_LIBRARY_104,0.15,false,
CMP-A40DE972,2026-03-14 04:57:16,WhatsApp,CSE,Hostel,Food Hygiene,I got food poisoning after eating dinner yesterday.,0.2,5,false,true,MESS_FOOD_POISONING_152,0.29,true,18
CMP-59634696,2026-03-14 05:04:10,Email,ECE,Infrastructure,Network,No internet connection in the library again.,0.27,5,false,false,WIFI_OUTAGE_LIBRARY_104,0.26,false,
CMP-59E136DA,2026-03-14 05:48:53,Email,ECE,Placement,Scheduling,HR round postponed without notice,0.19,5,true,false,PLACEMENT_INTERVIEW_CLASH_131,0.26,false,
CMP-1F9F7D40,2026-03-14 05:56:33,WhatsApp,CSE,Hostel,Food Hygiene,I got food poisoning after eating dinner yesterday.,0.36,5,true,true,MESS_FOOD_POISONING_152,0.29,false,15
CMP-8A5C589C,2026-03-14 06:15:00,Anonymous Report,CSE,Placement,Scheduling,Please reschedule the Infosys pre-placement talk.,0.11,4,false,true,PLACEMENT_INTERVIEW_CLASH_131,0.06,false,23
CMP-A40D915E,2026-03-14 06:16:04,Form,CSE,Placement,Scheduling,TCS interview clashes with my final exam.,0.19,4,false,true,PLACEMENT_INTERVIEW_CLASH_131,0.15,true,9
CMP-8E95A9A2,2026-03-14 07:16:49,WhatsApp,ME,Hostel,Food Hygiene,Found a bug in my salad at the main cafeteria.,0.15,5,true,true,MESS_FOOD_POISONING_152,0.16,false,13
CMP-5C734DA1,2026-03-14 07:25:36,Email,EEE,Academic,Attendance,Faculty attendance policy bahut unfair hai.,0.21,3,false,true,FACULTY_ATTENDANCE_116,0.09,false,12
CMP-A5C6448B,2026-03-14 07:26:58,Email,ECE,Academic,Attendance,teacher not coming but taking attendance online??,0.33,2,false,true,FACULTY_ATTENDANCE_116,0.18,false,44
CMP-66FA243C,2026-03-14 07:35:31,Form,CSE,Placement,Scheduling,placement cell is not responding to mails,0.13,5,false,true,PLACEMENT_INTERVIEW_CLASH_131,0.23,false,1
CMP-6E4392B1,2026-03-14 09:24:47,Email,Common,Placement,Scheduling,inteerview slots re overlapping for multiple companies.,0.25,4,false,false,PLACEMENT_INTERVIEW_CLASH_131,0.09,false,
CMP-DFDE0E4F,2026-03-14 09:43:17,WhatsApp,ECE,Academic,Attendance,attendance portal is showing wrong data for CS101,0.24,3,false,true,FACULTY_ATTENDANCE_116,0.02,false,11
CMP-4E1B5C09,2026-03-14 10:02:25,Email,EEE,Hostel,Food Hygiene,mess food is unhygienic and causing health issues,0.3,4,true,true,MESS_FOOD_POISONING_152,0.23,false,4
CMP-77B26B2B,2026-03-14 10:54:36,Anonymous Report,ECE,Training,Curriculum,Trainer is rushing through JDBC concepts.,0.24,2,false,true,TRAINING_TOC_MISMATCH_88,0.06,false,9
CMP-4EF76720,2026-03-14 12:01:47,Form,ME,Training,Curriculum,training ka pace bahut fast hai kuch samajh nahi aa raha,0.14,3,true,false,TRAINING_TOC_MISMATCH_88,0.06,false,
CMP-D2A447C3,2026-03-14 12:08:16,Email,EEE,Training,Curriculum,The Java trainer skipped scheduled topics.,0.13,4,true,true,TRAINING_TOC_MISMATCH_88,0.15,true,17
CMP-230BF255,2026-03-14 12:15:41,WhatsApp,CSE,Training,Curriculum,Socket programming was introduced unexpectedly.,0.24,3,false,false,TRAINING_TOC_MISMATCH_18,0.15,false,
CMP-8C1DE09B,2026-03-14 12:52:08,App,MBA,Hostel,Food Hygiene,Found a bug in my salad at the main cafeteria.,0.22,4,true,true,MESS_FOOD_POISONING_152,0.11,true,25
CMP-663A1E6D,2026-03-14 13:11:16,Anonymous Report,CSE,Hostel,Food Hygiene,Found a bug in my salad at the main cafeteria.,0.13,4,true,true,MESS_FOOD_POISONING_152,0.03,false,13
CMP-E0BAEB15,2026-03-14 14:20:49,Anonymous Report,MBA,Infrastructure,Network,librry wifi is compleetely dead. please fix it asap.,0.21,3,false,true,WIFI_OUTAGE_LIBRARY_104,0.16,false,25
CMP-FA439A77,2026-03-14 16:13:43,Form,MBA,Training,Curriculum,The Java trainer skipped scheduled topics.,0.36,4,true,true,TRAINING_TOC_MISMATCH_18,0.17,true,27
CMP-C3BA9B55,2026-03-14 16:21:18,Anonymous Report,CE,Infrastructure,Network,No internet connection in the library again.,0.14,4,false,true,WIFI_OUTAGE_LIBRARY_104,0.03,false,9
CMP-40136EFD,2026-03-14 16:44:25,Email,Common,Training,Curriculum,The Java trainer skipped scheduled topics.,0.12,3,false,true,TRAINING_TOC_MISMATCH_18,0.03,true,23
CMP-BED27567,2026-03-14 17:33:53,WhatsApp,CE,Hostel,Food Hygiene,"mess ka khana bahut kharab hai, log beemar pad rahe hain",0.34,5,true,true,MESS_FOOD_POISONING_152,0.29,true,46
CMP-C1D57C37,2026-03-14 17:58:26,WhatsApp,CSE,Infrastructure,Network,library me net nahi chal raha kab thik hoga,0.29,5,false,true,WIFI_OUTAGE_LIBRARY_104,0.1,false,32
CMP-71C1477F,2026-03-14 18:12:14,Form,ME,Infrastructure,Network,The Wi-Fi in the main library has been down for three days now.,0.19,4,false,true,WIFI_OUTAGE_LIBRARY_104,0.01,false,17
CMP-51E34B67,2026-03-14 18:24:18,App,CSE,Training,Curriculum,Trainer is rushing through JDBC concepts.,0.33,2,true,false,TRAINING_TOC_MISMATCH_88,0.03,true,
CMP-53145EE4,2026-03-14 19:11:32,Email,ECE,Training,Curriculum,topics skipped by placement trainer today,0.26,4,true,true,TRAINING_TOC_MISMATCH_18,0.08,false,36
CMP-5D6E5CB8,2026-03-14 20:41:42,WhatsApp,ECE,Hostel,Food Hygiene,Mess food quality in hostel B has deteriorated significantly.,0.15,5,true,false,MESS_FOOD_POISONING_152,0.28,false,
CMP-1733955E,2026-03-14 20:59:47,WhatsApp,ECE,Academic,Attendance,attendance issue in DBMS class,0.12,3,false,true,FACULTY_ATTENDANCE_116,0.11,false,29
CMP-4F713748,2026-03-14 20:59:54,WhatsApp,MBA,Infrastructure,Network,Unable to access internet in library,0.3,4,false,true,WIFI_OUTAGE_LIBRARY_104,0.08,false,24
CMP-BD32AB60,2026-03-14 22:21:12,Email,CSE,Placement,Scheduling,TCS interview clashes with my final exam.,0.28,4,true,true,PLACEMENT_INTERVIEW_CLASH_131,0.22,false,26
CMP-31C34FC5,2026-03-14 22:52:58,WhatsApp,CSE,Placement,Scheduling,TCS interview clashes with my final exam.,0.26,4,false,false,PLACEMENT_INTERVIEW_CLASH_131,0.11,true,
CMP-2B79E81D,2026-03-15 01:14:09,Anonymous Report,CSE,Placement,Scheduling,TCS interview clashes with my final exam.,0.17,5,false,true,PLACEMENT_INTERVIEW_CLASH_131,0.07,false,1
CMP-21387646,2026-03-15 02:25:34,Email,Common,Placement,Scheduling,TCS interview clashes with my final exam.,0.39,5,false,false,PLACEMENT_INTERVIEW_CLASH_10,0.08,false,
CMP-50394FD0,2026-03-15 04:17:58,Form,CSE,Training,Curriculum,The Java trainer skipped scheduled topics.,0.1,4,true,true,TRAINING_TOC_MISMATCH_18,0.24,false,38
CMP-43E6253B,2026-03-15 04:38:45,WhatsApp,CSE,Placement,Scheduling,HR round postponed without notice,0.17,5,true,true,PLACEMENT_INTERVIEW_CLASH_131,0.16,true,11
CMP-BCCAE60F,2026-03-15 05:07:40,Email,CSE,Transport,Bus Delay,We are waiting at the stop for 1 hour for the college bus.,0.1,4,false,false,TRANSPORT_BUS_DELAY_71,0.26,true,
CMP-E968A3C5,2026-03-15 07:59:16,WhatsApp,CSE,Infrastructure,Network,Unable to access internet in library,0.26,3,true,false,WIFI_OUTAGE_LIBRARY_104,0.08,true,
CMP-BDECEBDF,2026-03-15 08:03:11,WhatsApp,CE,Transport,Bus Delay,We are waiting at the stop for 1 hour for the college bus.,0.38,4,true,false,TRANSPORT_BUS_DELAY_71,0.18,false,
CMP-A6F984AE,2026-03-15 08:23:24,App,CE,Infrastructure,Network,library wifi is completely dead. Please fix it ASAP.,0.16,4,true,false,WIFI_OUTAGE_LIBRARY_104,0.28,false,
CMP-6FE8DDFE,2026-03-15 09:00:05,Anonymous Report,CSE,Administration,Fees,Scholarship disbursement is delayed by 2 months.,0.36,4,false,false,FEE_ISSUE_172,0.13,false,
CMP-D359B420,2026-03-15 10:04:21,App,EEE,Placement,Scheduling,placement cell is not responding to mails,0.18,4,false,true,PLACEMENT_INTERVIEW_CLASH_10,0.09,false,27
CMP-FB7D653C,2026-03-15 10:13:11,Email,CSE,Placement,Scheduling,Please reschedule the Infosys pre-placement talk.,0.3,4,true,true,PLACEMENT_INTERVIEW_CLASH_131,0.29,false,45
CMP-8A2DE8DF,2026-03-15 10:27:57,WhatsApp,EEE,Training,Curriculum,Trainer is rushing through JDBC concepts.,0.14,3,false,false,TRAINING_TOC_MISMATCH_18,0.03,false,
CMP-091711E1,2026-03-15 10:45:48,WhatsApp,CSE,Infrastructure,Network,library wifi is completely dead. Please fix it ASAP.,0.4,3,false,true,WIFI_OUTAGE_LIBRARY_104,0.15,false,7
CMP-D3D89500,2026-03-15 12:28:23,Anonymous Report,ME,Infrastructure,Network,library wifi is completely dead. Please fix it ASAP.,0.24,3,false,true,WIFI_OUTAGE_LIBRARY_104,0.01,false,29
CMP-4D36B245,2026-03-15 13:30:33,WhatsApp,ECE,Training,Curriculum,topics skipped by placement trainer today,0.27,4,true,true,TRAINING_TOC_MISMATCH_18,0.07,false,47
CMP-DB4EB64F,2026-03-15 13:50:44,Email,Common,Transport,Bus Delay,Bus route 4 is delayed by 45 minutes.,0.31,4,false,false,TRANSPORT_BUS_DELAY_71,0.21,false,
CMP-88CD46E4,2026-03-15 14:28:45,Form,Common,Placement,Scheduling,placement cell is not responding to mails,0.32,4,false,true,PLACEMENT_INTERVIEW_CLASH_131,0.23,true,28
CMP-D94CA2B0,2026-03-15 14:48:32,Form,ECE,Placement,Scheduling,HR round postponed without notice,0.11,5,false,false,PLACEMENT_INTERVIEW_CLASH_131,0.11,false,
CMP-411C6310,2026-03-15 15:06:29,Form,CSE,Administration,Fees,refund not processed yet,0.39,4,false,false,FEE_ISSUE_172,0.29,false,
CMP-F1FE67CB,2026-03-15 15:28:16,WhatsApp,ECE,Administration,Fees,extra charges in this semester fee structure?,0.19,3,true,true,FEE_ISSUE_172,0.28,true,18
CMP-C165F87C,2026-03-15 15:38:33,WhatsApp,CSE,Transport,Bus Delay,bus routee 4 is delyed by 45 minutes.,0.31,2,false,false,TRANSPORT_BUS_DELAY_71,0.16,false,
CMP-8F8A1B0C,2026-03-15 16:17:52,Email,ME,Placement,Scheduling,HR round postponed without notice,0.17,4,false,true,PLACEMENT_INTERVIEW_CLASH_10,0.07,false,5
CMP-00F768E5,2026-03-15 17:24:15,WhatsApp,CSE,Training,Curriculum,Trainer is rushing through JDBC concepts.,0.38,3,true,false,TRAINING_TOC_MISMATCH_18,0.17,false,
CMP-96EC7EB3,2026-03-15 17:27:27,Email,ME,Transport,Bus Delay,We are waiting at the stop for 1 hour for the college bus.,0.38,4,true,false,TRANSPORT_BUS_DELAY_71,0.26,true,
CMP-9112D4B1,2026-03-15 17:36:02,WhatsApp,CSE,Training,Curriculum,Topics outside the official TOC are being taught.,0.26,2,false,true,TRAINING_TOC_MISMATCH_18,0.27,false,20
CMP-7FCEDA6B,2026-03-15 18:14:59,Email,EEE,Transport,Bus Delay,driver of bus 7 is very rude,0.31,4,true,true,TRANSPORT_BUS_DELAY_71,0.01,true,11
CMP-A4128B0C,2026-03-15 18:19:26,Form,CSE,Training,Curriculum,topics skipped by placement trainer today,0.1,3,true,true,TRAINING_TOC_MISMATCH_18,0.0,false,33
CMP-F744B772,2026-03-15 18:33:28,Anonymous Report,ME,Training,Curriculum,The trainer is not following the announced syllabus.,0.15,4,false,true,TRAINING_TOC_MISMATCH_18,0.05,false,43
CMP-A318F3E3,2026-03-15 19:19:19,WhatsApp,EEE,Infrastructure,Network,library network outage since morning,0.13,3,true,true,WIFI_OUTAGE_LIBRARY_104,0.29,true,39
CMP-CD623951,2026-03-15 19:58:51,Anonymous Report,EEE,Placement,Scheduling,Please reschedule the Infosys pre-placement talk.,0.35,5,false,false,PLACEMENT_INTERVIEW_CLASH_131,0.02,false,
CMP-92C26738,2026-03-15 20:06:51,WhatsApp,CSE,Training,Curriculum,The Java trainer skipped scheduled topics.,0.18,2,false,true,TRAINING_TOC_MISMATCH_18,0.22,true,41
CMP-EFD56B71,2026-03-15 20:13:23,Anonymous Report,MBA,Transport,Bus Delay,We are waiting at the stop for 1 hour for the college bus.,0.38,4,false,true,TRANSPORT_BUS_DELAY_71,0.1,false,29
CMP-D367FA8A,2026-03-15 20:40:34,Email,Common,Infrastructure,Network,No internet connection in the library again.,0.19,3,false,true,WIFI_OUTAGE_LIBRARY_104,0.23,false,38
CMP-20FCE7AE,2026-03-15 21:35:53,Email,CE,Placement,Scheduling,tcs inteerview clshes with my final exam.,0.32,5,true,false,PLACEMENT_INTERVIEW_CLASH_10,0.04,false,
CMP-38EA2DF9,2026-03-15 21:36:14,Form,Common,Training,Curriculum,Topics outside the official TOC are being taught.,0.3,4,false,true,TRAINING_TOC_MISMATCH_18,0.08,false,1
CMP-56F82B78,2026-03-15 21:49:32,App,ECE,Administration,Fees,Late fee was charged wrongly on my account.,0.17,3,false,true,FEE_ISSUE_172,0.18,false,23
CMP-72172BAD,2026-03-15 22:16:36,Form,CSE,Infrastructure,Network,wifi firse gaya 😭 library me,0.17,4,true,true,WIFI_OUTAGE_LIBRARY_104,0.0,false,3
CMP-4A10D0EE,2026-03-15 22:46:28,WhatsApp,ECE,Administration,Fees,extra charges in this semester fee structure?,0.21,4,false,false,FEE_ISSUE_172,0.05,false,
CMP-E622AACB,2026-03-15 23:19:23,Form,CE,Training,Curriculum,training ka pace bahut fast hai kuch samajh nahi aa raha,0.23,4,true,false,TRAINING_TOC_MISMATCH_18,0.03,false,
CMP-E43C243C,2026-03-15 23:36:07,App,CSE,Infrastructure,Network,library wifi is completely dead. Please fix it ASAP.,0.27,5,false,false,WIFI_OUTAGE_LIBRARY_104,0.05,true,
CMP-D7E8D245,2026-03-15 23:48:56,WhatsApp,ECE,Transport,Bus Delay,bus 4 fir late ayi,0.23,4,false,true,TRANSPORT_BUS_DELAY_71,0.05,false,41
CMP-373CF216,2026-03-16 00:48:09,Email,MBA,Administration,Fees,extra charges in this semester fee structure?,0.27,4,false,true,FEE_ISSUE_172,0.16,true,38
CMP-F1EA2D1A,2026-03-16 00:53:35,Email,CE,Hostel,Water,plumber not fixing the leaking tap in room 204,0.28,4,false,false,HOSTEL_WATER_ISSUE_103,0.0,false,
CMP-D1DBA032,2026-03-16 01:06:41,Email,CSE,Hostel,Water,"Block B geysers are not working, we need hot water.",0.32,3,false,true,HOSTEL_WATER_ISSUE_103,0.24,false,24
CMP-B7D385DA,2026-03-16 01:44:08,WhatsApp,CSE,Placement,Scheduling,placement cell is not responding to mails,0.29,4,true,false,PLACEMENT_INTERVIEW_CLASH_94,0.15,false,
CMP-09374C55,2026-03-16 01:54:59,Anonymous Report,ECE,Placement,Scheduling,TCS interview clashes with my final exam.,0.1,4,true,true,PLACEMENT_INTERVIEW_CLASH_10,0.06,true,34
CMP-9A1664F7,2026-03-16 02:33:18,App,CSE,Placement,Scheduling,placement drive and mid sem on same day??,0.13,5,false,false,PLACEMENT_INTERVIEW_CLASH_10,0.21,false,
CMP-69CAB8F6,2026-03-16 03:04:20,Form,ME,Placement,Scheduling,TCS interview clashes with my final exam.,0.25,5,false,false,PLACEMENT_INTERVIEW_CLASH_10,0.26,false,
CMP-C24B8AB1,2026-03-16 03:10:01,WhatsApp,ME,Transport,Bus Delay,bus breekdown on highway again,0.21,4,false,true,TRANSPORT_BUS_DELAY_71,0.06,false,24
CMP-C65AC91B,2026-03-16 03:52:59,App,CSE,Hostel,Water,water cooler in Block C is dispensing dirty water.,0.28,4,true,false,HOSTEL_WATER_ISSUE_103,0.14,false,
CMP-6498F7DE,2026-03-16 05:00:17,WhatsApp,CE,Placement,Scheduling,TCS interview clashes with my final exam.,0.22,5,true,true,PLACEMENT_INTERVIEW_CLASH_94,0.08,false,9
CMP-2C22F454,2026-03-16 05:24:48,WhatsApp,ECE,Administration,Fees,"fee portal is down, last date tomorrow",0.28,3,true,false,FEE_ISSUE_172,0.13,false,
CMP-C07C2305,2026-03-16 05:28:51,App,CSE,Transport,Bus Delay,bus breakdown on highway again,0.15,2,false,false,TRANSPORT_BUS_DELAY_71,0.1,false,
CMP-7C5D0E6E,2026-03-16 06:11:20,Email,ECE,Hostel,Water,"Block B geysers are not working, we need hot water.",0.24,3,true,false,HOSTEL_WATER_ISSUE_103,0.03,true,
CMP-489F2433,2026-03-16 06:21:54,WhatsApp,CE,Transport,Bus Delay,We are waiting at the stop for 1 hour for the college bus.,0.38,2,false,false,TRANSPORT_BUS_DELAY_71,0.15,true,
CMP-3AD8D4E6,2026-03-16 07:29:14,WhatsApp,Common,Transport,Bus Delay,Bus route 4 is delayed by 45 minutes.,0.34,3,true,false,TRANSPORT_BUS_DELAY_71,0.28,true,
CMP-126965E2,2026-03-16 07:30:56,WhatsApp,CE,Hostel,Water,plumber not fixing the leaking tap in room 204,0.25,4,false,true,HOSTEL_WATER_ISSUE_103,0.19,true,28
CMP-5002FBF6,2026-03-16 09:20:42,Form,CSE,Hostel,Water,There is no hot water in Block B hostels since yesterday.,0.14,3,false,true,HOSTEL_WATER_ISSUE_103,0.12,false,6
CMP-428D9D32,2026-03-16 09:27:18,App,ECE,Placement,Scheduling,plceement cell is not responding to mails,0.32,4,true,false,PLACEMENT_INTERVIEW_CLASH_94,0.13,false,
CMP-006147B7,2026-03-16 09:34:18,App,CSE,Placement,Scheduling,placement cell is not responding to mails,0.11,5,false,false,PLACEMENT_INTERVIEW_CLASH_94,0.04,true,
CMP-17D0A9E4,2026-03-16 11:05:30,WhatsApp,ECE,Administration,Fees,"fee portal is down, last date tomorrow",0.17,4,false,true,FEE_ISSUE_172,0.19,false,24
CMP-4D03118B,2026-03-16 11:27:20,Anonymous Report,ECE,Transport,Bus Delay,Bus route 4 is delayed by 45 minutes.,0.19,4,false,true,TRANSPORT_BUS_DELAY_71,0.29,false,31
CMP-5FBA42C1,2026-03-16 11:47:23,WhatsApp,ECE,Placement,Scheduling,TCS interview clashes with my final exam.,0.38,4,false,false,PLACEMENT_INTERVIEW_CLASH_10,0.06,false,
CMP-70A370A8,2026-03-16 11:58:50,WhatsApp,CSE,Hostel,Water,theere is no hot wter in block b hostels since yesterday.,0.23,3,false,false,HOSTEL_WATER_ISSUE_103,0.03,false,
CMP-DAF5BE12,2026-03-16 12:08:35,Email,ECE,Placement,Scheduling,Please reschedule the Infosys pre-placement talk.,0.22,4,true,true,PLACEMENT_INTERVIEW_CLASH_94,0.19,false,22
CMP-28587760,2026-03-16 12:42:30,Form,ME,Placement,Scheduling,Please reschedule the Infosys pre-placement talk.,0.39,4,true,false,PLACEMENT_INTERVIEW_CLASH_10,0.25,false,
CMP-7E80256A,2026-03-16 13:20:34,WhatsApp,EEE,Hostel,Water,water cooler in Block C is dispensing dirty water.,0.16,3,true,false,HOSTEL_WATER_ISSUE_103,0.21,false,
CMP-1ECBCF5D,2026-03-16 14:04:10,Email,ECE,Administration,Fees,eextr charges in this semester fee structure?,0.3,3,false,true,FEE_ISSUE_172,0.16,false,16
CMP-BF780A6A,2026-03-16 16:13:08,WhatsApp,CE,Placement,Scheduling,placement drive and mid sem on same day??,0.39,5,true,false,PLACEMENT_INTERVIEW_CLASH_94,0.07,false,
CMP-08A58E22,2026-03-16 16:51:54,Form,CSE,Placement,Scheduling,HR round postponed without notice,0.13,4,false,false,PLACEMENT_INTERVIEW_CLASH_94,0.13,false,
CMP-1E786048,2026-03-16 20:09:50,WhatsApp,CSE,Transport,Bus Delay,"Transport facility is very poor, bus never comes on time.",0.38,3,false,true,TRANSPORT_BUS_DELAY_71,0.01,false,19
CMP-7E81CC71,2026-03-16 20:55:56,WhatsApp,ECE,Placement,Scheduling,placement cell is not responding to mails,0.13,4,true,true,PLACEMENT_INTERVIEW_CLASH_10,0.2,false,34
CMP-B2BBFA23,2026-03-16 21:10:07,WhatsApp,ME,Transport,Bus Delay,driver of bus 7 is very rude,0.26,2,false,true,TRANSPORT_BUS_DELAY_71,0.04,false,16
CMP-CFFF73DF,2026-03-16 21:29:18,Email,CSE,Administration,Fees,reefund not processed yet,0.27,3,false,true,FEE_ISSUE_172,0.06,false,48
CMP-EA98D758,2026-03-16 21:58:04,App,CSE,Placement,Scheduling,HR round postponed without notice,0.28,4,false,false,PLACEMENT_INTERVIEW_CLASH_94,0.13,false,
CMP-696C14F1,2026-03-16 22:13:57,Form,ECE,Placement,Scheduling,placement cell is not responding to mails,0.28,5,false,true,PLACEMENT_INTERVIEW_CLASH_94,0.11,false,38
CMP-0693BB11,2026-03-17 00:53:57,WhatsApp,CSE,Hostel,Water,plumbeer not fixing the leking tap in room 204,0.31,3,false,true,HOSTEL_WATER_ISSUE_103,0.21,false,31
CMP-FC7899BA,2026-03-17 01:40:31,Form,ECE,Hostel,Water,"Block B geysers are not working, we need hot water.",0.22,4,false,true,HOSTEL_WATER_ISSUE_103,0.1,false,33
CMP-3B3EF199,2026-03-17 02:49:57,Anonymous Report,CSE,Hostel,Water,no drinking water on 3rd floor,0.16,3,false,false,HOSTEL_WATER_ISSUE_103,0.25,false,
CMP-0004F634,2026-03-17 04:49:03,WhatsApp,MBA,Placement,Scheduling,plceement drive and mid sem on same day??,0.15,5,true,true,PLACEMENT_INTERVIEW_CLASH_94,0.16,false,15
CMP-9D52DF14,2026-03-17 05:22:20,Email,Common,Placement,Scheduling,Interview slots are overlapping for multiple companies.,0.14,5,false,true,PLACEMENT_INTERVIEW_CLASH_94,0.21,false,31
CMP-9F6DDFC0,2026-03-17 05:22:40,Email,Common,Placement,Scheduling,Please reschedule the Infosys pre-placement talk.,0.1,5,false,true,PLACEMENT_INTERVIEW_CLASH_94,0.13,false,27
CMP-132C38CA,2026-03-17 10:53:53,Email,EEE,Hostel,Water,There is no hot water in Block B hostels since yesterday.,0.1,4,false,true,HOSTEL_WATER_ISSUE_103,0.12,false,44
CMP-6C95CA0B,2026-03-17 11:49:11,WhatsApp,CSE,Placement,Scheduling,TCS interview clashes with my final exam.,0.26,4,true,true,PLACEMENT_INTERVIEW_CLASH_94,0.24,true,21
CMP-42A25F98,2026-03-17 12:02:40,WhatsApp,CSE,Placement,Scheduling,Please reschedule the Infosys pre-placement talk.,0.15,5,false,false,PLACEMENT_INTERVIEW_CLASH_94,0.07,false,
CMP-F6E9174F,2026-03-17 13:08:24,App,CSE,Placement,Scheduling,plceement drive and mid sem on same day??,0.33,5,true,true,PLACEMENT_INTERVIEW_CLASH_176,0.02,false,24
CMP-85F9093A,2026-03-17 13:09:40,Email,ME,Placement,Scheduling,TCS interview clashes with my final exam.,0.12,4,true,true,PLACEMENT_INTERVIEW_CLASH_176,0.25,false,34
CMP-1FBDB0C1,2026-03-17 15:19:59,WhatsApp,EEE,Hostel,Water,water cooler in Block C is dispensing dirty water.,0.36,4,false,true,HOSTEL_WATER_ISSUE_103,0.1,false,30
CMP-D7CFEC4C,2026-03-17 15:21:08,WhatsApp,ME,Hostel,Water,no drinking water on 3rd floor,0.3,3,false,true,HOSTEL_WATER_ISSUE_103,0.14,true,32
CMP-D28D3815,2026-03-17 15:38:04,WhatsApp,MBA,Placement,Scheduling,placement cell is not responding to mails,0.27,4,false,false,PLACEMENT_INTERVIEW_CLASH_176,0.27,false,
CMP-382C12D7,2026-03-17 18:35:43,Form,CE,Placement,Scheduling,Please reschedule the Infosys pre-placement talk.,0.33,5,true,false,PLACEMENT_INTERVIEW_CLASH_94,0.03,false,
CMP-35408E05,2026-03-17 19:36:43,Email,ECE,Placement,Scheduling,HR round postponed without notice,0.36,5,true,false,PLACEMENT_INTERVIEW_CLASH_176,0.03,false,
CMP-328E76E3,2026-03-17 19:49:02,WhatsApp,CSE,Placement,Scheduling,HR round postponed without notice,0.14,5,true,true,PLACEMENT_INTERVIEW_CLASH_176,0.07,false,25
CMP-B073C38F,2026-03-17 20:26:31,Email,CSE,Placement,Scheduling,TCS interview clashes with my final exam.,0.15,4,true,false,PLACEMENT_INTERVIEW_CLASH_94,0.2,true,
CMP-5CD73340,2026-03-17 20:34:21,Anonymous Report,ECE,Placement,Scheduling,Please reschedule the Infosys pre-placement talk.,0.34,5,false,true,PLACEMENT_INTERVIEW_CLASH_176,0.28,false,16
CMP-51F8515B,2026-03-17 20:38:04,WhatsApp,CSE,Placement,Scheduling,TCS interview clashes with my final exam.,0.26,4,true,true,PLACEMENT_INTERVIEW_CLASH_94,0.03,false,36
CMP-53313AF1,2026-03-17 21:41:53,App,EEE,Hostel,Water,no drinking water on 3rd floor,0.31,4,true,true,HOSTEL_WATER_ISSUE_103,0.23,false,6
CMP-5D25A531,2026-03-17 22:35:05,App,ECE,Placement,Scheduling,plceement cell is not responding to mails,0.33,4,true,false,PLACEMENT_INTERVIEW_CLASH_94,0.24,false,
CMP-9C1CF63D,2026-03-17 23:54:26,WhatsApp,ECE,Placement,Scheduling,HR round postponed without notice,0.31,5,true,true,PLACEMENT_INTERVIEW_CLASH_176,0.03,false,45
CMP-FAF0B394,2026-03-18 00:06:40,WhatsApp,CE,Infrastructure,Network,library me net nahi chal raha kab thik hoga,0.35,3,false,false,WIFI_OUTAGE_LIBRARY_228,0.1,false,
CMP-662B889A,2026-03-18 00:13:36,App,ECE,Infrastructure,Network,library me net nahi chal raha kab thik hoga,0.26,3,true,true,WIFI_OUTAGE_LIBRARY_228,0.06,false,9
CMP-8A6AD95D,2026-03-18 00:32:32,Form,Common,Training,Curriculum,Trainer is rushing through JDBC concepts.,0.29,3,true,true,TRAINING_TOC_MISMATCH_159,0.07,false,21
CMP-A9CA1727,2026-03-18 00:50:35,WhatsApp,ECE,Academic,Attendance,Professor missed the last three lectures without prior notice.,0.3,3,false,false,FACULTY_ATTENDANCE_112,0.28,true,
CMP-A2F516A9,2026-03-18 00:50:54,Email,CE,Training,Curriculum,The trainer is not following the announced syllabus.,0.32,2,false,true,TRAINING_TOC_MISMATCH_159,0.1,false,10
CMP-E60B21E2,2026-03-18 01:47:13,WhatsApp,ECE,Training,Curriculum,The trainer is not following the announced syllabus.,0.3,2,false,true,TRAINING_TOC_MISMATCH_159,0.2,false,47
CMP-828EEFDE,2026-03-18 02:27:57,Form,CE,Transport,Bus Delay,bus 4 fir late ayi,0.14,4,false,true,TRANSPORT_BUS_DELAY_36,0.2,false,36
CMP-FD4F18B4,2026-03-18 03:29:02,WhatsApp,CSE,Placement,Scheduling,tcs inteerview clshes with my final exam.,0.27,5,true,false,PLACEMENT_INTERVIEW_CLASH_176,0.12,false,
CMP-271BE1AA,2026-03-18 03:44:54,WhatsApp,ME,Infrastructure,Network,No internet connection in the library again.,0.4,5,false,true,WIFI_OUTAGE_LIBRARY_228,0.03,true,22
CMP-24EC7C42,2026-03-18 04:16:46,Form,CSE,Infrastructure,Network,wifi firsee gya 😭 library me,0.38,4,true,false,WIFI_OUTAGE_LIBRARY_228,0.29,false,
CMP-27877A57,2026-03-18 04:35:21,WhatsApp,CSE,Training,Curriculum,Socket programming was introduced unexpectedly.,0.39,4,true,true,TRAINING_TOC_MISMATCH_159,0.13,false,29
CMP-40FDA8CF,2026-03-18 05:44:31,App,ECE,Training,Curriculum,The trainer is not following the announced syllabus.,0.33,4,true,true,TRAINING_TOC_MISMATCH_159,0.27,false,47
CMP-77E53461,2026-03-18 06:00:11,WhatsApp,CSE,Academic,Attendance,Faculty attendance policy bahut unfair hai.,0.21,2,false,true,FACULTY_ATTENDANCE_112,0.07,false,14
CMP-8A5C605D,2026-03-18 06:35:13,WhatsApp,CSE,Infrastructure,Network,No internet connection in the library again.,0.11,5,false,false,WIFI_OUTAGE_LIBRARY_228,0.25,true,
CMP-9BE5F999,2026-03-18 06:47:36,WhatsApp,ME,Transport,Bus Delay,driver of bus 7 is very rude,0.16,2,false,false,TRANSPORT_BUS_DELAY_36,0.25,false,
CMP-FA19F32D,2026-03-18 07:57:34,WhatsApp,Common,Transport,Bus Delay,"Transport facility is very poor, bus never comes on time.",0.16,2,false,true,TRANSPORT_BUS_DELAY_36,0.22,false,33
CMP-E388BAAA,2026-03-18 08:32:40,Email,Common,Infrastructure,Network,library me net nahi chal raha kab thik hoga,0.35,5,false,true,WIFI_OUTAGE_LIBRARY_228,0.04,true,19
CMP-339BFE07,2026-03-18 08:47:49,Email,EEE,Academic,Attendance,Prof hasn't shown up for classes this whole week.,0.14,2,false,false,FACULTY_ATTENDANCE_112,0.0,false,
CMP-7DBD8E7F,2026-03-18 09:09:49,WhatsApp,CSE,Placement,Scheduling,plceement cell is not responding to mails,0.11,4,true,false,PLACEMENT_INTERVIEW_CLASH_176,0.11,false,
CMP-54C41085,2026-03-18 10:21:45,Email,EEE,Academic,Attendance,My attendance was marked absent even though I was present.,0.13,3,false,false,FACULTY_ATTENDANCE_112,0.08,true,
CMP-F1A5A1D4,2026-03-18 10:22:23,WhatsApp,ME,Transport,Bus Delay,bus 4 fir late ayi,0.32,4,false,true,TRANSPORT_BUS_DELAY_196,0.21,false,30
CMP-0A9A7749,2026-03-18 11:35:24,Anonymous Report,CSE,Transport,Bus Delay,bus 4 fir late ayi,0.18,3,false,true,TRANSPORT_BUS_DELAY_36,0.08,true,38
CMP-1E2C0E5B,2026-03-18 12:00:38,WhatsApp,ECE,Transport,Bus Delay,"Transport facility is very poor, bus never comes on time.",0.27,3,false,true,TRANSPORT_BUS_DELAY_196,0.28,false,46
CMP-EC0D7F2D,2026-03-18 12:54:06,WhatsApp,CSE,Academic,Attendance,My attendance was marked absent even though I was present.,0.12,3,true,false,FACULTY_ATTENDANCE_112,0.03,false,
CMP-E7E85577,2026-03-18 13:08:09,WhatsApp,Common,Transport,Bus Delay,driver of bus 7 is very rude,0.16,2,false,true,TRANSPORT_BUS_DELAY_196,0.19,true,19
CMP-F2D8D014,2026-03-18 13:25:04,Form,Common,Infrastructure,Network,Unable to access internet in library,0.23,5,false,false,WIFI_OUTAGE_LIBRARY_228,0.09,true,
CMP-177A18E7,2026-03-18 13:51:48,App,CSE,Placement,Scheduling,TCS interview clashes with my final exam.,0.3,4,false,false,PLACEMENT_INTERVIEW_CLASH_176,0.17,false,
CMP-13064471,2026-03-18 13:53:15,Email,CE,Academic,Attendance,teacher not coming but taking attendance online??,0.12,3,false,true,FACULTY_ATTENDANCE_112,0.06,false,46
CMP-910B640D,2026-03-18 15:31:51,App,ECE,Infrastructure,Network,library wifi is completely dead. Please fix it ASAP.,0.19,3,true,true,WIFI_OUTAGE_LIBRARY_228,0.18,false,48
CMP-1ED4D646,2026-03-18 15:52:33,App,CSE,Transport,Bus Delay,bus breakdown on highway again,0.16,3,false,true,TRANSPORT_BUS_DELAY_196,0.01,true,1
CMP-73B62976,2026-03-18 16:32:18,Email,CE,Placement,Scheduling,HR round postponed without notice,0.19,5,true,false,PLACEMENT_INTERVIEW_CLASH_176,0.25,false,
CMP-2B804DC9,2026-03-18 20:21:58,Email,ECE,Training,Curriculum,topics skipped by placement trainer today,0.33,4,true,false,TRAINING_TOC_MISMATCH_159,0.18,false,
CMP-DE0D4065,2026-03-18 20:36:34,Email,CSE,Infrastructure,Network,library network outage since morning,0.19,5,true,true,WIFI_OUTAGE_LIBRARY_228,0.26,false,9
CMP-D3CA71F3,2026-03-18 21:15:43,Email,CSE,Infrastructure,Network,The Wi-Fi in the main library has been down for three days now.,0.17,3,true,true,WIFI_OUTAGE_LIBRARY_228,0.09,false,18
CMP-BDA782DE,2026-03-18 21:18:32,App,CSE,Transport,Bus Delay,We are waiting at the stop for 1 hour for the college bus.,0.15,4,false,true,TRANSPORT_BUS_DELAY_36,0.12,false,24
CMP-5773C826,2026-03-18 21:20:54,Anonymous Report,ECE,Transport,Bus Delay,bus 4 fir late ayi,0.19,4,false,false,TRANSPORT_BUS_DELAY_196,0.23,false,
CMP-52B21A16,2026-03-18 22:09:57,Form,ECE,Academic,Attendance,Professor missed the last three lectures without prior notice.,0.21,3,false,false,FACULTY_ATTENDANCE_112,0.14,true,
CMP-F40FA61D,2026-03-18 22:15:45,App,CSE,Academic,Attendance,Faculty attendance policy bahut unfair hai.,0.34,3,false,false,FACULTY_ATTENDANCE_112,0.15,false,
CMP-81E188AA,2026-03-18 23:41:48,WhatsApp,CE,Academic,Attendance,attendance issue in DBMS class,0.39,3,false,true,FACULTY_ATTENDANCE_112,0.3,false,22
CMP-BF6A9254,2026-03-18 23:44:09,Form,CSE,Training,Curriculum,Socket programming was introduced unexpectedly.,0.27,2,false,false,TRAINING_TOC_MISMATCH_159,0.18,false,
CMP-87CCA2A4,2026-03-19 00:09:02,Email,CSE,Training,Curriculum,The trainer is not following the announced syllabus.,0.34,3,false,true,TRAINING_TOC_MISMATCH_174,0.14,false,47
CMP-1BB066D9,2026-03-19 00:28:39,App,CSE,Transport,Bus Delay,bus 4 fir ltee ayi,0.2,4,false,true,TRANSPORT_BUS_DELAY_196,0.0,true,19
CMP-24F48F35,2026-03-19 00:35:40,Anonymous Report,CSE,Training,Curriculum,Socket programming was introduced unexpectedly.,0.24,2,false,false,TRAINING_TOC_MISMATCH_159,0.09,false,
CMP-7861E225,2026-03-19 00:43:07,Email,ECE,Hostel,Water,plumber not fixing the leaking tap in room 204,0.21,4,false,true,HOSTEL_WATER_ISSUE_0,0.17,false,14
CMP-D567AD02,2026-03-19 01:11:20,WhatsApp,ME,Transport,Bus Delay,bus 4 fir late ayi,0.27,3,false,false,TRANSPORT_BUS_DELAY_36,0.1,false,
CMP-315F11DE,2026-03-19 01:25:42,WhatsApp,ME,Transport,Bus Delay,driver of bus 7 is very rude,0.18,2,false,true,TRANSPORT_BUS_DELAY_36,0.06,false,34
CMP-CE235D87,2026-03-19 01:47:02,Email,CSE,Transport,Bus Delay,bus 4 fir ltee ayi,0.34,2,false,true,TRANSPORT_BUS_DELAY_36,0.1,false,29
CMP-D05312EF,2026-03-19 01:55:23,WhatsApp,ME,Transport,Bus Delay,Bus route 4 is delayed by 45 minutes.,0.23,2,false,true,TRANSPORT_BUS_DELAY_196,0.23,false,11
CMP-8149AA78,2026-03-19 02:16:18,Form,CSE,Training,Curriculum,The Java trainer skipped scheduled topics.,0.19,3,true,true,TRAINING_TOC_MISMATCH_159,0.15,true,34
CMP-B84711DD,2026-03-19 03:27:18,Form,ME,Academic,Attendance,My attendance was marked absent even though I was present.,0.32,3,false,false,FACULTY_ATTENDANCE_112,0.23,true,
CMP-5796F042,2026-03-19 04:10:32,App,ECE,Academic,Attendance,Professor missed the last three lectures without prior notice.,0.23,2,false,true,FACULTY_ATTENDANCE_112,0.23,false,4
CMP-AA3A9655,2026-03-19 04:51:33,Form,CSE,Transport,Bus Delay,bus breekdown on highway again,0.33,4,true,true,TRANSPORT_BUS_DELAY_196,0.12,false,36
CMP-CE323A85,2026-03-19 04:53:06,Email,CSE,Infrastructure,Network,Unable to access internet in library,0.2,3,false,false,WIFI_OUTAGE_LIBRARY_228,0.02,false,
CMP-5DEC9B9F,2026-03-19 05:18:20,WhatsApp,MBA,Training,Curriculum,topics skipped by placement trainer today,0.24,3,true,true,TRAINING_TOC_MISMATCH_159,0.11,false,46
CMP-FD51D542,2026-03-19 05:38:30,WhatsApp,MBA,Training,Curriculum,The trainer is not following the announced syllabus.,0.17,2,true,false,TRAINING_TOC_MISMATCH_159,0.23,false,
CMP-FB3045D7,2026-03-19 05:57:49,WhatsApp,CSE,Transport,Bus Delay,driver of bus 7 is very rude,0.16,3,false,false,TRANSPORT_BUS_DELAY_36,0.01,false,
CMP-C07145B7,2026-03-19 06:16:40,App,CSE,Hostel,Water,wteer cooler in block c is dispensing dirty water.,0.39,4,false,false,HOSTEL_WATER_ISSUE_0,0.22,true,
CMP-C3F07ADC,2026-03-19 06:19:04,WhatsApp,ECE,Transport,Bus Delay,"Transport facility is very poor, bus never comes on time.",0.15,3,true,false,TRANSPORT_BUS_DELAY_36,0.26,false,
CMP-6B6B8FF9,2026-03-19 06:31:34,App,CSE,Hostel,Water,no drinking water on 3rd floor,0.18,4,false,false,HOSTEL_WATER_ISSUE_0,0.28,false,
CMP-D5BCC1F1,2026-03-19 06:36:17,App,ECE,Hostel,Water,There is no hot water in Block B hostels since yesterday.,0.1,3,false,true,HOSTEL_WATER_ISSUE_0,0.06,true,2
CMP-066A8571,2026-03-19 07:16:26,App,CSE,Academic,Attendance,teecher not coming but taking attendance online??,0.18,3,false,true,FACULTY_ATTENDANCE_112,0.02,false,42
CMP-2E5563D1,2026-03-19 07:18:20,WhatsApp,CSE,Hostel,Water,There is no hot water in Block B hostels since yesterday.,0.11,4,true,true,HOSTEL_WATER_ISSUE_0,0.07,true,15
CMP-73876514,2026-03-19 07:19:03,App,ECE,Transport,Bus Delay,We are waiting at the stop for 1 hour for the college bus.,0.22,3,false,false,TRANSPORT_BUS_DELAY_196,0.09,false,
CMP-3C4A341B,2026-03-19 07:23:17,App,CSE,Training,Curriculum,training ka pace bahut fast hai kuch samajh nahi aa raha,0.3,4,false,true,TRAINING_TOC_MISMATCH_174,0.01,true,12
CMP-D7690632,2026-03-19 07:40:23,WhatsApp,ECE,Training,Curriculum,training ka pace bahut fast hai kuch samajh nahi aa raha,0.11,4,true,false,TRAINING_TOC_MISMATCH_174,0.22,false,
CMP-27B847DC,2026-03-19 08:25:37,Anonymous Report,EEE,Training,Curriculum,Socket programming was introduced unexpectedly.,0.22,2,true,true,TRAINING_TOC_MISMATCH_159,0.02,false,2
CMP-3532F592,2026-03-19 08:39:40,WhatsApp,CSE,Academic,Attendance,Prof hasn't shown up for classes this whole week.,0.1,3,false,true,FACULTY_ATTENDANCE_112,0.05,false,48
CMP-481880F1,2026-03-19 08:43:56,App,ECE,Academic,Attendance,Prof hasn't shown up for classes this whole week.,0.39,3,false,false,FACULTY_ATTENDANCE_112,0.28,false,
CMP-42D3D776,2026-03-19 08:53:57,WhatsApp,Common,Hostel,Water,plumber not fixing the leaking tap in room 204,0.25,3,false,false,HOSTEL_WATER_ISSUE_0,0.07,false,
CMP-04348D5A,2026-03-19 08:59:21,WhatsApp,ECE,Training,Curriculum,topics skipped by placement trainer today,0.31,4,true,true,TRAINING_TOC_MISMATCH_159,0.06,false,48
CMP-4FD6DB26,2026-03-19 09:31:14,Email,CSE,Training,Curriculum,Topics outside the official TOC are being taught.,0.34,3,true,true,TRAINING_TOC_MISMATCH_174,0.02,false,42
CMP-B7F7B9CB,2026-03-19 09:49:26,App,CSE,Training,Curriculum,Socket programming was introduced unexpectedly.,0.35,2,true,true,TRAINING_TOC_MISMATCH_159,0.26,false,38
CMP-18B8EF50,2026-03-19 10:05:13,Email,CE,Infrastructure,Network,library wifi is completely dead. Please fix it ASAP.,0.38,4,false,true,WIFI_OUTAGE_LIBRARY_228,0.08,false,4
CMP-9CD76394,2026-03-19 10:47:51,Email,ME,Infrastructure,Network,wifi firse gaya 😭 library me,0.16,4,false,false,WIFI_OUTAGE_LIBRARY_228,0.08,false,
CMP-E4AC1EEA,2026-03-19 12:07:32,WhatsApp,EEE,Training,Curriculum,The trainer is not following the announced syllabus.,0.26,2,false,false,TRAINING_TOC_MISMATCH_159,0.26,false,
CMP-C716922D,2026-03-19 12:17:41,WhatsApp,CSE,Academic,Attendance,attendance portal is showing wrong data for CS101,0.1,3,false,true,FACULTY_ATTENDANCE_112,0.25,true,27
CMP-6CE12C0C,2026-03-19 12:54:51,Form,CSE,Hostel,Water,"Block B geysers are not working, we need hot water.",0.35,3,false,true,HOSTEL_WATER_ISSUE_0,0.15,true,36
CMP-BD3170ED,2026-03-19 13:04:29,WhatsApp,Common,Transport,Bus Delay,We are waiting at the stop for 1 hour for the college bus.,0.34,3,false,true,TRANSPORT_BUS_DELAY_196,0.29,false,37
CMP-80FF43D1,2026-03-19 13:20:20,Form,ME,Transport,Bus Delay,bus breakdown on highway again,0.35,2,false,true,TRANSPORT_BUS_DELAY_36,0.07,true,6
CMP-1FFF8582,2026-03-19 13:55:16,Form,Common,Transport,Bus Delay,bus breakdown on highway again,0.27,2,false,false,TRANSPORT_BUS_DELAY_36,0.14,false,
CMP-565E4F82,2026-03-19 14:00:30,WhatsApp,CSE,Training,Curriculum,topics skipped by placement trainer today,0.14,4,false,true,TRAINING_TOC_MISMATCH_174,0.03,true,35
CMP-31331190,2026-03-19 14:33:33,Form,CSE,Training,Curriculum,thee jva trainer skipped scheduled topics.,0.35,4,false,true,TRAINING_TOC_MISMATCH_174,0.19,false,48
CMP-7ABD851B,2026-03-19 15:05:15,WhatsApp,CE,Academic,Attendance,attendance issue in DBMS class,0.15,2,false,true,FACULTY_ATTENDANCE_112,0.23,false,33
CMP-54B77504,2026-03-19 15:10:17,App,ECE,Training,Curriculum,Socket programming was introduced unexpectedly.,0.33,2,false,false,TRAINING_TOC_MISMATCH_174,0.13,false,
CMP-AF185569,2026-03-19 15:11:01,WhatsApp,CSE,Transport,Bus Delay,bus 4 fir late ayi,0.37,3,false,true,TRANSPORT_BUS_DELAY_196,0.09,true,33
CMP-F58DB219,2026-03-19 15:32:57,WhatsApp,CSE,Transport,Bus Delay,driver of bus 7 is very rude,0.11,2,false,false,TRANSPORT_BUS_DELAY_196,0.0,false,
CMP-F2922DDE,2026-03-19 16:08:25,WhatsApp,CSE,Infrastructure,Network,wifi firse gaya 😭 library me,0.36,4,false,false,WIFI_OUTAGE_LIBRARY_228,0.29,false,
CMP-A7CAB4B8,2026-03-19 16:47:19,WhatsApp,ECE,Transport,Bus Delay,We are waiting at the stop for 1 hour for the college bus.,0.22,3,true,false,TRANSPORT_BUS_DELAY_36,0.02,true,
CMP-8838C8DD,2026-03-19 16:51:34,Form,CSE,Infrastructure,Network,no inteernet connection in the librry again.,0.36,4,false,true,WIFI_OUTAGE_LIBRARY_228,0.1,false,26
CMP-455D8A84,2026-03-19 16:57:19,Anonymous Report,CE,Training,Curriculum,The Java trainer skipped scheduled topics.,0.15,4,false,true,TRAINING_TOC_MISMATCH_159,0.15,false,37
CMP-50DB6520,2026-03-19 17:03:57,Email,CE,Training,Curriculum,training ka pace bahut fast hai kuch samajh nahi aa raha,0.12,2,false,true,TRAINING_TOC_MISMATCH_159,0.29,false,45
CMP-22543ACA,2026-03-19 18:15:21,WhatsApp,ME,Hostel,Water,paani nahi aa raha subah se,0.36,3,false,true,HOSTEL_WATER_ISSUE_0,0.14,false,37
CMP-89D21C87,2026-03-19 18:18:31,Form,MBA,Infrastructure,Network,librry wifi is compleetely dead. please fix it asap.,0.38,5,true,true,WIFI_OUTAGE_LIBRARY_228,0.29,false,17
CMP-C9C8F69E,2026-03-19 19:01:54,Form,MBA,Training,Curriculum,Trainer is rushing through JDBC concepts.,0.37,2,true,true,TRAINING_TOC_MISMATCH_159,0.24,false,5
CMP-DE2913C6,2026-03-19 19:20:47,WhatsApp,CSE,Academic,Attendance,Faculty attendance policy bahut unfair hai.,0.29,2,false,true,FACULTY_ATTENDANCE_112,0.23,false,1
CMP-33DB234B,2026-03-19 19:31:25,Email,CE,Training,Curriculum,Socket programming was introduced unexpectedly.,0.19,2,false,false,TRAINING_TOC_MISMATCH_159,0.26,false,
CMP-F7D46FE7,2026-03-19 20:36:35,WhatsApp,Common,Academic,Attendance,Professor missed the last three lectures without prior notice.,0.19,2,false,false,FACULTY_ATTENDANCE_112,0.01,true,
CMP-9AA27B08,2026-03-19 21:16:18,WhatsApp,CSE,Transport,Bus Delay,"Transport facility is very poor, bus never comes on time.",0.22,2,false,false,TRANSPORT_BUS_DELAY_196,0.06,true,
CMP-70E9303A,2026-03-19 22:31:49,WhatsApp,CSE,Training,Curriculum,training ka pace bahut fast hai kuch samajh nahi aa raha,0.34,3,false,true,TRAINING_TOC_MISMATCH_159,0.29,false,46
CMP-00457566,2026-03-19 22:35:43,Email,CSE,Hostel,Water,paani nahi aa raha subah se,0.26,4,false,false,HOSTEL_WATER_ISSUE_0,0.22,true,
CMP-EC145658,2026-03-19 23:06:22,WhatsApp,CSE,Infrastructure,Network,Unable to access internet in library,0.12,3,true,true,WIFI_OUTAGE_LIBRARY_228,0.07,false,47
CMP-19B8415C,2026-03-20 00:05:07,WhatsApp,CSE,Administration,Fees,Scholarship disbursement is delayed by 2 months.,0.12,4,false,true,FEE_ISSUE_166,0.14,false,18
CMP-FAF093EB,2026-03-20 00:25:59,Form,CSE,Harassment,Bullying,Facing toxic behavior from a faculty member.,0.19,5,true,false,HARASSMENT_REPORT_73,0.8,false,
CMP-ECBA0C09,2026-03-20 01:09:46,Anonymous Report,ECE,Academic,Attendance,Faculty attendance policy bahut unfair hai.,0.19,3,false,false,FACULTY_ATTENDANCE_226,0.1,false,
CMP-7FA4AEC5,2026-03-20 01:40:45,Anonymous Report,CSE,Academic,Exams,The CS101 final exam schedule conflicts with the MA201 exam.,0.1,4,true,false,EXAM_SCHEDULE_ISSUE_231,0.23,false,
CMP-196BDDDE,2026-03-20 01:58:28,WhatsApp,ME,Administration,Fees,Late fee was charged wrongly on my account.,0.11,3,false,false,FEE_ISSUE_166,0.27,false,
CMP-91704093,2026-03-20 02:22:54,WhatsApp,CE,Academic,Exams,2 exams on the same day is unfair,0.35,3,false,true,EXAM_SCHEDULE_ISSUE_231,0.24,true,4
CMP-1089A826,2026-03-20 02:50:26,Anonymous Report,ECE,Harassment,Bullying,Please take action against ragging in boys hostel,0.24,5,true,false,HARASSMENT_REPORT_73,0.89,false,
CMP-70047E17,2026-03-20 03:39:24,WhatsApp,ME,Administration,Fees,Late fee was charged wrongly on my account.,0.22,4,false,false,FEE_ISSUE_166,0.25,false,
CMP-ED54C911,2026-03-20 04:08:03,WhatsApp,CE,Administration,Fees,Late fee was charged wrongly on my account.,0.12,4,true,true,FEE_ISSUE_166,0.03,false,28
CMP-7FDA0F3B,2026-03-20 04:42:06,Form,CSE,Academic,Exams,2 exams on the same day is unfair,0.27,4,true,true,EXAM_SCHEDULE_ISSUE_233,0.16,false,12
CMP-4934C78B,2026-03-20 04:51:23,WhatsApp,CSE,Training,Curriculum,training ka pace bahut fast hai kuch samajh nahi aa raha,0.28,2,false,false,TRAINING_TOC_MISMATCH_174,0.04,false,
CMP-CC517636,2026-03-20 04:55:28,WhatsApp,MBA,Academic,Exams,"exam schedule is too tight, no prep leaves",0.38,4,true,true,EXAM_SCHEDULE_ISSUE_233,0.07,false,32
CMP-DBE01DEE,2026-03-20 05:45:33,App,ECE,Academic,Exams,syllabus for exams not declared yet,0.32,3,false,true,EXAM_SCHEDULE_ISSUE_233,0.21,false,26
CMP-480422EC,2026-03-20 05:57:35,WhatsApp,CSE,Training,Curriculum,training ka pace bahut fast hai kuch samajh nahi aa raha,0.11,3,false,false,TRAINING_TOC_MISMATCH_174,0.13,false,
CMP-DADE0305,2026-03-20 07:12:00,Form,Common,Academic,Exams,Need to reschedule the database systems exam.,0.2,4,true,false,EXAM_SCHEDULE_ISSUE_54,0.02,false,
CMP-97360801,2026-03-20 08:42:30,Email,CSE,Academic,Exams,thee cs101 finl exam schedule conflicts with the ma201 exam.,0.17,5,true,true,EXAM_SCHEDULE_ISSUE_231,0.09,false,44
CMP-A07A40E6,2026-03-20 08:43:11,Anonymous Report,ME,Training,Curriculum,topics outsidee the officil toc are being taught.,0.31,3,false,false,TRAINING_TOC_MISMATCH_174,0.19,false,
CMP-CCCCD038,2026-03-20 08:44:36,Form,Common,Hostel,Water,"Block B geysers are not working, we need hot water.",0.25,3,false,false,HOSTEL_WATER_ISSUE_0,0.02,true,
CMP-61C79C57,2026-03-20 09:02:23,WhatsApp,CSE,Academic,Exams,"exam schedule is too tight, no prep leaves",0.18,5,false,true,EXAM_SCHEDULE_ISSUE_22,0.26,false,37
CMP-DC71415D,2026-03-20 09:11:10,Email,Common,Academic,Exams,syllabus for exams not declared yet,0.35,5,true,false,EXAM_SCHEDULE_ISSUE_231,0.21,false,
CMP-6ED4F9DC,2026-03-20 09:42:34,WhatsApp,CSE,Academic,Attendance,teacher not coming but taking attendance online??,0.22,3,false,true,FACULTY_ATTENDANCE_226,0.25,false,41
CMP-F10B5640,2026-03-20 10:17:23,Email,CSE,Academic,Attendance,Faculty attendance policy bahut unfair hai.,0.27,3,false,true,FACULTY_ATTENDANCE_226,0.08,false,33
CMP-9FA13D3C,2026-03-20 10:37:52,Anonymous Report,Common,Academic,Attendance,Faculty attendance policy bahut unfair hai.,0.12,2,false,false,FACULTY_ATTENDANCE_226,0.23,false,
CMP-446B5C33,2026-03-20 10:41:40,WhatsApp,CSE,Academic,Exams,"exam schedule is too tight, no prep leaves",0.38,3,true,true,EXAM_SCHEDULE_ISSUE_231,0.25,false,21
CMP-42184EF7,2026-03-20 10:42:56,Email,CE,Academic,Attendance,teacher not coming but taking attendance online??,0.39,2,true,false,FACULTY_ATTENDANCE_226,0.18,false,
CMP-E12C4BA9,2026-03-20 10:50:12,Form,CE,Academic,Exams,mid sem dates are clashing with technical fest,0.27,5,true,true,EXAM_SCHEDULE_ISSUE_231,0.1,false,7
CMP-348ABE6C,2026-03-20 10:51:40,WhatsApp,ECE,Administration,Fees,extra charges in this semester fee structure?,0.28,3,true,true,FEE_ISSUE_166,0.22,false,28
CMP-E1972F28,2026-03-20 11:00:17,WhatsApp,CSE,Academic,Attendance,Faculty attendance policy bahut unfair hai.,0.16,2,false,true,FACULTY_ATTENDANCE_226,0.21,false,44
CMP-98244D60,2026-03-20 11:00:45,Form,CSE,Hostel,Water,no drinking water on 3rd floor,0.15,3,false,true,HOSTEL_WATER_ISSUE_0,0.17,false,21
CMP-2C4AB6A6,2026-03-20 11:03:43,WhatsApp,ECE,Administration,Fees,ltee fee was charged wrongly on my account.,0.35,4,true,false,FEE_ISSUE_166,0.07,false,
CMP-69C986F4,2026-03-20 11:51:27,Anonymous Report,Common,Academic,Exams,2 exams on the same day is unfair,0.12,4,true,true,EXAM_SCHEDULE_ISSUE_54,0.09,false,19
CMP-0C58ABA0,2026-03-20 11:55:27,Anonymous Report,CE,Administration,Fees,refund not processed yet,0.13,3,false,true,FEE_ISSUE_166,0.2,false,43
CMP-F496B314,2026-03-20 11:57:25,Email,CSE,Academic,Exams,Need to reschedule the database systems exam.,0.16,5,false,true,EXAM_SCHEDULE_ISSUE_22,0.23,false,35
CMP-0C09F0F3,2026-03-20 12:08:20,Anonymous Report,CSE,Hostel,Water,no drinking water on 3rd floor,0.35,3,true,false,HOSTEL_WATER_ISSUE_0,0.08,false,
CMP-AEB278A7,2026-03-20 12:20:17,WhatsApp,CSE,Training,Curriculum,Socket programming was introduced unexpectedly.,0.34,3,false,true,TRAINING_TOC_MISMATCH_174,0.19,false,25
CMP-A985572C,2026-03-20 12:38:11,Form,EEE,Academic,Exams,"exam schedule is too tight, no prep leaves",0.28,5,true,false,EXAM_SCHEDULE_ISSUE_233,0.08,false,
CMP-8FC62EB0,2026-03-20 12:48:18,WhatsApp,CSE,Academic,Exams,2 exams on the same day is unfair,0.35,4,false,true,EXAM_SCHEDULE_ISSUE_22,0.09,true,32
CMP-17904ABD,2026-03-20 13:35:15,App,ECE,Hostel,Water,plumber not fixing the leaking tap in room 204,0.17,4,false,true,HOSTEL_WATER_ISSUE_0,0.17,false,12
CMP-A5FD422B,2026-03-20 13:55:04,Form,Common,Hostel,Water,water cooler in Block C is dispensing dirty water.,0.38,3,false,true,HOSTEL_WATER_ISSUE_0,0.24,false,9
CMP-71EBE07A,2026-03-20 14:04:05,WhatsApp,CSE,Harassment,Bullying,pleese take action against ragging in boys hostel,0.32,5,true,true,HARASSMENT_REPORT_73,0.75,true,42
CMP-DF1ECF24,2026-03-20 14:09:15,WhatsApp,CSE,Training,Curriculum,Topics outside the official TOC are being taught.,0.35,3,false,true,TRAINING_TOC_MISMATCH_174,0.24,false,5
CMP-6CD28883,2026-03-20 14:19:19,WhatsApp,CSE,Academic,Exams,mid sem dates are clashing with technical fest,0.36,4,true,false,EXAM_SCHEDULE_ISSUE_22,0.02,false,
CMP-3D348472,2026-03-20 14:29:56,WhatsApp,MBA,Administration,Fees,Late fee was charged wrongly on my account.,0.3,4,true,false,FEE_ISSUE_166,0.26,false,
CMP-FF277567,2026-03-20 14:37:53,WhatsApp,CSE,Academic,Attendance,teacher not coming but taking attendance online??,0.37,2,false,false,FACULTY_ATTENDANCE_226,0.01,false,
CMP-80617C94,2026-03-20 15:05:38,WhatsApp,MBA,Harassment,Bullying,Seniors are ragging in the hostel block.,0.13,5,true,true,HARASSMENT_REPORT_73,0.83,false,44
CMP-2CB1A3C9,2026-03-20 15:10:17,WhatsApp,ECE,Academic,Attendance,teacher not coming but taking attendance online??,0.23,2,false,true,FACULTY_ATTENDANCE_226,0.01,true,32
CMP-01D0A30D,2026-03-20 15:34:46,Email,ECE,Academic,Attendance,attendance issue in DBMS class,0.28,3,false,false,FACULTY_ATTENDANCE_226,0.1,false,
CMP-1D0C9E0A,2026-03-20 15:41:05,Email,CE,Training,Curriculum,training ka pace bahut fast hai kuch samajh nahi aa raha,0.18,2,false,true,TRAINING_TOC_MISMATCH_174,0.23,false,14
CMP-77CA060A,2026-03-20 16:48:59,WhatsApp,CSE,Harassment,Bullying,constant bullying by batchmates,0.29,5,true,true,HARASSMENT_REPORT_73,0.83,true,25
CMP-55DAD0F2,2026-03-20 16:50:48,Email,CSE,Harassment,Bullying,Seniors are ragging in the hostel block.,0.25,5,true,true,HARASSMENT_REPORT_73,0.69,false,22
CMP-95D2841B,2026-03-20 17:49:12,WhatsApp,CSE,Academic,Exams,syllabus for exams not declared yet,0.14,4,true,false,EXAM_SCHEDULE_ISSUE_231,0.18,false,
CMP-477A7BEA,2026-03-20 18:21:03,WhatsApp,CSE,Administration,Fees,refund not processed yet,0.38,3,false,true,FEE_ISSUE_166,0.29,false,5
CMP-A14A8C3D,2026-03-20 18:21:05,WhatsApp,Common,Training,Curriculum,Socket programming was introduced unexpectedly.,0.39,4,false,true,TRAINING_TOC_MISMATCH_174,0.18,false,10
CMP-3E09560A,2026-03-20 18:27:34,Anonymous Report,MBA,Academic,Exams,Need to reschedule the database systems exam.,0.11,3,true,true,EXAM_SCHEDULE_ISSUE_54,0.15,false,42
CMP-3DDEA226,2026-03-20 18:42:14,WhatsApp,CSE,Academic,Exams,syllbus for eexams not declared yet,0.33,5,true,true,EXAM_SCHEDULE_ISSUE_22,0.25,true,43
CMP-3C73642B,2026-03-20 18:45:33,WhatsApp,CSE,Harassment,Bullying,Seniors are ragging in the hostel block.,0.22,5,true,false,HARASSMENT_REPORT_73,0.85,false,
CMP-A0FA2F67,2026-03-20 18:51:04,App,ECE,Hostel,Water,no drinking water on 3rd floor,0.22,3,false,true,HOSTEL_WATER_ISSUE_0,0.23,false,34
CMP-529CFF9D,2026-03-20 18:52:42,Anonymous Report,CSE,Academic,Exams,"exam schedule is too tight, no prep leaves",0.32,4,true,false,EXAM_SCHEDULE_ISSUE_233,0.19,true,
CMP-6287A081,2026-03-20 18:58:15,App,CSE,Administration,Fees,Scholarship disbursement is delayed by 2 months.,0.2,3,false,true,FEE_ISSUE_166,0.2,false,16
CMP-A123FAFE,2026-03-20 18:58:18,WhatsApp,CSE,Academic,Attendance,teacher not coming but taking attendance online??,0.13,3,false,true,FACULTY_ATTENDANCE_226,0.12,false,34
CMP-23A47A77,2026-03-20 19:02:38,WhatsApp,CSE,Hostel,Water,no drinking water on 3rd floor,0.29,3,false,false,HOSTEL_WATER_ISSUE_0,0.17,true,
CMP-98179825,2026-03-20 19:09:21,Email,CE,Administration,Fees,Late fee was charged wrongly on my account.,0.32,4,false,true,FEE_ISSUE_166,0.01,false,22
CMP-FCBB654A,2026-03-20 19:09:22,WhatsApp,CSE,Academic,Exams,"exam schedule is too tight, no prep leaves",0.32,5,true,true,EXAM_SCHEDULE_ISSUE_233,0.24,false,27
CMP-F3E89DBF,2026-03-20 19:29:20,App,CSE,Academic,Exams,mid sem dates are clashing with technical fest,0.17,3,false,true,EXAM_SCHEDULE_ISSUE_233,0.26,false,36
CMP-92391947,2026-03-20 19:31:38,Form,ECE,Academic,Exams,The CS101 final exam schedule conflicts with the MA201 exam.,0.13,5,false,true,EXAM_SCHEDULE_ISSUE_231,0.09,false,6
CMP-9A5F3219,2026-03-20 19:40:13,Anonymous Report,CE,Academic,Exams,2 exams on the same day is unfair,0.4,5,true,true,EXAM_SCHEDULE_ISSUE_22,0.23,false,42
CMP-EA7407FD,2026-03-20 20:31:50,WhatsApp,Common,Academic,Attendance,Faculty attendance policy bahut unfair hai.,0.15,2,false,true,FACULTY_ATTENDANCE_226,0.3,false,47
CMP-FED8B3E3,2026-03-20 21:17:26,App,CE,Harassment,Bullying,Please take action against ragging in boys hostel,0.38,5,true,false,HARASSMENT_REPORT_73,0.7,false,
CMP-D8785B04,2026-03-20 21:47:16,Form,CE,Training,Curriculum,sockeet progrmming was introduced unexpectedly.,0.26,4,true,true,TRAINING_TOC_MISMATCH_174,0.18,false,28
CMP-25FF5B51,2026-03-20 22:09:22,Form,CSE,Hostel,Water,wteer cooler in block c is dispensing dirty water.,0.23,3,false,false,HOSTEL_WATER_ISSUE_0,0.08,false,
CMP-7372EB78,2026-03-20 23:02:10,Form,Common,Academic,Exams,mid sem dates are clashing with technical fest,0.35,5,true,true,EXAM_SCHEDULE_ISSUE_231,0.24,false,46
CMP-B29C16CF,2026-03-20 23:34:26,WhatsApp,MBA,Academic,Exams,mid sem dates are clashing with technical fest,0.2,5,false,false,EXAM_SCHEDULE_ISSUE_22,0.18,true,
CMP-16D6E2DD,2026-03-20 23:40:42,WhatsApp,CSE,Academic,Exams,The CS101 final exam schedule conflicts with the MA201 exam.,0.26,5,true,true,EXAM_SCHEDULE_ISSUE_233,0.17,true,6
CMP-406FB997,2026-03-21 00:13:04,Anonymous Report,EEE,Academic,Attendance,teecher not coming but taking attendance online??,0.17,3,true,false,FACULTY_ATTENDANCE_226,0.0,false,
CMP-027607EA,2026-03-21 00:18:22,Anonymous Report,CSE,Academic,Exams,Need to reschedule the database systems exam.,0.32,5,true,false,EXAM_SCHEDULE_ISSUE_231,0.29,false,
CMP-3F60CB1A,2026-03-21 00:35:35,App,ME,Academic,Exams,syllabus for exams not declared yet,0.12,3,true,false,EXAM_SCHEDULE_ISSUE_22,0.1,true,
CMP-BAC11B3B,2026-03-21 00:47:41,WhatsApp,CSE,Academic,Exams,The CS101 final exam schedule conflicts with the MA201 exam.,0.31,3,false,false,EXAM_SCHEDULE_ISSUE_22,0.06,false,
CMP-371EDDCE,2026-03-21 00:52:34,WhatsApp,CSE,Hostel,Food Hygiene,stale food served in hostel B dinner,0.36,4,true,true,MESS_FOOD_POISONING_168,0.24,false,26
CMP-2D0507B7,2026-03-21 02:33:29,WhatsApp,Common,Hostel,Food Hygiene,found  bug in my salad at thee main cafeteria.,0.12,4,true,true,MESS_FOOD_POISONING_207,0.15,false,38
CMP-2B2F33DB,2026-03-21 02:50:58,Email,ECE,Hostel,Food Hygiene,food qulity in thee mess has degraded significantly.,0.35,4,true,true,MESS_FOOD_POISONING_168,0.24,false,26
CMP-826D54FD,2026-03-21 03:04:27,WhatsApp,CSE,Administration,Fees,Late fee was charged wrongly on my account.,0.28,4,true,true,FEE_ISSUE_166,0.26,false,29
CMP-E95A2EF7,2026-03-21 03:45:50,Form,CSE,Academic,Exams,mid sem dates are clashing with technical fest,0.21,3,false,false,EXAM_SCHEDULE_ISSUE_233,0.01,false,
CMP-8BC74436,2026-03-21 03:56:17,Email,CE,Administration,Fees,ltee fee was charged wrongly on my account.,0.3,4,true,false,FEE_ISSUE_166,0.15,true,
CMP-06C61239,2026-03-21 03:56:39,WhatsApp,CE,Hostel,Food Hygiene,"mess ka khana bahut kharab hai, log beemar pad rahe hain",0.37,4,true,false,MESS_FOOD_POISONING_74,0.22,false,
CMP-04A4869A,2026-03-21 05:21:06,WhatsApp,ME,Academic,Exams,The CS101 final exam schedule conflicts with the MA201 exam.,0.3,3,false,true,EXAM_SCHEDULE_ISSUE_22,0.09,false,30
CMP-AC43E208,2026-03-21 05:50:47,WhatsApp,CSE,Academic,Exams,syllabus for exams not declared yet,0.16,3,false,true,EXAM_SCHEDULE_ISSUE_233,0.15,false,40
CMP-53DF34E1,2026-03-21 06:47:58,WhatsApp,ME,Academic,Exams,syllabus for exams not declared yet,0.39,5,true,true,EXAM_SCHEDULE_ISSUE_22,0.05,false,48
CMP-F92DD823,2026-03-21 07:14:00,Form,ECE,Academic,Attendance,teacher not coming but taking attendance online??,0.3,2,false,true,FACULTY_ATTENDANCE_226,0.2,false,30
CMP-F65B2D81,2026-03-21 07:14:45,WhatsApp,Common,Academic,Exams,"exam schedule is too tight, no prep leaves",0.31,4,false,true,EXAM_SCHEDULE_ISSUE_22,0.2,false,3
CMP-B8B76524,2026-03-21 07:37:44,Email,CSE,Hostel,Food Hygiene,mess food is unhygienic and causing health issues,0.24,4,true,false,MESS_FOOD_POISONING_74,0.11,false,
CMP-DEAA067B,2026-03-21 07:40:53,WhatsApp,CSE,Harassment,Bullying,Please take action against ragging in boys hostel,0.29,5,true,false,HARASSMENT_REPORT_73,0.72,false,
CMP-99458C51,2026-03-21 07:43:31,App,CSE,Academic,Exams,mid sem dates are clashing with technical fest,0.31,4,true,false,EXAM_SCHEDULE_ISSUE_54,0.08,false,
CMP-A30DF686,2026-03-21 07:44:22,App,ME,Academic,Exams,mid sem dates are clashing with technical fest,0.13,5,true,false,EXAM_SCHEDULE_ISSUE_233,0.04,false,
CMP-515361DE,2026-03-21 07:47:52,WhatsApp,ECE,Academic,Attendance,attendance issue in DBMS class,0.15,2,false,true,FACULTY_ATTENDANCE_226,0.14,false,41
CMP-1D9C0EC3,2026-03-21 08:27:07,WhatsApp,CE,Hostel,Food Hygiene,Found a bug in my salad at the main cafeteria.,0.29,5,true,true,MESS_FOOD_POISONING_207,0.28,false,5
CMP-789F4258,2026-03-21 08:49:44,Email,Common,Academic,Attendance,My attendance was marked absent even though I was present.,0.11,2,false,false,FACULTY_ATTENDANCE_226,0.16,false,
CMP-09FE3874,2026-03-21 09:40:33,Form,ECE,Academic,Exams,2 exams on the same day is unfair,0.36,4,false,false,EXAM_SCHEDULE_ISSUE_231,0.19,false,
CMP-0A4DFB4C,2026-03-21 09:49:04,Email,CSE,Academic,Attendance,teacher not coming but taking attendance online??,0.18,3,true,true,FACULTY_ATTENDANCE_226,0.05,false,37
CMP-EF8551B0,2026-03-21 09:53:06,WhatsApp,CE,Harassment,Bullying,Facing toxic behavior from a faculty member.,0.33,5,true,true,HARASSMENT_REPORT_73,0.74,true,32
CMP-9A49DE15,2026-03-21 10:02:36,Anonymous Report,CE,Harassment,Bullying,constant bullying by batchmates,0.38,5,true,false,HARASSMENT_REPORT_73,0.89,false,
CMP-AB015EFE,2026-03-21 10:26:02,WhatsApp,CSE,Hostel,Food Hygiene,Food quality in the mess has degraded significantly.,0.14,5,false,true,MESS_FOOD_POISONING_168,0.03,false,36
CMP-27E90703,2026-03-21 10:39:06,WhatsApp,CSE,Administration,Fees,refund not processed yet,0.38,3,false,false,FEE_ISSUE_166,0.03,false,
CMP-754D93C5,2026-03-21 10:43:44,Email,ECE,Administration,Fees,Late fee was charged wrongly on my account.,0.21,4,false,false,FEE_ISSUE_166,0.28,false,
CMP-58DA541E,2026-03-21 11:06:17,WhatsApp,ME,Academic,Exams,2 exams on the same day is unfair,0.34,3,false,true,EXAM_SCHEDULE_ISSUE_233,0.21,false,19
CMP-A553496C,2026-03-21 11:14:56,WhatsApp,Common,Harassment,Bullying,Please take action against ragging in boys hostel,0.13,5,true,true,HARASSMENT_REPORT_73,0.83,false,28
CMP-EFB66EAD,2026-03-21 12:14:44,App,MBA,Hostel,Food Hygiene,Found a bug in my salad at the main cafeteria.,0.4,5,true,true,MESS_FOOD_POISONING_74,0.0,false,45
CMP-5E81568E,2026-03-21 12:16:50,WhatsApp,CSE,Harassment,Bullying,constant bullying by batchmates,0.4,5,true,true,HARASSMENT_REPORT_73,0.81,false,15
CMP-198B6791,2026-03-21 12:26:53,Email,CE,Academic,Exams,syllabus for exams not declared yet,0.25,4,false,false,EXAM_SCHEDULE_ISSUE_231,0.13,false,
CMP-4C66D4C8,2026-03-21 12:56:25,Form,EEE,Harassment,Bullying,constant bullying by batchmates,0.26,5,true,true,HARASSMENT_REPORT_73,0.72,false,12
CMP-3E98AB37,2026-03-21 13:48:27,Form,ECE,Hostel,Food Hygiene,Mess food quality in hostel B has deteriorated significantly.,0.1,4,true,true,MESS_FOOD_POISONING_207,0.19,false,31
CMP-AA83E171,2026-03-21 14:06:18,Email,Common,Academic,Exams,2 exams on the same day is unfair,0.36,5,false,true,EXAM_SCHEDULE_ISSUE_22,0.13,false,34
CMP-DF41E4C8,2026-03-21 14:12:07,Email,ECE,Academic,Exams,syllabus for exams not declared yet,0.26,3,true,false,EXAM_SCHEDULE_ISSUE_22,0.08,false,
CMP-1DACD09F,2026-03-21 14:14:37,WhatsApp,Common,Hostel,Food Hygiene,stale food served in hostel B dinner,0.13,5,true,true,MESS_FOOD_POISONING_207,0.16,false,42
CMP-C7B79447,2026-03-21 14:18:40,WhatsApp,CE,Hostel,Food Hygiene,food qulity in thee mess has degraded significantly.,0.28,5,true,false,MESS_FOOD_POISONING_168,0.06,true,
CMP-C0B11958,2026-03-21 14:29:44,WhatsApp,ME,Academic,Exams,syllabus for exams not declared yet,0.26,4,true,false,EXAM_SCHEDULE_ISSUE_22,0.12,true,
CMP-B320F6FF,2026-03-21 14:39:48,WhatsApp,Common,Administration,Fees,refund not processed yet,0.14,3,false,false,FEE_ISSUE_166,0.04,false,
CMP-32A62C69,2026-03-21 14:48:58,Anonymous Report,ECE,Administration,Fees,Late fee was charged wrongly on my account.,0.32,4,false,true,FEE_ISSUE_166,0.12,false,26
CMP-84C3D0EB,2026-03-21 15:01:14,Anonymous Report,CSE,Academic,Attendance,My attendance was marked absent even though I was present.,0.31,2,false,true,FACULTY_ATTENDANCE_226,0.16,false,18
CMP-2E1F1A91,2026-03-21 15:04:23,Anonymous Report,CSE,Harassment,Bullying,Facing toxic behavior from a faculty member.,0.28,5,true,true,HARASSMENT_REPORT_73,0.78,false,17
CMP-DACCB186,2026-03-21 15:17:34,App,Common,Academic,Exams,Need to reschedule the database systems exam.,0.13,3,false,false,EXAM_SCHEDULE_ISSUE_22,0.22,false,
CMP-70F3C124,2026-03-21 15:41:39,WhatsApp,ME,Academic,Exams,mid sem dates are clashing with technical fest,0.39,5,true,false,EXAM_SCHEDULE_ISSUE_22,0.03,false,
CMP-DB3CB3F7,2026-03-21 15:47:16,WhatsApp,CSE,Administration,Fees,Scholarship disbursement is delayed by 2 months.,0.25,3,false,true,FEE_ISSUE_166,0.24,false,42
CMP-900A8ECF,2026-03-21 15:48:36,Form,ME,Hostel,Food Hygiene,Food quality in the mess has degraded significantly.,0.12,5,true,true,MESS_FOOD_POISONING_74,0.05,false,26
CMP-69F3BDA5,2026-03-21 15:52:15,Email,CSE,Hostel,Food Hygiene,Mess food quality in hostel B has deteriorated significantly.,0.24,5,true,false,MESS_FOOD_POISONING_207,0.2,false,
CMP-DB684B49,2026-03-21 16:23:42,Email,CE,Academic,Exams,syllabus for exams not declared yet,0.12,3,false,false,EXAM_SCHEDULE_ISSUE_22,0.3,false,
CMP-52A61F07,2026-03-21 16:34:08,WhatsApp,CSE,Academic,Exams,The CS101 final exam schedule conflicts with the MA201 exam.,0.16,5,false,true,EXAM_SCHEDULE_ISSUE_233,0.02,false,41
CMP-CC73B934,2026-03-21 17:14:44,Form,CSE,Harassment,Bullying,Seniors are ragging in the hostel block.,0.15,5,true,true,HARASSMENT_REPORT_73,0.86,true,6
CMP-F21742B0,2026-03-21 18:09:20,Form,CSE,Academic,Exams,syllabus for exams not declared yet,0.3,4,false,true,EXAM_SCHEDULE_ISSUE_233,0.02,false,27
CMP-AAC0A69A,2026-03-21 18:12:32,App,ME,Administration,Fees,Scholarship disbursement is delayed by 2 months.,0.21,3,false,true,FEE_ISSUE_166,0.01,false,7
CMP-3D20EBCA,2026-03-21 18:35:40,Anonymous Report,Common,Harassment,Bullying,Please take action against ragging in boys hostel,0.4,5,true,true,HARASSMENT_REPORT_73,0.88,false,26
CMP-EC32347C,2026-03-21 18:38:26,Form,CSE,Hostel,Food Hygiene,Food quality in the mess has degraded significantly.,0.22,5,true,true,MESS_FOOD_POISONING_168,0.14,false,41
CMP-92DF9693,2026-03-21 18:58:24,Form,EEE,Harassment,Bullying,Please take action against ragging in boys hostel,0.11,5,true,false,HARASSMENT_REPORT_73,0.7,false,
CMP-AD7C76CA,2026-03-21 19:01:17,Form,CE,Administration,Fees,ltee fee was charged wrongly on my account.,0.37,3,false,true,FEE_ISSUE_166,0.18,true,48
CMP-3EBEA0FD,2026-03-21 19:06:35,Form,CE,Academic,Exams,mid seem dtes are clashing with technical fest,0.13,4,false,true,EXAM_SCHEDULE_ISSUE_233,0.24,true,1
CMP-95741A49,2026-03-21 19:42:39,Email,EEE,Hostel,Food Hygiene,Mess food quality in hostel B has deteriorated significantly.,0.34,4,true,true,MESS_FOOD_POISONING_74,0.26,true,15
CMP-71B9A111,2026-03-21 19:49:34,Email,ME,Hostel,Food Hygiene,Food quality in the mess has degraded significantly.,0.29,5,true,true,MESS_FOOD_POISONING_207,0.02,false,9
CMP-502FC52B,2026-03-21 19:58:05,Anonymous Report,ECE,Hostel,Food Hygiene,mess food is unhygienic and causing health issues,0.22,4,true,true,MESS_FOOD_POISONING_168,0.02,false,41
CMP-658E4173,2026-03-21 21:05:15,WhatsApp,CSE,Harassment,Bullying,Anonymous harassment on college group,0.12,5,true,true,HARASSMENT_REPORT_73,0.62,false,18
CMP-651E65F1,2026-03-21 22:12:47,WhatsApp,CE,Administration,Fees,Late fee was charged wrongly on my account.,0.18,4,false,true,FEE_ISSUE_166,0.22,false,36
CMP-CA1176B2,2026-03-21 22:44:09,App,ECE,Hostel,Food Hygiene,mess food is unhygienic and causing health issues,0.39,5,true,false,MESS_FOOD_POISONING_74,0.26,false,
CMP-16A7EB4B,2026-03-21 23:46:19,App,ECE,Academic,Exams,Need to reschedule the database systems exam.,0.11,4,true,true,EXAM_SCHEDULE_ISSUE_22,0.24,false,41
CMP-0EF7CCCC,2026-03-22 00:45:29,Form,CSE,Hostel,Food Hygiene,mess food is unhygienic and causing health issues,0.27,4,true,false,MESS_FOOD_POISONING_207,0.16,true,
CMP-FA9ABC8C,2026-03-22 02:22:04,WhatsApp,EEE,Hostel,Food Hygiene,"mess ka khana bahut kharab hai, log beemar pad rahe hain",0.36,4,true,true,MESS_FOOD_POISONING_207,0.02,false,44
CMP-5B9D2705,2026-03-22 03:27:50,Anonymous Report,CSE,Training,Curriculum,topics skipped by placement trainer today,0.31,2,true,false,TRAINING_TOC_MISMATCH_186,0.1,false,
CMP-B0D391DF,2026-03-22 03:47:11,WhatsApp,CSE,Hostel,Food Hygiene,mess food is unhygienic and causing health issues,0.17,5,true,true,MESS_FOOD_POISONING_207,0.08,false,19
CMP-30FB9EF6,2026-03-22 03:53:09,WhatsApp,CE,Hostel,Food Hygiene,mess food is unhygienic and causing health issues,0.36,5,true,true,MESS_FOOD_POISONING_207,0.19,false,25
CMP-64587BA9,2026-03-22 04:44:37,Form,CSE,Training,Curriculum,Socket programming was introduced unexpectedly.,0.39,2,false,true,TRAINING_TOC_MISMATCH_186,0.06,false,22
CMP-5BB5FD53,2026-03-22 05:47:16,Email,CSE,Hostel,Food Hygiene,food qulity in thee mess has degraded significantly.,0.26,5,true,true,MESS_FOOD_POISONING_207,0.3,false,35
CMP-9BB9EAB4,2026-03-22 06:36:36,Anonymous Report,ME,Training,Curriculum,Topics outside the official TOC are being taught.,0.35,2,false,false,TRAINING_TOC_MISMATCH_186,0.07,false,
CMP-9EF345AF,2026-03-22 07:01:17,Form,ME,Training,Curriculum,topics skipped by placement trainer today,0.27,4,true,false,TRAINING_TOC_MISMATCH_192,0.21,false,
CMP-60306C02,2026-03-22 07:17:57,Anonymous Report,CSE,Hostel,Food Hygiene,Mess food quality in hostel B has deteriorated significantly.,0.19,5,true,false,MESS_FOOD_POISONING_74,0.0,false,
CMP-B5FBAF92,2026-03-22 07:27:16,WhatsApp,CSE,Hostel,Food Hygiene,Found a bug in my salad at the main cafeteria.,0.11,5,false,false,MESS_FOOD_POISONING_168,0.24,false,
CMP-0830DC53,2026-03-22 08:16:52,Form,ECE,Training,Curriculum,topics skipped by placement trainer today,0.29,2,false,true,TRAINING_TOC_MISMATCH_192,0.12,false,3
CMP-D9E9529C,2026-03-22 08:40:02,WhatsApp,CE,Training,Curriculum,Socket programming was introduced unexpectedly.,0.12,4,false,false,TRAINING_TOC_MISMATCH_186,0.15,false,
CMP-B6521A4F,2026-03-22 09:41:36,WhatsApp,ECE,Training,Curriculum,The trainer is not following the announced syllabus.,0.11,3,false,true,TRAINING_TOC_MISMATCH_186,0.27,false,44
CMP-7B5A0444,2026-03-22 10:28:25,Email,Common,Hostel,Food Hygiene,I got food poisoning after eating dinner yesterday.,0.38,4,true,false,MESS_FOOD_POISONING_168,0.03,false,
CMP-2802BBBE,2026-03-22 10:59:03,WhatsApp,MBA,Training,Curriculum,Socket programming was introduced unexpectedly.,0.26,2,false,true,TRAINING_TOC_MISMATCH_186,0.02,false,40
CMP-BA169C52,2026-03-22 11:56:16,WhatsApp,CSE,Training,Curriculum,Topics outside the official TOC are being taught.,0.27,2,false,true,TRAINING_TOC_MISMATCH_192,0.15,false,9
CMP-190CCF3E,2026-03-22 12:17:54,WhatsApp,ECE,Hostel,Food Hygiene,stale food served in hostel B dinner,0.27,5,true,true,MESS_FOOD_POISONING_207,0.02,true,28
CMP-30E2A078,2026-03-22 13:11:31,WhatsApp,CE,Hostel,Food Hygiene,Food quality in the mess has degraded significantly.,0.39,4,true,true,MESS_FOOD_POISONING_168,0.04,false,42
CMP-04513968,2026-03-22 14:31:15,Form,ECE,Hostel,Food Hygiene,I got food poisoning after eating dinner yesterday.,0.29,5,false,true,MESS_FOOD_POISONING_168,0.15,false,45
CMP-60DEB2A8,2026-03-22 14:38:17,Email,CE,Training,Curriculum,The trainer is not following the announced syllabus.,0.16,3,false,true,TRAINING_TOC_MISMATCH_192,0.12,true,24
CMP-8293A34B,2026-03-22 16:24:42,WhatsApp,Common,Training,Curriculum,training ka pace bahut fast hai kuch samajh nahi aa raha,0.25,4,true,false,TRAINING_TOC_MISMATCH_192,0.02,true,
CMP-31E7ADD1,2026-03-22 16:26:15,Anonymous Report,ECE,Training,Curriculum,The trainer is not following the announced syllabus.,0.29,3,false,true,TRAINING_TOC_MISMATCH_186,0.04,false,3
CMP-BC64BC0C,2026-03-22 16:27:40,Anonymous Report,CSE,Hostel,Food Hygiene,I got food poisoning after eating dinner yesterday.,0.38,4,false,false,MESS_FOOD_POISONING_168,0.06,false,
CMP-53BF7F01,2026-03-22 17:55:43,WhatsApp,CE,Training,Curriculum,The Java trainer skipped scheduled topics.,0.15,2,false,true,TRAINING_TOC_MISMATCH_192,0.26,true,9
CMP-D2F3BBA3,2026-03-22 19:16:10,WhatsApp,ECE,Hostel,Food Hygiene,meess food qulity in hostel b has deteriorated significantly.,0.36,5,true,true,MESS_FOOD_POISONING_74,0.18,false,43
CMP-FDA95A8B,2026-03-22 22:37:22,WhatsApp,Common,Hostel,Food Hygiene,Found a bug in my salad at the main cafeteria.,0.34,4,false,false,MESS_FOOD_POISONING_207,0.11,false,
CMP-421BA8AC,2026-03-22 23:01:20,Anonymous Report,CSE,Training,Curriculum,Topics outside the official TOC are being taught.,0.11,4,true,false,TRAINING_TOC_MISMATCH_186,0.01,false,
CMP-9B5E28E4,2026-03-22 23:35:26,Form,ME,Hostel,Food Hygiene,Found a bug in my salad at the main cafeteria.,0.13,5,true,true,MESS_FOOD_POISONING_207,0.15,false,20
CMP-ECEAFD1D,2026-03-22 23:43:05,Email,ECE,Hostel,Food Hygiene,I got food poisoning after eating dinner yesterday.,0.18,4,true,true,MESS_FOOD_POISONING_207,0.04,false,20
CMP-74D5571B,2026-03-23 03:28:27,Email,ME,Training,Curriculum,Trainer is rushing through JDBC concepts.,0.25,2,true,false,TRAINING_TOC_MISMATCH_186,0.18,false,
CMP-51301A8C,2026-03-23 04:14:56,WhatsApp,Common,Training,Curriculum,Topics outside the official TOC are being taught.,0.29,2,true,false,TRAINING_TOC_MISMATCH_186,0.06,false,
CMP-D6F7A035,2026-03-23 05:01:48,Email,EEE,Training,Curriculum,The Java trainer skipped scheduled topics.,0.13,2,true,false,TRAINING_TOC_MISMATCH_192,0.07,false,
CMP-6DAFF23A,2026-03-23 05:26:33,WhatsApp,CSE,Training,Curriculum,Trainer is rushing through JDBC concepts.,0.29,2,false,true,TRAINING_TOC_MISMATCH_192,0.26,false,42
CMP-15387339,2026-03-23 06:05:09,Form,ECE,Training,Curriculum,Trainer is rushing through JDBC concepts.,0.1,4,false,false,TRAINING_TOC_MISMATCH_192,0.23,false,
CMP-55556B31,2026-03-23 06:46:02,WhatsApp,EEE,Training,Curriculum,The trainer is not following the announced syllabus.,0.38,4,false,false,TRAINING_TOC_MISMATCH_192,0.26,false,
CMP-EF549BA3,2026-03-23 06:48:12,Email,CSE,Training,Curriculum,Socket programming was introduced unexpectedly.,0.33,4,false,false,TRAINING_TOC_MISMATCH_192,0.28,false,
CMP-8C66A0E9,2026-03-23 09:16:50,WhatsApp,ECE,Training,Curriculum,The trainer is not following the announced syllabus.,0.32,3,true,false,TRAINING_TOC_MISMATCH_186,0.28,true,
CMP-7890A61E,2026-03-23 10:14:42,WhatsApp,CSE,Training,Curriculum,Topics outside the official TOC are being taught.,0.3,3,true,true,TRAINING_TOC_MISMATCH_192,0.22,false,1
CMP-E3D0C785,2026-03-23 11:22:42,WhatsApp,MBA,Training,Curriculum,topics skipped by placement trainer today,0.28,3,false,true,TRAINING_TOC_MISMATCH_186,0.25,false,25
CMP-E742E13F,2026-03-23 13:28:01,Email,MBA,Training,Curriculum,Topics outside the official TOC are being taught.,0.15,4,false,true,TRAINING_TOC_MISMATCH_192,0.15,false,28
CMP-A275B398,2026-03-23 13:42:12,Form,ECE,Training,Curriculum,Trainer is rushing through JDBC concepts.,0.2,2,false,false,TRAINING_TOC_MISMATCH_192,0.16,false,
CMP-915BDDEB,2026-03-23 16:16:04,WhatsApp,CSE,Training,Curriculum,The Java trainer skipped scheduled topics.,0.2,2,false,true,TRAINING_TOC_MISMATCH_192,0.22,false,22
CMP-61E5D471,2026-03-23 16:46:21,WhatsApp,ECE,Training,Curriculum,topics skipped by placement trainer today,0.32,4,false,true,TRAINING_TOC_MISMATCH_192,0.17,false,20
CMP-ABB8AEBF,2026-03-23 18:15:43,App,CE,Training,Curriculum,topics skipped by placement trainer today,0.13,3,false,false,TRAINING_TOC_MISMATCH_192,0.23,false,
CMP-2DEFB725,2026-03-23 21:01:33,WhatsApp,CSE,Training,Curriculum,The Java trainer skipped scheduled topics.,0.19,4,true,true,TRAINING_TOC_MISMATCH_192,0.27,false,31
CMP-6651F031,2026-03-23 23:27:54,WhatsApp,CE,Training,Curriculum,Trainer is rushing through JDBC concepts.,0.14,4,false,true,TRAINING_TOC_MISMATCH_192,0.25,false,45
CMP-093D75F5,2026-03-24 00:20:47,Form,CSE,Transport,Bus Delay,wee re waiting at the stop for 1 hour for the college bus.,0.15,4,false,false,TRANSPORT_BUS_DELAY_171,0.22,true,
CMP-A82E1453,2026-03-24 00:54:59,Form,CSE,Transport,Bus Delay,Bus route 4 is delayed by 45 minutes.,0.32,4,false,false,TRANSPORT_BUS_DELAY_171,0.17,true,
CMP-9E00B477,2026-03-24 01:32:51,WhatsApp,CE,Transport,Bus Delay,"Transport facility is very poor, bus never comes on time.",0.24,4,true,false,TRANSPORT_BUS_DELAY_171,0.08,true,
CMP-59875C0B,2026-03-24 04:08:18,WhatsApp,EEE,Transport,Bus Delay,Bus route 4 is delayed by 45 minutes.,0.33,4,false,false,TRANSPORT_BUS_DELAY_171,0.19,false,
CMP-E75E96D4,2026-03-24 04:36:49,Form,CSE,Infrastructure,Network,librry mee net nahi chal raha kab thik hoga,0.38,3,false,false,WIFI_OUTAGE_LIBRARY_91,0.21,true,
CMP-D75F42DD,2026-03-24 10:20:28,WhatsApp,ECE,Transport,Bus Delay,We are waiting at the stop for 1 hour for the college bus.,0.39,2,false,true,TRANSPORT_BUS_DELAY_171,0.05,false,19
CMP-080BB50F,2026-03-24 12:05:53,Anonymous Report,ECE,Infrastructure,Network,The Wi-Fi in the main library has been down for three days now.,0.12,3,false,true,WIFI_OUTAGE_LIBRARY_91,0.17,false,28
CMP-C4DBE226,2026-03-24 12:40:33,WhatsApp,CE,Infrastructure,Network,The Wi-Fi in the main library has been down for three days now.,0.15,3,true,true,WIFI_OUTAGE_LIBRARY_91,0.21,false,27
CMP-EB4FB7A8,2026-03-24 12:50:36,Email,Common,Infrastructure,Network,library me net nahi chal raha kab thik hoga,0.13,4,true,false,WIFI_OUTAGE_LIBRARY_91,0.18,false,
CMP-9953A681,2026-03-24 16:01:54,WhatsApp,CSE,Transport,Bus Delay,bus 4 fir late ayi,0.2,4,false,true,TRANSPORT_BUS_DELAY_171,0.26,false,42
CMP-D2601081,2026-03-24 17:08:44,WhatsApp,CSE,Transport,Bus Delay,"Transport facility is very poor, bus never comes on time.",0.38,2,false,true,TRANSPORT_BUS_DELAY_171,0.28,false,15
CMP-15E558AD,2026-03-24 20:33:45,WhatsApp,CSE,Infrastructure,Network,The Wi-Fi in the main library has been down for three days now.,0.39,4,false,true,WIFI_OUTAGE_LIBRARY_91,0.17,false,11
CMP-85A32049,2026-03-24 21:03:44,WhatsApp,CE,Infrastructure,Network,library me net nahi chal raha kab thik hoga,0.37,5,false,true,WIFI_OUTAGE_LIBRARY_91,0.22,false,14
CMP-78B1A135,2026-03-24 21:20:20,Email,CE,Transport,Bus Delay,"Transport facility is very poor, bus never comes on time.",0.37,2,false,false,TRANSPORT_BUS_DELAY_171,0.05,true,
CMP-6C9327BC,2026-03-24 22:05:35,Email,CSE,Infrastructure,Network,No internet connection in the library again.,0.31,4,true,false,WIFI_OUTAGE_LIBRARY_91,0.07,false,
CMP-D3E507E3,2026-03-25 01:08:27,Email,ECE,Academic,Exams,2 eexms on the same day is unfair,0.33,5,false,true,EXAM_SCHEDULE_ISSUE_69,0.02,false,19
CMP-7F302C7E,2026-03-25 01:23:36,WhatsApp,ECE,Academic,Exams,2 exams on the same day is unfair,0.36,4,true,false,EXAM_SCHEDULE_ISSUE_69,0.1,false,
CMP-E564F22F,2026-03-25 04:06:45,Form,Common,Transport,Bus Delay,We are waiting at the stop for 1 hour for the college bus.,0.37,3,false,false,TRANSPORT_BUS_DELAY_149,0.1,false,
CMP-35E63C2B,2026-03-25 05:29:23,Email,ECE,Transport,Bus Delay,bus breakdown on highway again,0.24,4,true,true,TRANSPORT_BUS_DELAY_149,0.12,false,23
CMP-7B2073C4,2026-03-25 07:43:04,Email,ME,Academic,Exams,mid sem dates are clashing with technical fest,0.31,5,false,true,EXAM_SCHEDULE_ISSUE_69,0.24,false,46
CMP-F7271510,2026-03-25 08:12:50,WhatsApp,ME,Academic,Exams,Need to reschedule the database systems exam.,0.38,3,true,true,EXAM_SCHEDULE_ISSUE_69,0.17,false,6
CMP-332D22E3,2026-03-25 08:29:29,Email,Common,Transport,Bus Delay,Bus route 4 is delayed by 45 minutes.,0.27,3,true,true,TRANSPORT_BUS_DELAY_171,0.23,false,7
CMP-59334A9E,2026-03-25 08:51:09,Email,ECE,Transport,Bus Delay,bus routee 4 is delyed by 45 minutes.,0.17,2,false,false,TRANSPORT_BUS_DELAY_149,0.16,false,
CMP-57CF66EF,2026-03-25 08:54:37,WhatsApp,CE,Transport,Bus Delay,"Transport facility is very poor, bus never comes on time.",0.19,4,true,true,TRANSPORT_BUS_DELAY_171,0.27,false,6
CMP-35DBCBDF,2026-03-25 09:59:42,Anonymous Report,ME,Placement,Scheduling,HR round postponed without notice,0.2,4,false,false,PLACEMENT_INTERVIEW_CLASH_75,0.15,false,
CMP-B2902675,2026-03-25 10:45:10,Anonymous Report,Common,Transport,Bus Delay,Bus route 4 is delayed by 45 minutes.,0.35,2,false,false,TRANSPORT_BUS_DELAY_149,0.09,false,
CMP-AC85803B,2026-03-25 10:50:25,App,CSE,Transport,Bus Delay,driver of bus 7 is very rude,0.32,4,false,true,TRANSPORT_BUS_DELAY_171,0.3,false,20
CMP-B1D4F471,2026-03-25 11:02:58,WhatsApp,ECE,Placement,Scheduling,Interview slots are overlapping for multiple companies.,0.17,4,true,true,PLACEMENT_INTERVIEW_CLASH_75,0.16,false,14
CMP-8B53F8C2,2026-03-25 11:27:59,Anonymous Report,ECE,Transport,Bus Delay,driver of bus 7 is very rude,0.25,4,false,true,TRANSPORT_BUS_DELAY_149,0.23,false,31
CMP-B77F8E1C,2026-03-25 13:19:44,Form,Common,Transport,Bus Delay,driver of bus 7 is very rude,0.14,4,false,false,TRANSPORT_BUS_DELAY_149,0.15,false,
CMP-CD43B08A,2026-03-25 13:44:01,Email,ME,Transport,Bus Delay,We are waiting at the stop for 1 hour for the college bus.,0.28,2,false,true,TRANSPORT_BUS_DELAY_149,0.06,false,26
CMP-94247B32,2026-03-25 13:48:06,WhatsApp,ME,Transport,Bus Delay,driver of bus 7 is very rude,0.29,2,false,true,TRANSPORT_BUS_DELAY_149,0.08,false,27
CMP-715BAD61,2026-03-25 14:12:10,WhatsApp,CE,Infrastructure,Network,library wifi is completely dead. Please fix it ASAP.,0.36,4,false,true,WIFI_OUTAGE_LIBRARY_91,0.16,true,48
CMP-F71DACEF,2026-03-25 14:49:54,WhatsApp,ME,Academic,Exams,syllabus for exams not declared yet,0.36,5,true,false,EXAM_SCHEDULE_ISSUE_69,0.11,true,
CMP-F3D8B481,2026-03-25 15:28:27,App,ME,Placement,Scheduling,plceement drive and mid sem on same day??,0.11,4,true,true,PLACEMENT_INTERVIEW_CLASH_75,0.04,false,12
CMP-8FA954BA,2026-03-25 15:41:37,WhatsApp,ECE,Infrastructure,Network,No internet connection in the library again.,0.33,5,false,false,WIFI_OUTAGE_LIBRARY_91,0.27,false,
CMP-DA6A04F0,2026-03-25 16:11:32,Form,CSE,Transport,Bus Delay,"Transport facility is very poor, bus never comes on time.",0.3,3,false,false,TRANSPORT_BUS_DELAY_149,0.02,false,
CMP-A2D61183,2026-03-25 16:42:26,WhatsApp,MBA,Academic,Exams,2 exams on the same day is unfair,0.29,3,true,true,EXAM_SCHEDULE_ISSUE_69,0.19,false,14
CMP-92B1C1AA,2026-03-25 16:50:20,Email,ECE,Transport,Bus Delay,bus breakdown on highway again,0.39,3,false,false,TRANSPORT_BUS_DELAY_171,0.19,false,
CMP-D237E1AC,2026-03-25 17:50:36,Anonymous Report,CSE,Academic,Exams,2 exams on the same day is unfair,0.23,4,true,false,EXAM_SCHEDULE_ISSUE_69,0.02,false,
CMP-8D6163B0,2026-03-25 18:08:33,WhatsApp,ECE,Placement,Scheduling,Interview slots are overlapping for multiple companies.,0.3,5,false,true,PLACEMENT_INTERVIEW_CLASH_75,0.22,false,39
CMP-10C5C1CF,2026-03-25 18:22:57,App,ME,Transport,Bus Delay,driver of bus 7 is very rude,0.35,4,false,true,TRANSPORT_BUS_DELAY_149,0.18,false,15
CMP-65E61C32,2026-03-25 18:30:46,Form,ECE,Infrastructure,Network,thee wi-fi in the min library has been down for three days now.,0.22,3,false,false,WIFI_OUTAGE_LIBRARY_91,0.05,false,
CMP-B8E46AEC,2026-03-25 19:22:36,WhatsApp,CSE,Placement,Scheduling,placement cell is not responding to mails,0.29,4,true,true,PLACEMENT_INTERVIEW_CLASH_75,0.11,false,48
CMP-8FE1A9EE,2026-03-25 19:42:58,App,CSE,Transport,Bus Delay,bus breakdown on highway again,0.26,4,false,true,TRANSPORT_BUS_DELAY_171,0.24,false,21
CMP-B81BC96A,2026-03-25 20:58:21,Form,CSE,Infrastructure,Network,library wifi is completely dead. Please fix it ASAP.,0.38,4,true,true,WIFI_OUTAGE_LIBRARY_91,0.21,false,48
CMP-602F8CF2,2026-03-25 21:14:41,WhatsApp,CSE,Transport,Bus Delay,"Transport facility is very poor, bus never comes on time.",0.26,4,false,false,TRANSPORT_BUS_DELAY_171,0.12,true,
CMP-BF976B7C,2026-03-25 21:28:20,Email,CSE,Academic,Exams,2 exams on the same day is unfair,0.13,3,true,true,EXAM_SCHEDULE_ISSUE_69,0.06,false,31
CMP-ED12F93F,2026-03-25 22:05:55,Anonymous Report,CSE,Transport,Bus Delay,bus 4 fir late ayi,0.21,2,true,true,TRANSPORT_BUS_DELAY_171,0.07,false,38
CMP-9FBF384B,2026-03-25 23:42:59,Form,EEE,Transport,Bus Delay,driver of bus 7 is very rude,0.26,4,false,false,TRANSPORT_BUS_DELAY_149,0.05,false,
CMP-0A1070F9,2026-03-26 00:02:15,WhatsApp,ECE,Academic,Attendance,attendance portal is showing wrong data for CS101,0.22,3,false,false,FACULTY_ATTENDANCE_163,0.08,true,
CMP-C9980904,2026-03-26 00:46:46,Email,CSE,Placement,Scheduling,placement cell is not responding to mails,0.31,5,true,true,PLACEMENT_INTERVIEW_CLASH_3,0.06,false,2
CMP-73251F8D,2026-03-26 01:13:19,Anonymous Report,ME,Academic,Attendance,Professor missed the last three lectures without prior notice.,0.16,2,false,false,FACULTY_ATTENDANCE_163,0.06,false,
CMP-98FE5B14,2026-03-26 01:38:39,App,ECE,Administration,Fees,refund not processed yet,0.28,4,true,true,FEE_ISSUE_72,0.0,false,40
CMP-10F65505,2026-03-26 01:39:00,Email,ECE,Training,Curriculum,The trainer is not following the announced syllabus.,0.15,2,true,false,TRAINING_TOC_MISMATCH_191,0.07,false,
CMP-2D2BC5C3,2026-03-26 01:39:47,Form,ME,Administration,Fees,ltee fee was charged wrongly on my account.,0.16,3,false,false,FEE_ISSUE_72,0.02,false,
CMP-17201DD8,2026-03-26 01:46:58,Anonymous Report,CSE,Administration,Fees,extra charges in this semester fee structure?,0.27,4,false,true,FEE_ISSUE_72,0.02,false,6
CMP-1C03B360,2026-03-26 02:04:51,App,ECE,Training,Curriculum,Trainer is rushing through JDBC concepts.,0.34,4,false,false,TRAINING_TOC_MISMATCH_191,0.2,true,
CMP-11A88CDB,2026-03-26 02:30:23,Email,ECE,Training,Curriculum,thee triner is not following the announced syllabus.,0.4,4,true,true,TRAINING_TOC_MISMATCH_191,0.28,false,16
CMP-0B86EE6A,2026-03-26 02:56:58,WhatsApp,CSE,Transport,Bus Delay,wee re waiting at the stop for 1 hour for the college bus.,0.16,4,true,true,TRANSPORT_BUS_DELAY_149,0.21,false,18
CMP-6A748B1F,2026-03-26 03:15:30,Form,CSE,Training,Curriculum,Socket programming was introduced unexpectedly.,0.26,4,false,true,TRAINING_TOC_MISMATCH_191,0.14,false,25
CMP-CA2B4EAE,2026-03-26 04:46:53,WhatsApp,ME,Transport,Bus Delay,driver of bus 7 is very rude,0.14,2,false,true,TRANSPORT_BUS_DELAY_149,0.11,false,42
CMP-0DBCDA0C,2026-03-26 04:54:56,Email,Common,Training,Curriculum,Socket programming was introduced unexpectedly.,0.29,4,false,true,TRAINING_TOC_MISMATCH_191,0.05,false,3
CMP-7AC2D488,2026-03-26 05:57:26,Email,CSE,Training,Curriculum,topics skipped by placement trainer today,0.11,4,false,true,TRAINING_TOC_MISMATCH_191,0.08,false,16
CMP-F10C2741,2026-03-26 06:16:15,App,Common,Placement,Scheduling,TCS interview clashes with my final exam.,0.28,4,true,false,PLACEMENT_INTERVIEW_CLASH_75,0.08,false,
CMP-DEA34FB2,2026-03-26 07:06:06,Email,CSE,Academic,Exams,syllabus for exams not declared yet,0.27,4,true,false,EXAM_SCHEDULE_ISSUE_69,0.11,false,
CMP-E9054865,2026-03-26 07:26:00,App,CSE,Placement,Scheduling,placement drive and mid sem on same day??,0.3,4,true,true,PLACEMENT_INTERVIEW_CLASH_75,0.18,false,35
CMP-163C9073,2026-03-26 08:28:58,Email,CSE,Administration,Fees,Late fee was charged wrongly on my account.,0.13,4,true,true,FEE_ISSUE_72,0.19,false,16
CMP-A82F1D04,2026-03-26 08:31:40,WhatsApp,MBA,Placement,Scheduling,placement cell is not responding to mails,0.18,4,true,false,PLACEMENT_INTERVIEW_CLASH_75,0.24,false,
CMP-9F71C25A,2026-03-26 08:37:56,WhatsApp,ECE,Academic,Attendance,attendance portal is showing wrong data for CS101,0.16,3,false,true,FACULTY_ATTENDANCE_163,0.29,true,14
CMP-F2F6521F,2026-03-26 08:50:33,WhatsApp,MBA,Administration,Fees,Scholarship disbursement is delayed by 2 months.,0.37,3,true,true,FEE_ISSUE_72,0.05,false,5
CMP-7DA532E1,2026-03-26 09:30:55,WhatsApp,CSE,Academic,Exams,mid sem dates are clashing with technical fest,0.26,3,true,true,EXAM_SCHEDULE_ISSUE_69,0.1,false,4
CMP-B9502DA5,2026-03-26 09:34:34,WhatsApp,ECE,Placement,Scheduling,plceement cell is not responding to mails,0.12,5,true,true,PLACEMENT_INTERVIEW_CLASH_75,0.18,false,33
CMP-981850CB,2026-03-26 09:39:26,Form,CSE,Academic,Attendance,my tteendance was marked absent even though i was present.,0.28,3,false,true,FACULTY_ATTENDANCE_163,0.28,false,45
CMP-E3144E03,2026-03-26 10:05:01,WhatsApp,CSE,Placement,Scheduling,Please reschedule the Infosys pre-placement talk.,0.18,4,true,false,PLACEMENT_INTERVIEW_CLASH_75,0.23,true,
CMP-56EAE4DB,2026-03-26 10:55:42,App,CSE,Academic,Exams,The CS101 final exam schedule conflicts with the MA201 exam.,0.22,4,false,false,EXAM_SCHEDULE_ISSUE_69,0.07,false,
CMP-8B8FED93,2026-03-26 11:01:48,WhatsApp,ECE,Placement,Scheduling,Please reschedule the Infosys pre-placement talk.,0.2,5,true,true,PLACEMENT_INTERVIEW_CLASH_3,0.04,false,15
CMP-AA805EE7,2026-03-26 11:35:59,WhatsApp,CSE,Training,Curriculum,Trainer is rushing through JDBC concepts.,0.4,4,true,true,TRAINING_TOC_MISMATCH_191,0.18,false,35
CMP-CEBCD72B,2026-03-26 11:36:31,Anonymous Report,CSE,Transport,Bus Delay,Bus route 4 is delayed by 45 minutes.,0.25,3,false,false,TRANSPORT_BUS_DELAY_149,0.21,false,
CMP-CBBFA1D2,2026-03-26 11:59:30,WhatsApp,ECE,Transport,Bus Delay,bus breakdown on highway again,0.32,4,false,true,TRANSPORT_BUS_DELAY_149,0.17,false,28
CMP-F495015F,2026-03-26 12:27:25,Form,ECE,Placement,Scheduling,Please reschedule the Infosys pre-placement talk.,0.33,4,true,false,PLACEMENT_INTERVIEW_CLASH_3,0.2,false,
CMP-0B7E4781,2026-03-26 12:28:03,Form,Common,Administration,Fees,Late fee was charged wrongly on my account.,0.36,3,true,true,FEE_ISSUE_72,0.25,false,35
CMP-28744C0C,2026-03-26 12:59:25,Form,ME,Academic,Attendance,attendance portal is showing wrong data for CS101,0.26,2,false,false,FACULTY_ATTENDANCE_163,0.25,true,
CMP-6D10B038,2026-03-26 14:04:10,WhatsApp,CSE,Transport,Bus Delay,Bus route 4 is delayed by 45 minutes.,0.37,2,false,false,TRANSPORT_BUS_DELAY_149,0.23,false,
CMP-8C2272B9,2026-03-26 14:11:27,WhatsApp,Common,Placement,Scheduling,Please reschedule the Infosys pre-placement talk.,0.21,5,false,false,PLACEMENT_INTERVIEW_CLASH_75,0.05,false,
CMP-337DA460,2026-03-26 14:44:05,WhatsApp,ECE,Academic,Attendance,attendance portal is showing wrong data for CS101,0.24,2,false,true,FACULTY_ATTENDANCE_163,0.26,true,45
CMP-027498E7,2026-03-26 14:54:08,WhatsApp,CSE,Training,Curriculum,Trainer is rushing through JDBC concepts.,0.25,4,false,false,TRAINING_TOC_MISMATCH_191,0.2,false,
CMP-B897C0E0,2026-03-26 15:07:48,Anonymous Report,CE,Academic,Attendance,teecher not coming but taking attendance online??,0.11,3,true,true,FACULTY_ATTENDANCE_163,0.18,false,13
CMP-666A2B11,2026-03-26 16:06:41,Email,CSE,Training,Curriculum,Topics outside the official TOC are being taught.,0.36,3,false,false,TRAINING_TOC_MISMATCH_191,0.02,false,
CMP-9897AB49,2026-03-26 16:20:23,WhatsApp,CE,Academic,Exams,mid sem dates are clashing with technical fest,0.22,3,true,true,EXAM_SCHEDULE_ISSUE_69,0.05,false,10
CMP-B4162BC4,2026-03-26 18:03:46,App,ECE,Administration,Fees,Scholarship disbursement is delayed by 2 months.,0.14,4,true,false,FEE_ISSUE_72,0.04,false,
CMP-D0552941,2026-03-26 18:15:22,Form,ECE,Administration,Fees,refund not processed yet,0.17,3,false,false,FEE_ISSUE_72,0.26,false,
CMP-E1CBA57A,2026-03-26 19:20:33,Email,Common,Academic,Exams,mid seem dtes are clashing with technical fest,0.29,3,false,true,EXAM_SCHEDULE_ISSUE_69,0.25,false,19
CMP-F2034297,2026-03-26 19:32:53,Form,CSE,Placement,Scheduling,Interview slots are overlapping for multiple companies.,0.28,5,true,false,PLACEMENT_INTERVIEW_CLASH_75,0.19,true,
CMP-56AD94B1,2026-03-26 19:43:40,WhatsApp,ECE,Administration,Fees,Late fee was charged wrongly on my account.,0.37,4,true,true,FEE_ISSUE_72,0.16,false,32
CMP-7E0D26A7,2026-03-26 19:47:58,WhatsApp,MBA,Placement,Scheduling,Interview slots are overlapping for multiple companies.,0.2,4,true,false,PLACEMENT_INTERVIEW_CLASH_75,0.16,false,
CMP-A0033C90,2026-03-26 19:56:44,WhatsApp,CE,Administration,Fees,ltee fee was charged wrongly on my account.,0.27,4,false,true,FEE_ISSUE_72,0.3,false,5
CMP-45E48841,2026-03-26 20:09:39,WhatsApp,ECE,Administration,Fees,"fee portal is down, last date tomorrow",0.27,4,false,true,FEE_ISSUE_72,0.13,true,37
CMP-22D1A15E,2026-03-26 20:10:44,Email,ME,Training,Curriculum,The Java trainer skipped scheduled topics.,0.33,4,true,false,TRAINING_TOC_MISMATCH_191,0.24,false,
CMP-ACD9BAF2,2026-03-26 20:49:18,App,CSE,Placement,Scheduling,Please reschedule the Infosys pre-placement talk.,0.12,4,true,true,PLACEMENT_INTERVIEW_CLASH_3,0.13,false,2
CMP-D5D0A453,2026-03-26 21:07:28,App,ECE,Academic,Exams,syllbus for eexams not declared yet,0.28,4,true,true,EXAM_SCHEDULE_ISSUE_69,0.02,true,33
CMP-8C1FDB92,2026-03-26 21:09:47,Email,ME,Placement,Scheduling,Please reschedule the Infosys pre-placement talk.,0.26,4,true,false,PLACEMENT_INTERVIEW_CLASH_3,0.17,true,
CMP-468020FB,2026-03-26 21:32:13,Form,CSE,Academic,Attendance,My attendance was marked absent even though I was present.,0.27,3,false,false,FACULTY_ATTENDANCE_163,0.13,true,
CMP-EE4C142F,2026-03-26 22:08:42,WhatsApp,ME,Administration,Fees,Scholarship disbursement is delayed by 2 months.,0.36,3,false,false,FEE_ISSUE_72,0.11,false,
CMP-BCBCBD63,2026-03-26 22:37:19,Form,Common,Transport,Bus Delay,We are waiting at the stop for 1 hour for the college bus.,0.3,3,false,false,TRANSPORT_BUS_DELAY_149,0.15,false,
CMP-83DC59E4,2026-03-26 23:11:26,WhatsApp,ECE,Training,Curriculum,Topics outside the official TOC are being taught.,0.17,4,false,false,TRAINING_TOC_MISMATCH_191,0.18,true,
CMP-3A4FE5FE,2026-03-26 23:50:12,Email,CSE,Placement,Scheduling,HR round postponed without notice,0.24,5,true,true,PLACEMENT_INTERVIEW_CLASH_3,0.06,false,15
CMP-F066E4B5,2026-03-26 23:52:37,WhatsApp,CSE,Administration,Fees,"fee portal is down, last date tomorrow",0.15,3,false,false,FEE_ISSUE_72,0.2,false,
CMP-9E7E4AA0,2026-03-26 23:53:25,Anonymous Report,CSE,Transport,Bus Delay,We are waiting at the stop for 1 hour for the college bus.,0.2,2,false,true,TRANSPORT_BUS_DELAY_149,0.03,false,10
CMP-259BF466,2026-03-26 23:54:22,App,EEE,Academic,Exams,Need to reschedule the database systems exam.,0.15,4,true,true,EXAM_SCHEDULE_ISSUE_69,0.23,false,32
CMP-7CE6BDC8,2026-03-27 00:12:26,WhatsApp,EEE,Placement,Scheduling,Interview slots are overlapping for multiple companies.,0.15,5,true,false,PLACEMENT_INTERVIEW_CLASH_96,0.13,false,
CMP-DC320B6B,2026-03-27 02:54:21,WhatsApp,ME,Placement,Scheduling,TCS interview clashes with my final exam.,0.23,5,true,true,PLACEMENT_INTERVIEW_CLASH_96,0.05,false,39
CMP-2C67D379,2026-03-27 03:13:03,Email,CSE,Placement,Scheduling,placement cell is not responding to mails,0.32,4,false,true,PLACEMENT_INTERVIEW_CLASH_96,0.07,true,4
CMP-85373714,2026-03-27 03:36:52,WhatsApp,CSE,Placement,Scheduling,placement drive and mid sem on same day??,0.14,5,true,false,PLACEMENT_INTERVIEW_CLASH_3,0.06,false,
CMP-9EB28953,2026-03-27 03:59:20,App,ECE,Placement,Scheduling,Interview slots are overlapping for multiple companies.,0.27,4,true,false,PLACEMENT_INTERVIEW_CLASH_3,0.25,false,
CMP-C94D177E,2026-03-27 04:16:34,WhatsApp,ME,Academic,Attendance,Prof hasn't shown up for classes this whole week.,0.33,2,false,true,FACULTY_ATTENDANCE_163,0.26,false,4
CMP-F7E0A0D7,2026-03-27 04:56:51,WhatsApp,CSE,Hostel,Food Hygiene,mess food is unhygienic and causing health issues,0.34,5,true,true,MESS_FOOD_POISONING_125,0.22,false,3
CMP-6BB1975D,2026-03-27 08:22:11,WhatsApp,CE,Academic,Attendance,My attendance was marked absent even though I was present.,0.32,2,false,false,FACULTY_ATTENDANCE_163,0.29,false,
CMP-EBAEA74C,2026-03-27 08:53:33,WhatsApp,Common,Placement,Scheduling,HR round postponed without notice,0.29,5,true,false,PLACEMENT_INTERVIEW_CLASH_3,0.09,false,
CMP-8444034D,2026-03-27 09:27:11,WhatsApp,ME,Placement,Scheduling,placement cell is not responding to mails,0.16,4,false,true,PLACEMENT_INTERVIEW_CLASH_96,0.21,false,46
CMP-D55AB741,2026-03-27 09:41:56,WhatsApp,ECE,Administration,Fees,eextr charges in this semester fee structure?,0.24,3,false,true,FEE_ISSUE_72,0.24,true,38
CMP-1924C047,2026-03-27 10:32:19,Email,CSE,Academic,Attendance,My attendance was marked absent even though I was present.,0.36,2,false,true,FACULTY_ATTENDANCE_163,0.16,false,19
CMP-F9A828D6,2026-03-27 11:32:35,WhatsApp,EEE,Hostel,Food Hygiene,Food quality in the mess has degraded significantly.,0.28,5,true,false,MESS_FOOD_POISONING_125,0.18,false,
CMP-8AEF529A,2026-03-27 11:37:37,App,Common,Administration,Fees,refund not processed yet,0.13,4,false,true,FEE_ISSUE_72,0.13,false,24
CMP-077E5A38,2026-03-27 11:48:38,Anonymous Report,ECE,Administration,Fees,Late fee was charged wrongly on my account.,0.26,3,true,true,FEE_ISSUE_72,0.08,false,38
CMP-332C697A,2026-03-27 12:00:09,Email,ECE,Placement,Scheduling,plceement cell is not responding to mails,0.24,4,true,true,PLACEMENT_INTERVIEW_CLASH_3,0.16,false,4
CMP-09B95C42,2026-03-27 12:10:18,WhatsApp,ME,Administration,Fees,"fee portal is down, last date tomorrow",0.35,4,false,false,FEE_ISSUE_72,0.26,false,
CMP-D7FA50E6,2026-03-27 12:12:05,Form,ECE,Administration,Fees,refund not processed yet,0.33,3,true,true,FEE_ISSUE_72,0.07,false,36
CMP-636A7440,2026-03-27 12:45:07,Email,MBA,Placement,Scheduling,placement drive and mid sem on same day??,0.4,4,true,true,PLACEMENT_INTERVIEW_CLASH_96,0.07,true,7
CMP-F7DCED36,2026-03-27 14:19:12,WhatsApp,ECE,Academic,Attendance,My attendance was marked absent even though I was present.,0.18,2,false,false,FACULTY_ATTENDANCE_163,0.26,false,
CMP-CC15DF88,2026-03-27 14:57:26,Form,Common,Academic,Attendance,attendance portal is showing wrong data for CS101,0.4,3,false,false,FACULTY_ATTENDANCE_163,0.16,false,
CMP-6AE69B47,2026-03-27 15:38:47,WhatsApp,EEE,Training,Curriculum,topics skipped by placement trainer today,0.26,3,true,true,TRAINING_TOC_MISMATCH_191,0.24,false,40
CMP-A9D4CE2C,2026-03-27 16:06:50,Email,Common,Placement,Scheduling,Please reschedule the Infosys pre-placement talk.,0.26,5,false,true,PLACEMENT_INTERVIEW_CLASH_96,0.16,false,40
CMP-7D930857,2026-03-27 16:08:26,Form,CSE,Academic,Attendance,teacher not coming but taking attendance online??,0.17,2,false,true,FACULTY_ATTENDANCE_163,0.17,false,47
CMP-975FC944,2026-03-27 19:10:40,WhatsApp,ECE,Placement,Scheduling,HR round postponed without notice,0.2,4,true,true,PLACEMENT_INTERVIEW_CLASH_96,0.05,true,40
CMP-00488B9F,2026-03-27 19:30:24,WhatsApp,Common,Academic,Attendance,Faculty attendance policy bahut unfair hai.,0.18,2,false,true,FACULTY_ATTENDANCE_163,0.15,false,19
CMP-15EAF968,2026-03-27 19:36:44,Email,ECE,Placement,Scheduling,Interview slots are overlapping for multiple companies.,0.26,5,true,true,PLACEMENT_INTERVIEW_CLASH_3,0.13,false,27
CMP-565C9873,2026-03-27 19:39:26,WhatsApp,CSE,Placement,Scheduling,placement drive and mid sem on same day??,0.36,5,true,true,PLACEMENT_INTERVIEW_CLASH_96,0.01,true,6
CMP-78E9787E,2026-03-27 20:25:45,Form,CE,Training,Curriculum,topics skipped by placement trainer today,0.23,3,false,true,TRAINING_TOC_MISMATCH_191,0.06,false,31
CMP-2651D130,2026-03-27 21:49:00,WhatsApp,CSE,Training,Curriculum,Trainer is rushing through JDBC concepts.,0.31,4,false,false,TRAINING_TOC_MISMATCH_191,0.18,false,
CMP-3BCC0E1F,2026-03-27 22:36:31,Form,CSE,Placement,Scheduling,placement cell is not responding to mails,0.22,5,true,false,PLACEMENT_INTERVIEW_CLASH_3,0.25,false,
CMP-2B32B88A,2026-03-27 23:01:38,Anonymous Report,Common,Placement,Scheduling,Please reschedule the Infosys pre-placement talk.,0.38,4,false,true,PLACEMENT_INTERVIEW_CLASH_3,0.02,true,17
CMP-CDD7F2FF,2026-03-27 23:14:51,Email,ME,Placement,Scheduling,Please reschedule the Infosys pre-placement talk.,0.2,5,true,true,PLACEMENT_INTERVIEW_CLASH_3,0.03,false,3
CMP-DE0E1BAF,2026-03-27 23:15:20,Form,ME,Administration,Fees,refund not processed yet,0.33,4,true,true,FEE_ISSUE_72,0.05,false,4
CMP-E7290D30,2026-03-27 23:21:24,Email,ME,Placement,Scheduling,hr round postponeed without notice,0.3,5,true,false,PLACEMENT_INTERVIEW_CLASH_3,0.2,false,
CMP-8E483FAB,2026-03-28 00:06:52,Form,CSE,Placement,Scheduling,plceement cell is not responding to mails,0.28,5,true,true,PLACEMENT_INTERVIEW_CLASH_96,0.11,false,25
CMP-A1AEF0BD,2026-03-28 00:21:25,WhatsApp,ECE,Hostel,Water,plumber not fixing the leaking tap in room 204,0.27,3,false,true,HOSTEL_WATER_ISSUE_167,0.15,false,14
CMP-FFEBEF4A,2026-03-28 00:39:10,WhatsApp,ECE,Hostel,Food Hygiene,"meess k khana bahut kharab hai, log beemar pad rahe hain",0.29,4,true,false,MESS_FOOD_POISONING_125,0.24,true,
CMP-B47D32B6,2026-03-28 01:06:01,App,CSE,Hostel,Food Hygiene,I got food poisoning after eating dinner yesterday.,0.23,5,false,false,MESS_FOOD_POISONING_125,0.0,true,
CMP-77CBE5F7,2026-03-28 01:13:57,Form,ME,Hostel,Water,There is no hot water in Block B hostels since yesterday.,0.24,4,false,false,HOSTEL_WATER_ISSUE_167,0.15,false,
CMP-A695B68B,2026-03-28 01:41:12,Anonymous Report,ECE,Hostel,Food Hygiene,Food quality in the mess has degraded significantly.,0.35,4,true,false,MESS_FOOD_POISONING_125,0.06,false,
CMP-FE40F916,2026-03-28 01:57:55,WhatsApp,CSE,Hostel,Water,"Block B geysers are not working, we need hot water.",0.39,3,false,false,HOSTEL_WATER_ISSUE_167,0.16,true,
CMP-E1669A11,2026-03-28 02:21:16,WhatsApp,ECE,Academic,Attendance,attendance issue in DBMS class,0.19,3,false,false,FACULTY_ATTENDANCE_223,0.07,false,
CMP-0EE8B2BD,2026-03-28 02:24:28,Form,ME,Hostel,Water,water cooler in Block C is dispensing dirty water.,0.25,3,false,false,HOSTEL_WATER_ISSUE_167,0.29,false,
CMP-CCF22077,2026-03-28 02:42:26,Form,CSE,Hostel,Water,pani nahi aa raha subah see,0.38,4,true,true,HOSTEL_WATER_ISSUE_167,0.0,false,6
CMP-DDDAA777,2026-03-28 02:46:56,Form,EEE,Academic,Attendance,teacher not coming but taking attendance online??,0.25,3,true,true,FACULTY_ATTENDANCE_223,0.11,false,29
CMP-C1DC5CC3,2026-03-28 02:56:50,Email,CSE,Academic,Attendance,My attendance was marked absent even though I was present.,0.22,2,false,false,FACULTY_ATTENDANCE_223,0.28,false,
CMP-B16576D3,2026-03-28 03:08:20,Email,CSE,Placement,Scheduling,placement drive and mid sem on same day??,0.34,5,true,false,PLACEMENT_INTERVIEW_CLASH_96,0.14,true,
CMP-4612A279,2026-03-28 03:09:28,WhatsApp,CSE,Hostel,Water,paani nahi aa raha subah se,0.3,4,false,true,HOSTEL_WATER_ISSUE_2,0.05,false,3
CMP-C41CA708,2026-03-28 03:20:25,Email,CSE,Placement,Scheduling,placement drive and mid sem on same day??,0.27,5,true,true,PLACEMENT_INTERVIEW_CLASH_96,0.06,false,37
CMP-C5149453,2026-03-28 03:34:30,Form,CSE,Hostel,Food Hygiene,Food quality in the mess has degraded significantly.,0.18,5,true,false,MESS_FOOD_POISONING_125,0.17,false,
CMP-9B91C5AF,2026-03-28 03:47:50,Email,ECE,Academic,Attendance,teacher not coming but taking attendance online??,0.14,2,false,false,FACULTY_ATTENDANCE_223,0.18,true,
CMP-4CF697AE,2026-03-28 04:59:15,Form,CSE,Hostel,Water,paani nahi aa raha subah se,0.16,3,false,true,HOSTEL_WATER_ISSUE_2,0.22,false,34
CMP-425EA0B3,2026-03-28 05:05:00,Form,CSE,Infrastructure,Network,thee wi-fi in the min library has been down for three days now.,0.38,3,false,true,WIFI_OUTAGE_LIBRARY_27,0.25,true,30
CMP-E65B3A1C,2026-03-28 05:27:02,Email,ECE,Academic,Attendance,teacher not coming but taking attendance online??,0.38,2,false,true,FACULTY_ATTENDANCE_223,0.01,false,33
CMP-735CAE36,2026-03-28 06:03:40,Email,Common,Hostel,Food Hygiene,I got food poisoning after eating dinner yesterday.,0.16,5,false,true,MESS_FOOD_POISONING_125,0.27,false,24
CMP-1368365A,2026-03-28 06:11:55,App,CSE,Placement,Scheduling,HR round postponed without notice,0.32,5,true,true,PLACEMENT_INTERVIEW_CLASH_96,0.1,false,15
CMP-04AAB78E,2026-03-28 06:53:42,Anonymous Report,Common,Academic,Exams,syllabus for exams not declared yet,0.2,5,false,true,EXAM_SCHEDULE_ISSUE_225,0.11,false,12
CMP-E7610A18,2026-03-28 07:22:07,Form,CSE,Academic,Attendance,my tteendance was marked absent even though i was present.,0.2,3,true,false,FACULTY_ATTENDANCE_223,0.26,false,
CMP-998D1A15,2026-03-28 08:38:37,App,ME,Academic,Exams,The CS101 final exam schedule conflicts with the MA201 exam.,0.1,5,true,true,EXAM_SCHEDULE_ISSUE_225,0.14,false,7
CMP-047D6D94,2026-03-28 08:44:56,Form,MBA,Academic,Attendance,attendance issue in DBMS class,0.36,3,false,true,FACULTY_ATTENDANCE_223,0.1,false,13
CMP-965584FD,2026-03-28 11:00:21,Anonymous Report,EEE,Placement,Scheduling,Interview slots are overlapping for multiple companies.,0.29,5,false,true,PLACEMENT_INTERVIEW_CLASH_96,0.22,false,14
CMP-578838CB,2026-03-28 11:16:54,WhatsApp,CSE,Hostel,Water,There is no hot water in Block B hostels since yesterday.,0.32,4,false,false,HOSTEL_WATER_ISSUE_2,0.21,false,
CMP-65A91ADE,2026-03-28 11:29:26,Anonymous Report,CSE,Hostel,Food Hygiene,food qulity in thee mess has degraded significantly.,0.24,5,true,true,MESS_FOOD_POISONING_125,0.18,false,19
CMP-E7785913,2026-03-28 11:54:59,Email,CSE,Academic,Exams,mid seem dtes are clashing with technical fest,0.15,5,false,false,EXAM_SCHEDULE_ISSUE_225,0.06,false,
CMP-769F2437,2026-03-28 11:56:08,Anonymous Report,CSE,Academic,Attendance,Prof hasn't shown up for classes this whole week.,0.25,2,false,true,FACULTY_ATTENDANCE_223,0.14,false,23
CMP-5C66C951,2026-03-28 13:35:57,Form,CSE,Infrastructure,Network,librry neetwork outage since morning,0.23,3,false,true,WIFI_OUTAGE_LIBRARY_27,0.15,false,4
CMP-FF99DA00,2026-03-28 14:28:45,Form,CSE,Academic,Exams,syllabus for exams not declared yet,0.25,5,false,true,EXAM_SCHEDULE_ISSUE_225,0.03,true,42
CMP-F43A3EC4,2026-03-28 14:35:45,Email,ME,Academic,Attendance,Prof hasn't shown up for classes this whole week.,0.29,3,false,false,FACULTY_ATTENDANCE_223,0.02,true,
CMP-90E845A6,2026-03-28 14:37:38,WhatsApp,ECE,Hostel,Food Hygiene,Mess food quality in hostel B has deteriorated significantly.,0.26,5,true,false,MESS_FOOD_POISONING_125,0.03,false,
CMP-F7280767,2026-03-28 15:02:11,Email,ME,Hostel,Water,water cooler in Block C is dispensing dirty water.,0.28,4,false,false,HOSTEL_WATER_ISSUE_167,0.07,true,
CMP-E4710512,2026-03-28 15:23:24,Anonymous Report,CSE,Placement,Scheduling,Interview slots are overlapping for multiple companies.,0.28,4,false,false,PLACEMENT_INTERVIEW_CLASH_96,0.1,false,
CMP-F0791D6B,2026-03-28 17:26:16,Email,ECE,Placement,Scheduling,Interview slots are overlapping for multiple companies.,0.29,5,true,true,PLACEMENT_INTERVIEW_CLASH_96,0.24,false,5
CMP-A4EDFC19,2026-03-28 17:40:35,WhatsApp,ECE,Placement,Scheduling,placement cell is not responding to mails,0.15,4,true,true,PLACEMENT_INTERVIEW_CLASH_96,0.1,false,6
CMP-EA7A817B,2026-03-28 17:41:01,Email,ECE,Hostel,Water,"block b geeysers re not working, we need hot water.",0.38,4,false,true,HOSTEL_WATER_ISSUE_2,0.13,false,25
CMP-76F7EA66,2026-03-28 17:54:31,Email,CSE,Hostel,Water,There is no hot water in Block B hostels since yesterday.,0.35,4,false,true,HOSTEL_WATER_ISSUE_2,0.21,true,24
CMP-B6289F36,2026-03-28 18:17:29,Form,ECE,Hostel,Food Hygiene,"mess ka khana bahut kharab hai, log beemar pad rahe hain",0.16,4,true,false,MESS_FOOD_POISONING_125,0.07,false,
CMP-9330B8E1,2026-03-28 19:23:26,Form,CE,Hostel,Water,"Block B geysers are not working, we need hot water.",0.24,4,false,true,HOSTEL_WATER_ISSUE_2,0.25,false,45
CMP-20273F18,2026-03-28 19:44:34,Email,ME,Hostel,Water,theere is no hot wter in block b hostels since yesterday.,0.29,3,false,true,HOSTEL_WATER_ISSUE_2,0.16,true,16
CMP-626B3389,2026-03-28 20:17:29,Email,CSE,Placement,Scheduling,TCS interview clashes with my final exam.,0.33,5,true,true,PLACEMENT_INTERVIEW_CLASH_96,0.02,false,30
CMP-D2EBC595,2026-03-28 21:03:49,Email,Common,Hostel,Food Hygiene,Mess food quality in hostel B has deteriorated significantly.,0.37,5,true,true,MESS_FOOD_POISONING_125,0.1,true,19
CMP-3BE6B044,2026-03-28 21:26:01,Form,CE,Hostel,Water,plumber not fixing the leaking tap in room 204,0.15,3,true,true,HOSTEL_WATER_ISSUE_167,0.04,false,26
CMP-F61CC126,2026-03-28 21:46:39,Anonymous Report,MBA,Placement,Scheduling,plceement drive and mid sem on same day??,0.15,5,false,true,PLACEMENT_INTERVIEW_CLASH_96,0.25,false,1
CMP-8F66BB56,2026-03-28 21:56:23,Email,ME,Academic,Exams,"eexm schedule is too tight, no prep leaves",0.14,4,false,true,EXAM_SCHEDULE_ISSUE_225,0.26,false,6
CMP-6F046B5E,2026-03-28 22:22:32,Email,CE,Academic,Exams,mid sem dates are clashing with technical fest,0.15,3,false,false,EXAM_SCHEDULE_ISSUE_225,0.07,true,
CMP-18258750,2026-03-28 23:31:34,Email,CSE,Hostel,Water,no drinking water on 3rd floor,0.15,4,false,false,HOSTEL_WATER_ISSUE_2,0.26,false,
CMP-04841DF5,2026-03-28 23:39:20,Email,ECE,Academic,Exams,The CS101 final exam schedule conflicts with the MA201 exam.,0.33,4,false,true,EXAM_SCHEDULE_ISSUE_225,0.29,false,6
CMP-94B7938A,2026-03-28 23:41:30,WhatsApp,CSE,Hostel,Water,no drinking water on 3rd floor,0.2,4,false,true,HOSTEL_WATER_ISSUE_2,0.16,false,19
CMP-036DEFCE,2026-03-28 23:54:52,Anonymous Report,CSE,Hostel,Water,water cooler in Block C is dispensing dirty water.,0.12,4,false,true,HOSTEL_WATER_ISSUE_167,0.06,false,27
CMP-1187AD64,2026-03-29 01:08:41,Email,EEE,Academic,Exams,Need to reschedule the database systems exam.,0.38,5,true,true,EXAM_SCHEDULE_ISSUE_225,0.08,true,46
CMP-7C9C6670,2026-03-29 01:11:13,WhatsApp,ECE,Infrastructure,Network,wifi firsee gya 😭 library me,0.26,3,true,false,WIFI_OUTAGE_LIBRARY_114,0.2,true,
CMP-A4D6662E,2026-03-29 01:12:46,WhatsApp,Common,Hostel,Water,"Block B geysers are not working, we need hot water.",0.22,4,false,false,HOSTEL_WATER_ISSUE_167,0.02,true,
CMP-C469CDF9,2026-03-29 02:28:44,App,ECE,Hostel,Water,"Block B geysers are not working, we need hot water.",0.21,3,false,false,HOSTEL_WATER_ISSUE_2,0.15,false,
CMP-7B8C03E8,2026-03-29 02:30:56,Form,ME,Academic,Attendance,attendance portal is showing wrong data for CS101,0.11,2,false,false,FACULTY_ATTENDANCE_223,0.07,false,
CMP-BDE6464C,2026-03-29 03:32:13,Anonymous Report,ME,Placement,Scheduling,TCS interview clashes with my final exam.,0.14,4,true,false,PLACEMENT_INTERVIEW_CLASH_141,0.18,false,
CMP-65DB4C52,2026-03-29 03:50:56,Anonymous Report,ECE,Academic,Exams,The CS101 final exam schedule conflicts with the MA201 exam.,0.22,5,true,true,EXAM_SCHEDULE_ISSUE_225,0.12,false,48
CMP-5372C6EF,2026-03-29 05:08:13,Form,CSE,Infrastructure,Network,library network outage since morning,0.29,5,false,true,WIFI_OUTAGE_LIBRARY_114,0.03,true,21
CMP-8C2A1ECA,2026-03-29 05:21:11,Form,CSE,Hostel,Water,"Block B geysers are not working, we need hot water.",0.3,4,false,false,HOSTEL_WATER_ISSUE_167,0.16,true,
CMP-F2045F5A,2026-03-29 05:45:38,WhatsApp,ECE,Academic,Attendance,Faculty attendance policy bahut unfair hai.,0.25,2,false,false,FACULTY_ATTENDANCE_223,0.0,true,
CMP-F062522B,2026-03-29 07:17:44,Form,CE,Infrastructure,Network,wifi firse gaya 😭 library me,0.24,3,false,true,WIFI_OUTAGE_LIBRARY_114,0.07,false,25
CMP-6B8CBF0B,2026-03-29 07:21:12,WhatsApp,Common,Infrastructure,Network,library network outage since morning,0.38,3,false,true,WIFI_OUTAGE_LIBRARY_27,0.08,false,30
CMP-1925269D,2026-03-29 08:22:29,WhatsApp,EEE,Hostel,Water,There is no hot water in Block B hostels since yesterday.,0.32,4,false,false,HOSTEL_WATER_ISSUE_167,0.22,true,
CMP-0A0792CF,2026-03-29 08:41:47,Email,CSE,Hostel,Water,"Block B geysers are not working, we need hot water.",0.19,4,false,false,HOSTEL_WATER_ISSUE_167,0.13,false,
CMP-BF080084,2026-03-29 09:12:39,Form,MBA,Placement,Scheduling,placement drive and mid sem on same day??,0.12,5,true,false,PLACEMENT_INTERVIEW_CLASH_141,0.15,false,
CMP-307A8879,2026-03-29 09:17:56,WhatsApp,Common,Hostel,Water,plumber not fixing the leaking tap in room 204,0.2,4,false,true,HOSTEL_WATER_ISSUE_2,0.15,true,41
CMP-CF3C970C,2026-03-29 09:19:44,Email,MBA,Infrastructure,Network,library me net nahi chal raha kab thik hoga,0.21,5,false,true,WIFI_OUTAGE_LIBRARY_114,0.06,true,19
CMP-0E0E7A1F,2026-03-29 09:25:30,WhatsApp,CSE,Infrastructure,Network,library network outage since morning,0.12,5,true,true,WIFI_OUTAGE_LIBRARY_27,0.1,false,19
CMP-5C6DA442,2026-03-29 09:37:53,WhatsApp,CSE,Infrastructure,Network,library network outage since morning,0.37,5,true,false,WIFI_OUTAGE_LIBRARY_27,0.17,false,
CMP-F2DA06A1,2026-03-29 09:50:34,Form,Common,Academic,Exams,2 exams on the same day is unfair,0.23,4,false,true,EXAM_SCHEDULE_ISSUE_225,0.14,true,18
CMP-AACBD2A8,2026-03-29 10:02:44,Anonymous Report,ECE,Academic,Exams,The CS101 final exam schedule conflicts with the MA201 exam.,0.11,3,false,true,EXAM_SCHEDULE_ISSUE_225,0.13,false,22
CMP-34080955,2026-03-29 10:36:23,Email,CSE,Academic,Attendance,attendance portal is showing wrong data for CS101,0.18,2,false,true,FACULTY_ATTENDANCE_223,0.26,true,47
CMP-9E4C5FF0,2026-03-29 10:49:39,WhatsApp,ECE,Academic,Attendance,Professor missed the last three lectures without prior notice.,0.38,3,false,true,FACULTY_ATTENDANCE_223,0.09,false,8
CMP-1116828D,2026-03-29 11:00:02,WhatsApp,CSE,Academic,Attendance,Faculty attendance policy bahut unfair hai.,0.3,2,false,true,FACULTY_ATTENDANCE_223,0.14,false,7
CMP-02A87FFC,2026-03-29 11:21:15,Form,CSE,Academic,Attendance,Professor missed the last three lectures without prior notice.,0.37,3,false,true,FACULTY_ATTENDANCE_223,0.07,false,48
CMP-4524F12C,2026-03-29 12:04:42,App,EEE,Infrastructure,Network,unblee to access internet in library,0.29,5,true,true,WIFI_OUTAGE_LIBRARY_27,0.22,false,41
CMP-B6F03204,2026-03-29 13:09:01,WhatsApp,CSE,Infrastructure,Network,library me net nahi chal raha kab thik hoga,0.39,5,true,false,WIFI_OUTAGE_LIBRARY_27,0.17,false,
CMP-1CFB460D,2026-03-29 13:15:43,WhatsApp,MBA,Academic,Exams,"exam schedule is too tight, no prep leaves",0.27,3,false,true,EXAM_SCHEDULE_ISSUE_225,0.03,false,28
CMP-33E5A15A,2026-03-29 13:36:59,Email,ECE,Infrastructure,Network,library wifi is completely dead. Please fix it ASAP.,0.15,4,true,false,WIFI_OUTAGE_LIBRARY_114,0.13,false,
CMP-05D1F0BA,2026-03-29 13:45:53,WhatsApp,Common,Infrastructure,Network,No internet connection in the library again.,0.37,3,false,false,WIFI_OUTAGE_LIBRARY_27,0.16,false,
CMP-69E3B6FD,2026-03-29 14:06:38,Email,Common,Infrastructure,Network,The Wi-Fi in the main library has been down for three days now.,0.28,5,false,false,WIFI_OUTAGE_LIBRARY_27,0.21,false,
CMP-A86C21C2,2026-03-29 14:18:43,WhatsApp,CSE,Infrastructure,Network,No internet connection in the library again.,0.39,5,true,false,WIFI_OUTAGE_LIBRARY_27,0.23,false,
CMP-BCDD49DB,2026-03-29 14:21:15,WhatsApp,ECE,Infrastructure,Network,The Wi-Fi in the main library has been down for three days now.,0.39,5,false,true,WIFI_OUTAGE_LIBRARY_114,0.27,false,21
CMP-5B00BBCF,2026-03-29 14:47:16,Anonymous Report,CSE,Academic,Attendance,teecher not coming but taking attendance online??,0.27,2,false,false,FACULTY_ATTENDANCE_223,0.19,false,
CMP-04135562,2026-03-29 15:28:51,WhatsApp,ECE,Academic,Exams,Need to reschedule the database systems exam.,0.28,4,true,true,EXAM_SCHEDULE_ISSUE_225,0.17,false,13
CMP-9CF081FB,2026-03-29 16:04:33,WhatsApp,CSE,Academic,Attendance,teacher not coming but taking attendance online??,0.21,3,true,true,FACULTY_ATTENDANCE_223,0.3,false,2
CMP-2D8DB7F7,2026-03-29 16:11:49,Form,EEE,Academic,Attendance,Professor missed the last three lectures without prior notice.,0.37,3,false,false,FACULTY_ATTENDANCE_223,0.3,false,
CMP-89D07B70,2026-03-29 16:32:57,WhatsApp,CSE,Infrastructure,Network,library wifi is completely dead. Please fix it ASAP.,0.36,5,false,false,WIFI_OUTAGE_LIBRARY_114,0.08,false,
CMP-790C9029,2026-03-29 17:08:17,App,ECE,Placement,Scheduling,TCS interview clashes with my final exam.,0.28,5,true,false,PLACEMENT_INTERVIEW_CLASH_141,0.26,false,
CMP-58A7A84E,2026-03-29 17:13:01,Anonymous Report,CSE,Hostel,Water,"Block B geysers are not working, we need hot water.",0.22,3,false,false,HOSTEL_WATER_ISSUE_167,0.22,true,
CMP-807385A2,2026-03-29 18:05:13,WhatsApp,EEE,Placement,Scheduling,HR round postponed without notice,0.27,4,true,false,PLACEMENT_INTERVIEW_CLASH_141,0.09,true,
CMP-BCAC29C3,2026-03-29 18:08:35,Email,ECE,Hostel,Water,water cooler in Block C is dispensing dirty water.,0.13,3,true,true,HOSTEL_WATER_ISSUE_167,0.02,false,47
CMP-1A6292DC,2026-03-29 18:22:51,Form,CSE,Hostel,Water,water cooler in Block C is dispensing dirty water.,0.2,4,false,false,HOSTEL_WATER_ISSUE_2,0.14,false,
CMP-2DB26869,2026-03-29 20:24:58,Anonymous Report,ECE,Hostel,Water,water cooler in Block C is dispensing dirty water.,0.21,4,false,false,HOSTEL_WATER_ISSUE_2,0.18,false,
CMP-128F998F,2026-03-29 20:39:21,WhatsApp,CSE,Academic,Exams,syllabus for exams not declared yet,0.19,3,true,false,EXAM_SCHEDULE_ISSUE_225,0.26,false,
CMP-CCC1CCF5,2026-03-29 21:19:41,Email,ECE,Hostel,Water,There is no hot water in Block B hostels since yesterday.,0.16,3,false,true,HOSTEL_WATER_ISSUE_2,0.26,false,39
CMP-2FB125C4,2026-03-29 21:39:57,Anonymous Report,CSE,Infrastructure,Network,No internet connection in the library again.,0.23,3,false,true,WIFI_OUTAGE_LIBRARY_27,0.12,false,11
CMP-D999D2AF,2026-03-29 21:55:36,Anonymous Report,MBA,Hostel,Water,There is no hot water in Block B hostels since yesterday.,0.27,3,false,true,HOSTEL_WATER_ISSUE_167,0.27,false,13
CMP-B88EC791,2026-03-29 22:03:48,Form,ME,Hostel,Water,"Block B geysers are not working, we need hot water.",0.15,4,false,true,HOSTEL_WATER_ISSUE_167,0.26,true,4
CMP-9ECC3E54,2026-03-29 23:11:55,WhatsApp,CSE,Placement,Scheduling,placement cell is not responding to mails,0.37,5,true,true,PLACEMENT_INTERVIEW_CLASH_141,0.15,true,2
CMP-3AF53259,2026-03-29 23:21:08,Form,CSE,Placement,Scheduling,placement drive and mid sem on same day??,0.33,5,true,true,PLACEMENT_INTERVIEW_CLASH_141,0.14,false,31
CMP-3FC84844,2026-03-30 00:02:22,Email,CSE,Placement,Scheduling,Please reschedule the Infosys pre-placement talk.,0.15,4,false,false,PLACEMENT_INTERVIEW_CLASH_53,0.17,false,
CMP-315E19AC,2026-03-30 00:56:57,App,ECE,Placement,Scheduling,placement drive and mid sem on same day??,0.32,5,false,false,PLACEMENT_INTERVIEW_CLASH_141,0.08,true,
CMP-6E4221E0,2026-03-30 00:58:10,Anonymous Report,ECE,Hostel,Food Hygiene,stale food served in hostel B dinner,0.3,4,true,true,MESS_FOOD_POISONING_147,0.11,false,9
CMP-CA6448D3,2026-03-30 01:45:55,Anonymous Report,CSE,Hostel,Water,water cooler in Block C is dispensing dirty water.,0.3,4,false,true,HOSTEL_WATER_ISSUE_146,0.26,true,24
CMP-66FF8FFB,2026-03-30 01:51:09,Form,CSE,Hostel,Food Hygiene,I got food poisoning after eating dinner yesterday.,0.25,4,true,false,MESS_FOOD_POISONING_147,0.24,false,
CMP-F4AF7A49,2026-03-30 03:01:11,WhatsApp,CSE,Hostel,Food Hygiene,"mess ka khana bahut kharab hai, log beemar pad rahe hain",0.13,5,true,true,MESS_FOOD_POISONING_147,0.23,false,7
CMP-FAC39348,2026-03-30 03:14:46,Form,CSE,Placement,Scheduling,Interview slots are overlapping for multiple companies.,0.32,5,true,true,PLACEMENT_INTERVIEW_CLASH_53,0.03,false,31
CMP-D5F232D4,2026-03-30 03:21:03,WhatsApp,EEE,Placement,Scheduling,HR round postponed without notice,0.17,4,true,false,PLACEMENT_INTERVIEW_CLASH_141,0.05,true,
CMP-4F0C4A59,2026-03-30 03:31:29,Form,CSE,Hostel,Water,paani nahi aa raha subah se,0.29,4,false,true,HOSTEL_WATER_ISSUE_146,0.02,false,4
CMP-1C2E239F,2026-03-30 04:01:57,Email,MBA,Placement,Scheduling,Interview slots are overlapping for multiple companies.,0.35,4,false,true,PLACEMENT_INTERVIEW_CLASH_53,0.3,true,39
CMP-C1F21FE5,2026-03-30 04:30:24,WhatsApp,ME,Infrastructure,Network,No internet connection in the library again.,0.19,5,true,true,WIFI_OUTAGE_LIBRARY_114,0.27,false,32
CMP-6885FDDE,2026-03-30 05:15:49,Email,ME,Infrastructure,Network,library me net nahi chal raha kab thik hoga,0.26,5,false,false,WIFI_OUTAGE_LIBRARY_114,0.22,false,
CMP-35D543FD,2026-03-30 05:25:48,Email,ECE,Placement,Scheduling,inteerview slots re overlapping for multiple companies.,0.26,4,true,true,PLACEMENT_INTERVIEW_CLASH_141,0.07,false,46
CMP-8E9FC79C,2026-03-30 05:41:46,Form,ECE,Hostel,Food Hygiene,stale food served in hostel B dinner,0.14,5,true,false,MESS_FOOD_POISONING_147,0.1,false,
CMP-C90C55FF,2026-03-30 07:02:44,WhatsApp,ECE,Hostel,Food Hygiene,Food quality in the mess has degraded significantly.,0.28,4,false,true,MESS_FOOD_POISONING_147,0.28,false,30
CMP-927F507E,2026-03-30 07:30:43,WhatsApp,CSE,Hostel,Food Hygiene,mess food is unhygienic and causing health issues,0.33,4,true,true,MESS_FOOD_POISONING_147,0.24,false,11
CMP-A2840BEA,2026-03-30 07:30:46,Form,EEE,Placement,Scheduling,Please reschedule the Infosys pre-placement talk.,0.35,4,true,true,PLACEMENT_INTERVIEW_CLASH_53,0.23,false,15
CMP-66FCCE01,2026-03-30 07:38:25,Anonymous Report,CSE,Infrastructure,Network,library wifi is completely dead. Please fix it ASAP.,0.37,3,false,true,WIFI_OUTAGE_LIBRARY_114,0.09,false,7
CMP-AE98C49A,2026-03-30 07:38:53,WhatsApp,CSE,Hostel,Water,water cooler in Block C is dispensing dirty water.,0.31,3,true,false,HOSTEL_WATER_ISSUE_146,0.06,false,
CMP-4C350BD6,2026-03-30 09:44:01,Form,CSE,Placement,Scheduling,Please reschedule the Infosys pre-placement talk.,0.19,5,false,true,PLACEMENT_INTERVIEW_CLASH_141,0.18,true,40
CMP-83B0B13A,2026-03-30 10:15:51,Email,CSE,Placement,Scheduling,Please reschedule the Infosys pre-placement talk.,0.3,5,false,true,PLACEMENT_INTERVIEW_CLASH_141,0.28,false,26
CMP-6E4819A9,2026-03-30 11:37:38,WhatsApp,CSE,Hostel,Food Hygiene,stale food served in hostel B dinner,0.34,5,true,true,MESS_FOOD_POISONING_147,0.25,true,21
CMP-42E2810F,2026-03-30 12:05:26,Email,ECE,Placement,Scheduling,HR round postponed without notice,0.37,5,true,true,PLACEMENT_INTERVIEW_CLASH_141,0.14,false,21
CMP-C1AF0448,2026-03-30 12:07:56,Anonymous Report,ECE,Placement,Scheduling,TCS interview clashes with my final exam.,0.36,5,true,true,PLACEMENT_INTERVIEW_CLASH_141,0.22,false,41
CMP-04FF50F9,2026-03-30 13:16:48,Anonymous Report,CSE,Hostel,Water,water cooler in Block C is dispensing dirty water.,0.36,4,true,true,HOSTEL_WATER_ISSUE_146,0.06,false,35
CMP-6FA2859F,2026-03-30 13:33:37,Form,EEE,Placement,Scheduling,TCS interview clashes with my final exam.,0.16,5,true,false,PLACEMENT_INTERVIEW_CLASH_141,0.07,false,
CMP-5EA4FD95,2026-03-30 14:08:33,Form,CE,Placement,Scheduling,placement drive and mid sem on same day??,0.38,4,true,false,PLACEMENT_INTERVIEW_CLASH_53,0.14,false,
CMP-70B648F1,2026-03-30 15:40:46,Form,CSE,Infrastructure,Network,wifi firse gaya 😭 library me,0.22,4,false,true,WIFI_OUTAGE_LIBRARY_114,0.2,false,24
CMP-E76C1A6C,2026-03-30 16:04:45,WhatsApp,ME,Infrastructure,Network,wifi firsee gya 😭 library me,0.23,4,false,false,WIFI_OUTAGE_LIBRARY_114,0.08,true,
CMP-CF19A32C,2026-03-30 16:46:16,Form,CSE,Hostel,Food Hygiene,stale food served in hostel B dinner,0.12,4,false,true,MESS_FOOD_POISONING_147,0.27,true,16
CMP-C7ED072C,2026-03-30 18:40:39,WhatsApp,CSE,Hostel,Food Hygiene,stlee food served in hostel b dinner,0.22,5,true,false,MESS_FOOD_POISONING_147,0.11,false,
CMP-CAFA4410,2026-03-30 18:43:38,WhatsApp,CSE,Placement,Scheduling,TCS interview clashes with my final exam.,0.19,4,true,true,PLACEMENT_INTERVIEW_CLASH_53,0.08,false,20
CMP-FF41E8DE,2026-03-30 19:11:02,Email,CSE,Hostel,Food Hygiene,Food quality in the mess has degraded significantly.,0.14,4,true,true,MESS_FOOD_POISONING_147,0.1,false,18
CMP-051A28EF,2026-03-30 20:00:41,Anonymous Report,CSE,Hostel,Food Hygiene,Food quality in the mess has degraded significantly.,0.32,4,true,true,MESS_FOOD_POISONING_147,0.01,false,6
CMP-08802D71,2026-03-30 20:49:58,WhatsApp,ECE,Hostel,Food Hygiene,mess food is unhygienic and causing health issues,0.21,4,true,true,MESS_FOOD_POISONING_147,0.3,false,23
CMP-52EDBCED,2026-03-30 20:50:56,Form,CSE,Infrastructure,Network,library wifi is completely dead. Please fix it ASAP.,0.29,4,false,false,WIFI_OUTAGE_LIBRARY_114,0.28,false,
CMP-54AA736C,2026-03-30 21:28:00,Form,EEE,Infrastructure,Network,library network outage since morning,0.27,5,false,false,WIFI_OUTAGE_LIBRARY_114,0.17,false,
CMP-49061EAF,2026-03-30 22:45:24,WhatsApp,MBA,Placement,Scheduling,pleese reschedule the infosys pre-placement talk.,0.25,5,false,true,PLACEMENT_INTERVIEW_CLASH_53,0.01,false,26
CMP-FD6CC86A,2026-03-30 23:22:30,WhatsApp,Common,Placement,Scheduling,HR round postponed without notice,0.18,5,false,true,PLACEMENT_INTERVIEW_CLASH_141,0.24,false,24
CMP-07DE8922,2026-03-31 01:42:51,Anonymous Report,CSE,Hostel,Food Hygiene,Food quality in the mess has degraded significantly.,0.2,4,true,false,MESS_FOOD_POISONING_147,0.2,false,
CMP-4B6ABB95,2026-03-31 03:19:34,Form,ECE,Hostel,Water,plumber not fixing the leaking tap in room 204,0.38,3,false,false,HOSTEL_WATER_ISSUE_146,0.12,false,
CMP-A3EBAE46,2026-03-31 03:28:11,Form,CE,Training,Curriculum,The Java trainer skipped scheduled topics.,0.29,4,false,false,TRAINING_TOC_MISMATCH_205,0.3,false,
CMP-9858DC20,2026-03-31 04:24:47,Email,Common,Training,Curriculum,topics skippeed by plcement trainer today,0.25,2,false,true,TRAINING_TOC_MISMATCH_205,0.12,false,10
CMP-C24B8918,2026-03-31 04:55:07,Form,ME,Hostel,Food Hygiene,Food quality in the mess has degraded significantly.,0.12,5,true,true,MESS_FOOD_POISONING_147,0.11,true,28
CMP-DA232D50,2026-03-31 05:35:21,Anonymous Report,CSE,Hostel,Water,"Block B geysers are not working, we need hot water.",0.1,3,false,true,HOSTEL_WATER_ISSUE_146,0.24,false,9
CMP-381A6E90,2026-03-31 07:41:39,Anonymous Report,CSE,Training,Curriculum,Topics outside the official TOC are being taught.,0.2,4,false,false,TRAINING_TOC_MISMATCH_205,0.2,false,
CMP-1A5B8CB2,2026-03-31 09:39:56,WhatsApp,CSE,Hostel,Water,"Block B geysers are not working, we need hot water.",0.2,4,false,true,HOSTEL_WATER_ISSUE_146,0.1,false,12
CMP-3AD60928,2026-03-31 11:06:07,WhatsApp,ECE,Hostel,Food Hygiene,Food quality in the mess has degraded significantly.,0.39,4,true,true,MESS_FOOD_POISONING_147,0.04,false,19
CMP-FA79E5F4,2026-03-31 11:10:09,WhatsApp,ECE,Hostel,Food Hygiene,"mess ka khana bahut kharab hai, log beemar pad rahe hain",0.2,5,true,false,MESS_FOOD_POISONING_147,0.03,false,
CMP-9F109C67,2026-03-31 12:20:12,Form,CSE,Placement,Scheduling,HR round postponed without notice,0.29,5,false,true,PLACEMENT_INTERVIEW_CLASH_53,0.29,true,11
CMP-C1D41E6E,2026-03-31 15:06:03,Email,ECE,Training,Curriculum,The trainer is not following the announced syllabus.,0.29,4,false,true,TRAINING_TOC_MISMATCH_205,0.13,false,29
CMP-20569C56,2026-03-31 16:08:44,Email,ECE,Training,Curriculum,Topics outside the official TOC are being taught.,0.35,3,true,false,TRAINING_TOC_MISMATCH_205,0.15,false,
CMP-3D0F0A81,2026-03-31 16:09:11,WhatsApp,CSE,Harassment,Bullying,Seniors are ragging in the hostel block.,0.34,5,true,true,HARASSMENT_REPORT_41,0.82,false,23
CMP-FFD742C1,2026-03-31 16:13:57,Form,CSE,Hostel,Water,water cooler in Block C is dispensing dirty water.,0.16,3,false,false,HOSTEL_WATER_ISSUE_146,0.19,false,
CMP-243D5FBA,2026-03-31 16:26:56,Form,ME,Harassment,Bullying,Anonymous harassment on college group,0.14,5,true,true,HARASSMENT_REPORT_41,0.65,false,25
CMP-84F50163,2026-03-31 17:17:36,WhatsApp,ECE,Hostel,Water,no drinking water on 3rd floor,0.19,3,false,false,HOSTEL_WATER_ISSUE_146,0.24,false,
CMP-863D7C46,2026-03-31 18:12:49,Email,Common,Hostel,Water,"Block B geysers are not working, we need hot water.",0.34,3,false,true,HOSTEL_WATER_ISSUE_146,0.23,false,15
CMP-00A8BA30,2026-03-31 19:08:26,WhatsApp,CSE,Placement,Scheduling,placement drive and mid sem on same day??,0.18,5,false,true,PLACEMENT_INTERVIEW_CLASH_53,0.26,false,4
CMP-5ADFC3F3,2026-03-31 20:40:08,Email,CE,Hostel,Food Hygiene,meess food is unhygienic nd causing health issues,0.17,5,true,false,MESS_FOOD_POISONING_147,0.26,false,
CMP-16B6DEB5,2026-03-31 23:12:49,WhatsApp,ECE,Harassment,Bullying,Anonymous harassment on college group,0.34,5,true,false,HARASSMENT_REPORT_41,0.76,false,
CMP-3B4FF568,2026-04-01 00:41:09,Form,CSE,Training,Curriculum,trining ka pacee bahut fast hai kuch samajh nahi aa raha,0.21,3,false,false,TRAINING_TOC_MISMATCH_205,0.04,false,
CMP-3E026711,2026-04-01 01:08:51,WhatsApp,CSE,Transport,Bus Delay,Bus route 4 is delayed by 45 minutes.,0.36,4,false,true,TRANSPORT_BUS_DELAY_15,0.03,false,1
CMP-B7EADDB8,2026-04-01 01:52:28,WhatsApp,CSE,Administration,Fees,extra charges in this semester fee structure?,0.27,3,false,true,FEE_ISSUE_214,0.25,false,7
CMP-45C5543E,2026-04-01 02:03:21,App,ME,Transport,Bus Delay,bus 4 fir late ayi,0.29,3,false,true,TRANSPORT_BUS_DELAY_15,0.11,false,25
CMP-DCCCC60C,2026-04-01 02:32:40,Email,ECE,Harassment,Bullying,Anonymous harassment on college group,0.35,5,true,false,HARASSMENT_REPORT_41,0.72,true,
CMP-955171FD,2026-04-01 02:46:17,WhatsApp,CSE,Harassment,Bullying,Facing toxic behavior from a faculty member.,0.17,5,true,false,HARASSMENT_REPORT_41,0.72,false,
CMP-F4CFC6F5,2026-04-01 03:50:58,App,CSE,Transport,Bus Delay,bus breakdown on highway again,0.32,3,false,false,TRANSPORT_BUS_DELAY_15,0.2,false,
CMP-D1F46A11,2026-04-01 03:59:53,WhatsApp,ECE,Harassment,Bullying,Seniors are ragging in the hostel block.,0.17,5,true,true,HARASSMENT_REPORT_41,0.76,false,3
CMP-537F19BE,2026-04-01 05:08:31,WhatsApp,CE,Administration,Fees,extra charges in this semester fee structure?,0.27,4,false,true,FEE_ISSUE_214,0.02,false,15
CMP-E7AA8CAD,2026-04-01 05:13:42,Email,ECE,Transport,Bus Delay,driver of bus 7 is very rude,0.28,2,false,true,TRANSPORT_BUS_DELAY_15,0.24,false,8
CMP-BA9CF25A,2026-04-01 05:33:59,App,CSE,Administration,Fees,Scholarship disbursement is delayed by 2 months.,0.27,3,false,true,FEE_ISSUE_214,0.23,false,28
CMP-FD1AA4FA,2026-04-01 06:20:41,Email,ME,Training,Curriculum,topics skipped by placement trainer today,0.18,2,true,true,TRAINING_TOC_MISMATCH_205,0.13,false,22
CMP-51520196,2026-04-01 06:40:40,App,ECE,Training,Curriculum,Socket programming was introduced unexpectedly.,0.31,2,false,false,TRAINING_TOC_MISMATCH_205,0.16,false,
CMP-522D2950,2026-04-01 06:56:34,WhatsApp,CE,Training,Curriculum,Socket programming was introduced unexpectedly.,0.33,4,true,true,TRAINING_TOC_MISMATCH_205,0.04,false,5
CMP-688B2B7A,2026-04-01 07:17:27,Email,EEE,Administration,Fees,Scholarship disbursement is delayed by 2 months.,0.2,4,true,true,FEE_ISSUE_214,0.18,false,35
CMP-EBD8F1A6,2026-04-01 10:12:10,WhatsApp,Common,Training,Curriculum,Trainer is rushing through JDBC concepts.,0.1,2,false,true,TRAINING_TOC_MISMATCH_205,0.12,false,37
CMP-3105CA54,2026-04-01 11:23:14,Email,Common,Harassment,Bullying,Anonymous harassment on college group,0.31,5,true,true,HARASSMENT_REPORT_41,0.81,true,20
CMP-B7F7FEC4,2026-04-01 11:30:58,WhatsApp,CSE,Transport,Bus Delay,bus 4 fir late ayi,0.17,3,false,true,TRANSPORT_BUS_DELAY_15,0.25,false,23
CMP-3C00DF67,2026-04-01 12:22:41,WhatsApp,ECE,Training,Curriculum,Socket programming was introduced unexpectedly.,0.17,3,true,true,TRAINING_TOC_MISMATCH_205,0.17,false,44
CMP-8B796F31,2026-04-01 13:37:20,Anonymous Report,ME,Harassment,Bullying,constant bullying by batchmates,0.17,5,true,true,HARASSMENT_REPORT_41,0.8,false,29
CMP-7D9EF054,2026-04-01 13:48:00,App,CSE,Training,Curriculum,Socket programming was introduced unexpectedly.,0.25,3,false,true,TRAINING_TOC_MISMATCH_205,0.09,false,41
CMP-90C7BDBD,2026-04-01 14:18:18,Email,ME,Harassment,Bullying,Facing toxic behavior from a faculty member.,0.13,5,true,false,HARASSMENT_REPORT_41,0.82,false,
CMP-A113EF3A,2026-04-01 14:58:06,WhatsApp,CSE,Training,Curriculum,Topics outside the official TOC are being taught.,0.17,3,true,true,TRAINING_TOC_MISMATCH_205,0.0,false,16
CMP-C4005A27,2026-04-01 14:59:07,WhatsApp,CE,Training,Curriculum,The Java trainer skipped scheduled topics.,0.24,2,false,true,TRAINING_TOC_MISMATCH_205,0.02,true,39
CMP-4123193B,2026-04-01 15:40:47,WhatsApp,CSE,Transport,Bus Delay,bus 4 fir late ayi,0.15,2,false,true,TRANSPORT_BUS_DELAY_15,0.12,false,39
CMP-27EA38FD,2026-04-01 15:45:48,WhatsApp,ECE,Administration,Fees,reefund not processed yet,0.3,4,false,false,FEE_ISSUE_214,0.06,false,
CMP-C3EDE529,2026-04-01 16:52:19,Form,CE,Administration,Fees,Late fee was charged wrongly on my account.,0.26,4,false,false,FEE_ISSUE_214,0.04,true,
CMP-FFA438B5,2026-04-01 17:36:48,WhatsApp,CSE,Training,Curriculum,The trainer is not following the announced syllabus.,0.35,3,false,false,TRAINING_TOC_MISMATCH_205,0.1,false,
CMP-AC34F2C1,2026-04-01 19:55:17,Email,ECE,Training,Curriculum,Topics outside the official TOC are being taught.,0.31,3,false,true,TRAINING_TOC_MISMATCH_205,0.07,false,39
CMP-C4B0E8B4,2026-04-01 20:05:23,Form,CSE,Transport,Bus Delay,We are waiting at the stop for 1 hour for the college bus.,0.28,3,true,true,TRANSPORT_BUS_DELAY_15,0.18,false,16
CMP-6CE0E4DF,2026-04-01 22:12:22,Form,ECE,Training,Curriculum,sockeet progrmming was introduced unexpectedly.,0.13,3,false,false,TRAINING_TOC_MISMATCH_205,0.12,false,
CMP-A6E703EA,2026-04-01 22:47:45,WhatsApp,CE,Administration,Fees,extra charges in this semester fee structure?,0.4,3,false,false,FEE_ISSUE_214,0.02,true,
CMP-4F25871B,2026-04-01 22:50:25,WhatsApp,Common,Harassment,Bullying,Facing toxic behavior from a faculty member.,0.36,5,true,false,HARASSMENT_REPORT_41,0.61,true,
CMP-ACA9148B,2026-04-02 00:18:15,App,CSE,Training,Curriculum,Trainer is rushing through JDBC concepts.,0.35,4,false,true,TRAINING_TOC_MISMATCH_109,0.14,true,43
CMP-356A739F,2026-04-02 00:23:19,Form,ME,Hostel,Food Hygiene,"mess ka khana bahut kharab hai, log beemar pad rahe hain",0.3,4,true,true,MESS_FOOD_POISONING_156,0.11,false,21
CMP-ABE8CFCC,2026-04-02 01:34:37,WhatsApp,ME,Training,Curriculum,The Java trainer skipped scheduled topics.,0.36,3,false,false,TRAINING_TOC_MISMATCH_109,0.18,false,
CMP-5214D50C,2026-04-02 01:35:08,Form,Common,Hostel,Food Hygiene,found  bug in my salad at thee main cafeteria.,0.25,5,true,true,MESS_FOOD_POISONING_156,0.07,false,26
CMP-C4E5134F,2026-04-02 02:08:51,App,CSE,Hostel,Food Hygiene,Mess food quality in hostel B has deteriorated significantly.,0.28,4,true,false,MESS_FOOD_POISONING_156,0.04,false,
CMP-BABC9EC9,2026-04-02 02:25:18,WhatsApp,CSE,Hostel,Food Hygiene,stale food served in hostel B dinner,0.25,5,false,false,MESS_FOOD_POISONING_156,0.04,false,
CMP-265D9B52,2026-04-02 02:47:51,App,CSE,Transport,Bus Delay,bus breakdown on highway again,0.28,2,false,true,TRANSPORT_BUS_DELAY_15,0.17,false,40
CMP-D8ADC178,2026-04-02 03:29:43,Email,EEE,Transport,Bus Delay,bus breakdown on highway again,0.17,3,false,false,TRANSPORT_BUS_DELAY_43,0.1,false,
CMP-7D52F813,2026-04-02 04:04:02,WhatsApp,CSE,Administration,Fees,extra charges in this semester fee structure?,0.12,3,false,false,FEE_ISSUE_214,0.18,false,
CMP-A048C4A1,2026-04-02 04:46:11,Form,MBA,Transport,Bus Delay,"Transport facility is very poor, bus never comes on time.",0.11,2,false,false,TRANSPORT_BUS_DELAY_43,0.3,true,
CMP-A3796CD3,2026-04-02 04:56:07,Email,ECE,Administration,Fees,extra charges in this semester fee structure?,0.32,3,false,true,FEE_ISSUE_214,0.09,false,31
CMP-32B61CCF,2026-04-02 05:02:46,Anonymous Report,CSE,Hostel,Food Hygiene,Found a bug in my salad at the main cafeteria.,0.36,5,true,true,MESS_FOOD_POISONING_156,0.08,false,31
CMP-68BC85DB,2026-04-02 05:40:18,Email,Common,Administration,Fees,extra charges in this semester fee structure?,0.35,4,false,false,FEE_ISSUE_214,0.11,true,
CMP-418596BF,2026-04-02 05:59:35,Form,CSE,Hostel,Food Hygiene,I got food poisoning after eating dinner yesterday.,0.15,5,true,true,MESS_FOOD_POISONING_156,0.25,true,39
CMP-0361563C,2026-04-02 09:02:00,Email,EEE,Transport,Bus Delay,"Transport facility is very poor, bus never comes on time.",0.13,3,false,true,TRANSPORT_BUS_DELAY_43,0.28,true,8
CMP-D2D25FD1,2026-04-02 09:39:16,WhatsApp,ME,Administration,Fees,Late fee was charged wrongly on my account.,0.13,4,false,false,FEE_ISSUE_214,0.23,false,
CMP-F205E33C,2026-04-02 10:20:46,Anonymous Report,ECE,Transport,Bus Delay,We are waiting at the stop for 1 hour for the college bus.,0.28,3,false,true,TRANSPORT_BUS_DELAY_43,0.15,false,15
CMP-CC312D15,2026-04-02 10:29:15,WhatsApp,CSE,Administration,Fees,Late fee was charged wrongly on my account.,0.34,4,false,true,FEE_ISSUE_214,0.13,false,17
CMP-D6B6FCA2,2026-04-02 11:33:46,Email,CSE,Transport,Bus Delay,"Transport facility is very poor, bus never comes on time.",0.13,2,true,true,TRANSPORT_BUS_DELAY_15,0.18,false,42
CMP-D6712290,2026-04-02 11:37:36,WhatsApp,CSE,Transport,Bus Delay,bus breakdown on highway again,0.34,3,false,false,TRANSPORT_BUS_DELAY_15,0.1,false,
CMP-4DD1932D,2026-04-02 12:29:58,App,CSE,Hostel,Food Hygiene,stale food served in hostel B dinner,0.19,5,true,true,MESS_FOOD_POISONING_156,0.15,false,41
CMP-C9F1A794,2026-04-02 12:34:50,App,CSE,Hostel,Food Hygiene,I got food poisoning after eating dinner yesterday.,0.12,4,true,false,MESS_FOOD_POISONING_156,0.02,true,
CMP-D615CB77,2026-04-02 13:05:50,App,CE,Transport,Bus Delay,driver of bus 7 is very rude,0.23,4,false,false,TRANSPORT_BUS_DELAY_15,0.07,false,
CMP-A2818D86,2026-04-02 14:03:50,WhatsApp,CE,Training,Curriculum,training ka pace bahut fast hai kuch samajh nahi aa raha,0.34,3,true,true,TRAINING_TOC_MISMATCH_109,0.2,true,48
CMP-1F8E173B,2026-04-02 15:42:41,WhatsApp,Common,Transport,Bus Delay,We are waiting at the stop for 1 hour for the college bus.,0.26,4,false,true,TRANSPORT_BUS_DELAY_15,0.16,true,4
CMP-746BD0E7,2026-04-02 17:28:56,WhatsApp,CE,Transport,Bus Delay,bus breakdown on highway again,0.27,4,false,true,TRANSPORT_BUS_DELAY_15,0.05,false,23
CMP-17B78313,2026-04-02 17:30:05,Email,CSE,Hostel,Food Hygiene,Mess food quality in hostel B has deteriorated significantly.,0.25,5,true,false,MESS_FOOD_POISONING_156,0.21,true,
CMP-A5FA5123,2026-04-02 18:20:27,Anonymous Report,CSE,Training,Curriculum,The trainer is not following the announced syllabus.,0.29,2,false,false,TRAINING_TOC_MISMATCH_109,0.04,false,
CMP-243997AE,2026-04-02 18:42:07,Form,Common,Administration,Fees,Late fee was charged wrongly on my account.,0.36,3,true,true,FEE_ISSUE_214,0.1,false,14
CMP-E5249808,2026-04-02 19:31:30,WhatsApp,CSE,Transport,Bus Delay,"Transport facility is very poor, bus never comes on time.",0.35,2,false,true,TRANSPORT_BUS_DELAY_43,0.23,false,12
CMP-C07D305D,2026-04-02 20:31:09,WhatsApp,Common,Transport,Bus Delay,bus breakdown on highway again,0.23,3,false,true,TRANSPORT_BUS_DELAY_43,0.22,false,33
CMP-8E1F605C,2026-04-02 20:31:27,Anonymous Report,ECE,Training,Curriculum,Socket programming was introduced unexpectedly.,0.35,4,false,true,TRAINING_TOC_MISMATCH_109,0.06,false,7
CMP-070E3DA4,2026-04-02 21:52:49,WhatsApp,EEE,Hostel,Food Hygiene,Mess food quality in hostel B has deteriorated significantly.,0.31,4,true,true,MESS_FOOD_POISONING_156,0.02,false,26
CMP-FCDEADC8,2026-04-02 22:20:43,Email,CE,Administration,Fees,"fee portal is down, last date tomorrow",0.16,3,false,true,FEE_ISSUE_214,0.05,false,39
CMP-CD004B15,2026-04-02 22:29:46,WhatsApp,ECE,Transport,Bus Delay,bus 4 fir late ayi,0.39,2,false,true,TRANSPORT_BUS_DELAY_43,0.25,false,43
CMP-F45D3421,2026-04-02 22:49:34,Email,ME,Transport,Bus Delay,driver of bus 7 is very rude,0.29,3,true,true,TRANSPORT_BUS_DELAY_43,0.18,true,38
CMP-B539BC97,2026-04-02 22:56:58,Form,ECE,Training,Curriculum,The trainer is not following the announced syllabus.,0.11,4,true,false,TRAINING_TOC_MISMATCH_109,0.09,true,
CMP-385EBDAA,2026-04-02 23:45:08,Anonymous Report,ME,Training,Curriculum,Topics outside the official TOC are being taught.,0.15,4,false,false,TRAINING_TOC_MISMATCH_109,0.15,false,
CMP-B2989635,2026-04-03 01:26:05,WhatsApp,CE,Hostel,Food Hygiene,I got food poisoning after eating dinner yesterday.,0.16,5,false,false,MESS_FOOD_POISONING_156,0.22,false,
CMP-C791C874,2026-04-03 01:34:39,Form,CSE,Hostel,Food Hygiene,I got food poisoning after eating dinner yesterday.,0.38,4,false,true,MESS_FOOD_POISONING_156,0.26,false,48
CMP-2C598467,2026-04-03 01:38:44,Form,ECE,Hostel,Food Hygiene,mess food is unhygienic and causing health issues,0.38,4,false,true,MESS_FOOD_POISONING_156,0.29,false,30
CMP-D6F4F6CF,2026-04-03 03:11:07,WhatsApp,Common,Training,Curriculum,topics skippeed by plcement trainer today,0.33,2,true,false,TRAINING_TOC_MISMATCH_109,0.09,false,
CMP-177FE4C4,2026-04-03 03:21:28,Email,CSE,Transport,Bus Delay,We are waiting at the stop for 1 hour for the college bus.,0.38,3,false,true,TRANSPORT_BUS_DELAY_43,0.12,false,26
CMP-5554FDD4,2026-04-03 03:44:25,Email,CSE,Training,Curriculum,Topics outside the official TOC are being taught.,0.39,2,false,false,TRAINING_TOC_MISMATCH_109,0.0,false,
CMP-F62F8888,2026-04-03 04:30:49,Anonymous Report,ME,Placement,Scheduling,placement drive and mid sem on same day??,0.33,5,true,true,PLACEMENT_INTERVIEW_CLASH_137,0.04,false,9
CMP-6EB021FC,2026-04-03 06:08:41,Form,ECE,Academic,Attendance,teacher not coming but taking attendance online??,0.2,3,true,true,FACULTY_ATTENDANCE_190,0.16,false,18
CMP-273BC43C,2026-04-03 06:28:16,WhatsApp,ECE,Placement,Scheduling,HR round postponed without notice,0.1,5,false,false,PLACEMENT_INTERVIEW_CLASH_137,0.17,false,
CMP-589831A8,2026-04-03 07:39:03,Email,ME,Transport,Bus Delay,Bus route 4 is delayed by 45 minutes.,0.15,2,false,true,TRANSPORT_BUS_DELAY_43,0.12,false,41
CMP-BDB0A9F7,2026-04-03 07:42:50,WhatsApp,CSE,Placement,Scheduling,TCS interview clashes with my final exam.,0.24,4,true,true,PLACEMENT_INTERVIEW_CLASH_137,0.29,false,38
CMP-BE70B107,2026-04-03 07:49:30,Email,Common,Hostel,Food Hygiene,I got food poisoning after eating dinner yesterday.,0.28,5,true,true,MESS_FOOD_POISONING_156,0.18,false,46
CMP-F721322E,2026-04-03 09:46:24,Email,CSE,Transport,Bus Delay,"Transport facility is very poor, bus never comes on time.",0.2,3,false,true,TRANSPORT_BUS_DELAY_43,0.05,false,43
CMP-A7DE2BBF,2026-04-03 10:06:43,Email,CSE,Placement,Scheduling,TCS interview clashes with my final exam.,0.17,5,true,false,PLACEMENT_INTERVIEW_CLASH_137,0.06,true,
CMP-3FB487EE,2026-04-03 11:34:20,WhatsApp,ECE,Placement,Scheduling,TCS interview clashes with my final exam.,0.19,5,true,true,PLACEMENT_INTERVIEW_CLASH_137,0.17,false,5
CMP-3B4A05C1,2026-04-03 12:23:17,Anonymous Report,Common,Academic,Attendance,Faculty attendance policy bahut unfair hai.,0.29,2,false,false,FACULTY_ATTENDANCE_190,0.15,false,
CMP-CB68CB07,2026-04-03 12:25:00,WhatsApp,CSE,Placement,Scheduling,Interview slots are overlapping for multiple companies.,0.12,5,true,true,PLACEMENT_INTERVIEW_CLASH_137,0.09,false,16
CMP-D3F6DF35,2026-04-03 12:52:57,Form,CSE,Training,Curriculum,Socket programming was introduced unexpectedly.,0.33,2,true,false,TRAINING_TOC_MISMATCH_109,0.24,false,
CMP-13331C66,2026-04-03 14:23:06,Email,CSE,Training,Curriculum,Trainer is rushing through JDBC concepts.,0.21,3,false,false,TRAINING_TOC_MISMATCH_109,0.08,false,
CMP-CF2C11DA,2026-04-03 15:01:02,Email,CE,Training,Curriculum,Topics outside the official TOC are being taught.,0.29,4,false,true,TRAINING_TOC_MISMATCH_109,0.21,true,13
CMP-2D1BBF6C,2026-04-03 15:13:24,Form,CSE,Training,Curriculum,Topics outside the official TOC are being taught.,0.37,4,false,false,TRAINING_TOC_MISMATCH_109,0.24,false,
CMP-A5878018,2026-04-03 16:53:30,Form,CSE,Placement,Scheduling,plceement drive and mid sem on same day??,0.1,4,false,true,PLACEMENT_INTERVIEW_CLASH_137,0.08,true,11
CMP-660F4D8A,2026-04-03 17:50:03,WhatsApp,ECE,Academic,Attendance,teacher not coming but taking attendance online??,0.24,3,true,false,FACULTY_ATTENDANCE_190,0.18,false,
CMP-89B804BC,2026-04-03 18:56:29,WhatsApp,CE,Academic,Attendance,My attendance was marked absent even though I was present.,0.3,3,false,false,FACULTY_ATTENDANCE_190,0.21,false,
CMP-C87D11C9,2026-04-03 19:03:25,WhatsApp,ME,Hostel,Food Hygiene,Mess food quality in hostel B has deteriorated significantly.,0.3,5,true,false,MESS_FOOD_POISONING_156,0.02,false,
CMP-DEE82658,2026-04-03 20:25:48,WhatsApp,ME,Academic,Attendance,attendance issue in DBMS class,0.16,3,false,false,FACULTY_ATTENDANCE_190,0.06,false,
CMP-D1A19C7F,2026-04-03 21:17:15,WhatsApp,ECE,Training,Curriculum,The Java trainer skipped scheduled topics.,0.18,3,true,false,TRAINING_TOC_MISMATCH_109,0.1,false,
CMP-08FEE4A5,2026-04-03 21:36:17,Email,ECE,Hostel,Food Hygiene,Found a bug in my salad at the main cafeteria.,0.28,4,true,false,MESS_FOOD_POISONING_156,0.19,false,
CMP-84454652,2026-04-03 21:45:07,Email,CE,Academic,Attendance,profeessor missed the lst three lectures without prior notice.,0.39,3,false,true,FACULTY_ATTENDANCE_190,0.21,false,25
CMP-C52F4224,2026-04-03 22:37:07,WhatsApp,CSE,Hostel,Food Hygiene,mess food is unhygienic and causing health issues,0.15,4,true,true,MESS_FOOD_POISONING_156,0.18,false,41
CMP-B080F4AC,2026-04-03 23:23:39,Email,ECE,Training,Curriculum,The Java trainer skipped scheduled topics.,0.22,2,false,true,TRAINING_TOC_MISMATCH_109,0.17,false,17
CMP-9900C1E2,2026-04-03 23:25:55,Form,ECE,Training,Curriculum,The Java trainer skipped scheduled topics.,0.38,4,true,true,TRAINING_TOC_MISMATCH_109,0.16,false,5
CMP-0BDC6362,2026-04-03 23:29:18,Email,ECE,Placement,Scheduling,TCS interview clashes with my final exam.,0.28,5,true,true,PLACEMENT_INTERVIEW_CLASH_137,0.2,false,41
CMP-1E1F7AE5,2026-04-04 01:40:04,App,MBA,Administration,Fees,Late fee was charged wrongly on my account.,0.35,4,false,true,FEE_ISSUE_248,0.05,true,2
CMP-9699D931,2026-04-04 01:46:53,Form,ECE,Academic,Attendance,Professor missed the last three lectures without prior notice.,0.25,2,false,true,FACULTY_ATTENDANCE_190,0.12,false,33
CMP-BE01695A,2026-04-04 01:49:16,Email,CSE,Academic,Attendance,Faculty attendance policy bahut unfair hai.,0.33,3,false,true,FACULTY_ATTENDANCE_190,0.2,false,22
CMP-7671AFE2,2026-04-04 02:07:59,WhatsApp,CSE,Placement,Scheduling,placement drive and mid sem on same day??,0.13,4,true,true,PLACEMENT_INTERVIEW_CLASH_137,0.08,false,27
CMP-6463D65F,2026-04-04 02:17:34,WhatsApp,EEE,Placement,Scheduling,Interview slots are overlapping for multiple companies.,0.14,4,true,true,PLACEMENT_INTERVIEW_CLASH_137,0.16,true,15
CMP-22FE15E4,2026-04-04 03:00:29,Email,CE,Administration,Fees,refund not processed yet,0.18,3,false,false,FEE_ISSUE_102,0.15,false,
CMP-A09C5E13,2026-04-04 03:36:40,Email,CSE,Administration,Fees,"fee portal is down, last date tomorrow",0.34,3,true,true,FEE_ISSUE_102,0.11,false,14
CMP-08285B9F,2026-04-04 04:17:23,App,CSE,Academic,Attendance,attendance portal is showing wrong data for CS101,0.38,3,false,false,FACULTY_ATTENDANCE_190,0.25,false,
CMP-7AE3B339,2026-04-04 05:50:22,App,ME,Administration,Fees,extra charges in this semester fee structure?,0.39,4,false,false,FEE_ISSUE_102,0.09,true,
CMP-924102B2,2026-04-04 10:30:33,App,CSE,Academic,Attendance,My attendance was marked absent even though I was present.,0.36,2,false,false,FACULTY_ATTENDANCE_190,0.13,true,
CMP-5CB79189,2026-04-04 10:33:42,Anonymous Report,CSE,Administration,Fees,ltee fee was charged wrongly on my account.,0.11,3,false,true,FEE_ISSUE_248,0.03,false,2
CMP-8234B722,2026-04-04 11:16:15,WhatsApp,CE,Administration,Fees,extra charges in this semester fee structure?,0.29,3,true,false,FEE_ISSUE_248,0.05,false,
CMP-31C8C0E6,2026-04-04 12:51:00,WhatsApp,ME,Placement,Scheduling,plceement cell is not responding to mails,0.24,4,true,true,PLACEMENT_INTERVIEW_CLASH_137,0.14,false,34
CMP-01FADAD3,2026-04-04 13:26:37,Form,ECE,Placement,Scheduling,Please reschedule the Infosys pre-placement talk.,0.25,5,true,false,PLACEMENT_INTERVIEW_CLASH_137,0.16,false,
CMP-639ED107,2026-04-04 14:58:54,Form,Common,Administration,Fees,Scholarship disbursement is delayed by 2 months.,0.24,3,false,true,FEE_ISSUE_102,0.24,false,18
CMP-1488FF74,2026-04-04 16:52:21,WhatsApp,CSE,Placement,Scheduling,Please reschedule the Infosys pre-placement talk.,0.11,4,true,true,PLACEMENT_INTERVIEW_CLASH_137,0.15,false,40
CMP-CB13CF67,2026-04-04 17:53:11,Email,CSE,Academic,Attendance,Faculty attendance policy bahut unfair hai.,0.35,2,false,true,FACULTY_ATTENDANCE_190,0.15,false,38
CMP-6B3A1FD2,2026-04-04 18:34:01,WhatsApp,EEE,Placement,Scheduling,placement drive and mid sem on same day??,0.25,5,true,false,PLACEMENT_INTERVIEW_CLASH_137,0.06,false,
CMP-5D6C4EA0,2026-04-04 20:25:35,Anonymous Report,EEE,Placement,Scheduling,TCS interview clashes with my final exam.,0.18,4,true,true,PLACEMENT_INTERVIEW_CLASH_137,0.27,false,34
CMP-8F45A129,2026-04-04 20:48:48,Email,ECE,Administration,Fees,refund not processed yet,0.3,3,true,true,FEE_ISSUE_248,0.16,false,35
CMP-A0B29CD9,2026-04-04 20:53:19,Form,CE,Placement,Scheduling,Interview slots are overlapping for multiple companies.,0.18,4,true,false,PLACEMENT_INTERVIEW_CLASH_137,0.05,true,
CMP-9D1713E5,2026-04-04 20:55:28,WhatsApp,CSE,Administration,Fees,Scholarship disbursement is delayed by 2 months.,0.1,3,false,true,FEE_ISSUE_248,0.24,true,28
CMP-766DC838,2026-04-04 21:34:19,WhatsApp,CSE,Placement,Scheduling,HR round postponed without notice,0.19,4,false,false,PLACEMENT_INTERVIEW_CLASH_137,0.19,false,
CMP-CDFC0086,2026-04-04 22:04:50,Form,CSE,Placement,Scheduling,HR round postponed without notice,0.24,5,false,true,PLACEMENT_INTERVIEW_CLASH_137,0.19,false,7
CMP-1CF58447,2026-04-04 23:06:20,Anonymous Report,CSE,Administration,Fees,Scholarship disbursement is delayed by 2 months.,0.12,4,false,true,FEE_ISSUE_102,0.23,false,5
CMP-66E21E88,2026-04-04 23:45:00,WhatsApp,CSE,Administration,Fees,Scholarship disbursement is delayed by 2 months.,0.39,3,true,true,FEE_ISSUE_248,0.06,true,45
CMP-6660CB87,2026-04-05 01:08:26,WhatsApp,ECE,Administration,Fees,"fee portal is down, last date tomorrow",0.36,3,false,true,FEE_ISSUE_248,0.14,false,4
CMP-03BCC288,2026-04-05 04:15:21,WhatsApp,ME,Administration,Fees,"fee portal is down, last date tomorrow",0.36,4,false,true,FEE_ISSUE_102,0.18,false,21
CMP-E31ED81B,2026-04-05 04:17:57,App,CSE,Administration,Fees,refund not processed yet,0.19,3,true,true,FEE_ISSUE_248,0.02,false,26
CMP-21A8D542,2026-04-05 05:30:21,WhatsApp,Common,Administration,Fees,Late fee was charged wrongly on my account.,0.31,3,true,true,FEE_ISSUE_102,0.21,false,43
CMP-5F520469,2026-04-05 05:36:12,Form,CSE,Hostel,Food Hygiene,Mess food quality in hostel B has deteriorated significantly.,0.23,4,true,true,MESS_FOOD_POISONING_117,0.11,false,12
CMP-837D783B,2026-04-05 07:24:02,Email,CSE,Academic,Attendance,teacher not coming but taking attendance online??,0.27,3,false,false,FACULTY_ATTENDANCE_24,0.02,false,
CMP-FED11656,2026-04-05 08:33:21,Form,CSE,Placement,Scheduling,TCS interview clashes with my final exam.,0.38,5,false,true,PLACEMENT_INTERVIEW_CLASH_87,0.02,true,19
CMP-A268B31B,2026-04-05 09:29:06,Email,Common,Administration,Fees,refund not processed yet,0.32,4,false,true,FEE_ISSUE_102,0.23,false,21
CMP-2D3BF921,2026-04-05 09:31:23,App,CE,Administration,Fees,"fee portal is down, last date tomorrow",0.17,4,true,true,FEE_ISSUE_102,0.19,false,11
CMP-320F8219,2026-04-05 09:57:16,App,CE,Hostel,Food Hygiene,Mess food quality in hostel B has deteriorated significantly.,0.14,5,true,false,MESS_FOOD_POISONING_117,0.24,false,
CMP-A1545928,2026-04-05 11:20:28,WhatsApp,CSE,Administration,Fees,ltee fee was charged wrongly on my account.,0.29,4,false,true,FEE_ISSUE_248,0.22,false,38
CMP-B1563541,2026-04-05 11:35:11,Form,CSE,Academic,Attendance,attendance portal is showing wrong data for CS101,0.32,2,false,false,FACULTY_ATTENDANCE_24,0.03,true,
CMP-5DBCC82C,2026-04-05 15:29:58,Email,CE,Administration,Fees,Scholarship disbursement is delayed by 2 months.,0.27,4,false,true,FEE_ISSUE_248,0.19,true,9
CMP-1B6847AE,2026-04-05 18:19:43,WhatsApp,EEE,Placement,Scheduling,Please reschedule the Infosys pre-placement talk.,0.11,5,false,true,PLACEMENT_INTERVIEW_CLASH_87,0.18,false,40
CMP-6E65E8BF,2026-04-05 18:34:14,WhatsApp,EEE,Placement,Scheduling,tcs inteerview clshes with my final exam.,0.37,4,true,false,PLACEMENT_INTERVIEW_CLASH_87,0.1,false,
CMP-5703A808,2026-04-05 18:40:54,WhatsApp,ME,Academic,Attendance,Faculty attendance policy bahut unfair hai.,0.28,3,false,false,FACULTY_ATTENDANCE_24,0.11,true,
CMP-BA79E281,2026-04-05 19:17:58,Email,ME,Placement,Scheduling,HR round postponed without notice,0.29,4,false,true,PLACEMENT_INTERVIEW_CLASH_87,0.15,false,30
CMP-E41CC9E0,2026-04-05 19:24:35,Form,CSE,Placement,Scheduling,plceement cell is not responding to mails,0.38,5,true,true,PLACEMENT_INTERVIEW_CLASH_87,0.23,false,3
CMP-CE6F6FD1,2026-04-05 20:06:46,Anonymous Report,EEE,Administration,Fees,refund not processed yet,0.21,4,true,true,FEE_ISSUE_102,0.15,false,12
CMP-17AE44B4,2026-04-05 20:19:14,WhatsApp,ECE,Placement,Scheduling,TCS interview clashes with my final exam.,0.39,4,true,true,PLACEMENT_INTERVIEW_CLASH_87,0.28,false,6
CMP-ACF4EE96,2026-04-05 20:56:53,WhatsApp,ECE,Hostel,Food Hygiene,mess food is unhygienic and causing health issues,0.35,5,false,false,MESS_FOOD_POISONING_117,0.03,false,
CMP-217D106C,2026-04-05 21:15:17,Email,Common,Placement,Scheduling,Please reschedule the Infosys pre-placement talk.,0.39,4,true,true,PLACEMENT_INTERVIEW_CLASH_87,0.11,false,30
CMP-53ED3800,2026-04-05 21:19:30,WhatsApp,CSE,Placement,Scheduling,Please reschedule the Infosys pre-placement talk.,0.12,5,true,true,PLACEMENT_INTERVIEW_CLASH_87,0.22,false,12
CMP-0A5A4A99,2026-04-05 21:59:04,App,ME,Administration,Fees,Late fee was charged wrongly on my account.,0.38,4,false,true,FEE_ISSUE_102,0.02,false,31
CMP-252B3DB3,2026-04-05 22:46:13,WhatsApp,ECE,Hostel,Food Hygiene,Found a bug in my salad at the main cafeteria.,0.31,4,true,true,MESS_FOOD_POISONING_117,0.15,false,37
CMP-A963ADBD,2026-04-06 00:17:00,App,CSE,Academic,Attendance,teacher not coming but taking attendance online??,0.11,2,false,true,FACULTY_ATTENDANCE_24,0.28,true,21
CMP-8EFA235F,2026-04-06 02:51:33,Email,CSE,Hostel,Food Hygiene,mess food is unhygienic and causing health issues,0.27,5,false,false,MESS_FOOD_POISONING_117,0.06,true,
CMP-A0CCFF18,2026-04-06 02:52:58,Email,CSE,Hostel,Food Hygiene,stlee food served in hostel b dinner,0.33,4,true,true,MESS_FOOD_POISONING_117,0.27,false,27
CMP-FD380970,2026-04-06 05:09:49,Form,ECE,Placement,Scheduling,Please reschedule the Infosys pre-placement talk.,0.29,4,true,true,PLACEMENT_INTERVIEW_CLASH_87,0.13,false,16
CMP-9FAB9015,2026-04-06 06:26:27,WhatsApp,Common,Academic,Attendance,attendance issue in DBMS class,0.26,2,true,true,FACULTY_ATTENDANCE_24,0.18,true,3
CMP-E33CE421,2026-04-06 10:16:50,App,ME,Hostel,Food Hygiene,I got food poisoning after eating dinner yesterday.,0.36,5,true,false,MESS_FOOD_POISONING_117,0.03,true,
CMP-37698CD2,2026-04-06 10:32:58,WhatsApp,CSE,Hostel,Food Hygiene,Food quality in the mess has degraded significantly.,0.34,4,true,true,MESS_FOOD_POISONING_117,0.06,false,9
CMP-34A8F4F2,2026-04-06 11:13:07,WhatsApp,CSE,Academic,Attendance,My attendance was marked absent even though I was present.,0.22,2,false,false,FACULTY_ATTENDANCE_24,0.05,false,
CMP-B7D7F857,2026-04-06 13:39:53,WhatsApp,CSE,Hostel,Food Hygiene,mess food is unhygienic and causing health issues,0.11,5,false,false,MESS_FOOD_POISONING_117,0.14,false,
CMP-ED0EEE16,2026-04-06 13:47:44,Form,CSE,Academic,Attendance,Faculty attendance policy bahut unfair hai.,0.35,3,false,true,FACULTY_ATTENDANCE_24,0.17,false,26
CMP-0A9D01D1,2026-04-06 14:21:54,WhatsApp,Common,Hostel,Food Hygiene,stale food served in hostel B dinner,0.15,5,false,true,MESS_FOOD_POISONING_117,0.1,false,10
CMP-E93ECCAE,2026-04-06 14:33:19,Form,Common,Academic,Attendance,teacher not coming but taking attendance online??,0.16,3,false,false,FACULTY_ATTENDANCE_24,0.1,true,
CMP-4DD17382,2026-04-06 14:41:07,WhatsApp,Common,Academic,Attendance,Prof hasn't shown up for classes this whole week.,0.21,3,false,true,FACULTY_ATTENDANCE_24,0.2,true,7
CMP-871C7325,2026-04-06 15:50:22,Email,CSE,Placement,Scheduling,placement cell is not responding to mails,0.2,4,true,true,PLACEMENT_INTERVIEW_CLASH_87,0.27,false,9
CMP-0C3432B2,2026-04-06 16:30:24,WhatsApp,ME,Hostel,Food Hygiene,stale food served in hostel B dinner,0.17,4,false,true,MESS_FOOD_POISONING_117,0.26,false,43
CMP-A56A5286,2026-04-06 18:28:49,Email,Common,Placement,Scheduling,Interview slots are overlapping for multiple companies.,0.4,4,false,false,PLACEMENT_INTERVIEW_CLASH_87,0.03,false,
CMP-FF03B99C,2026-04-06 19:32:16,WhatsApp,ECE,Hostel,Food Hygiene,Mess food quality in hostel B has deteriorated significantly.,0.19,4,true,true,MESS_FOOD_POISONING_117,0.23,false,28
CMP-BC56A2BB,2026-04-06 19:46:57,Anonymous Report,ECE,Placement,Scheduling,Interview slots are overlapping for multiple companies.,0.27,4,false,true,PLACEMENT_INTERVIEW_CLASH_87,0.09,false,47
CMP-572FA961,2026-04-06 21:12:08,Anonymous Report,CSE,Academic,Attendance,teacher not coming but taking attendance online??,0.28,3,false,true,FACULTY_ATTENDANCE_24,0.1,false,29
CMP-A9E6EEDC,2026-04-07 01:44:57,Form,CSE,Hostel,Water,plumber not fixing the leaking tap in room 204,0.21,4,false,true,HOSTEL_WATER_ISSUE_76,0.13,false,26
CMP-AF4E0F0D,2026-04-07 03:17:08,WhatsApp,ECE,Hostel,Food Hygiene,mess food is unhygienic and causing health issues,0.25,5,true,false,MESS_FOOD_POISONING_123,0.08,false,
CMP-0D5717E8,2026-04-07 03:55:52,WhatsApp,EEE,Academic,Exams,"exam schedule is too tight, no prep leaves",0.34,4,true,true,EXAM_SCHEDULE_ISSUE_126,0.17,false,21
CMP-BFB9A505,2026-04-07 04:46:24,Email,ECE,Hostel,Water,"Block B geysers are not working, we need hot water.",0.36,4,false,false,HOSTEL_WATER_ISSUE_76,0.09,true,
CMP-9E01DAE5,2026-04-07 05:12:12,Email,CSE,Transport,Bus Delay,bus 4 fir late ayi,0.11,3,false,false,TRANSPORT_BUS_DELAY_52,0.17,false,
CMP-68254F62,2026-04-07 05:50:21,WhatsApp,ECE,Academic,Exams,Need to reschedule the database systems exam.,0.26,4,false,true,EXAM_SCHEDULE_ISSUE_108,0.24,false,45
CMP-8C2F96D3,2026-04-07 05:56:42,WhatsApp,CSE,Academic,Exams,The CS101 final exam schedule conflicts with the MA201 exam.,0.25,5,false,true,EXAM_SCHEDULE_ISSUE_108,0.2,false,3
CMP-176815B7,2026-04-07 06:14:16,WhatsApp,CE,Academic,Exams,Need to reschedule the database systems exam.,0.32,5,true,true,EXAM_SCHEDULE_ISSUE_108,0.17,false,15
CMP-302E03FB,2026-04-07 06:26:48,Email,CSE,Academic,Exams,mid sem dates are clashing with technical fest,0.12,3,false,true,EXAM_SCHEDULE_ISSUE_126,0.29,false,43
CMP-794FE273,2026-04-07 06:37:50,Form,CSE,Academic,Exams,mid sem dates are clashing with technical fest,0.34,5,true,false,EXAM_SCHEDULE_ISSUE_126,0.16,false,
CMP-EC924D63,2026-04-07 07:14:07,Form,CSE,Hostel,Food Hygiene,I got food poisoning after eating dinner yesterday.,0.3,4,true,true,MESS_FOOD_POISONING_123,0.0,false,20
CMP-3AAAD2C8,2026-04-07 08:22:40,Form,EEE,Hostel,Water,no drinking water on 3rd floor,0.26,4,false,true,HOSTEL_WATER_ISSUE_76,0.27,true,6
CMP-E4629044,2026-04-07 09:02:27,Form,ECE,Hostel,Water,"Block B geysers are not working, we need hot water.",0.25,4,false,true,HOSTEL_WATER_ISSUE_76,0.04,false,46
CMP-329B8D2D,2026-04-07 09:28:58,WhatsApp,CE,Infrastructure,Network,No internet connection in the library again.,0.3,5,false,true,WIFI_OUTAGE_LIBRARY_34,0.21,false,31
CMP-6F42FC84,2026-04-07 09:40:46,WhatsApp,CE,Academic,Exams,Need to reschedule the database systems exam.,0.4,4,true,false,EXAM_SCHEDULE_ISSUE_108,0.12,false,
CMP-873A408F,2026-04-07 09:45:31,WhatsApp,CSE,Transport,Bus Delay,bus breekdown on highway again,0.16,4,false,true,TRANSPORT_BUS_DELAY_52,0.12,false,13
CMP-24EC2DE9,2026-04-07 10:15:05,WhatsApp,CE,Infrastructure,Network,unblee to access internet in library,0.3,3,false,false,WIFI_OUTAGE_LIBRARY_34,0.1,false,
CMP-36FD5EFA,2026-04-07 10:39:15,WhatsApp,CSE,Hostel,Water,wteer cooler in block c is dispensing dirty water.,0.32,4,false,true,HOSTEL_WATER_ISSUE_76,0.29,false,43
CMP-88F8F175,2026-04-07 11:45:56,Form,CSE,Academic,Exams,"exam schedule is too tight, no prep leaves",0.15,5,false,false,EXAM_SCHEDULE_ISSUE_108,0.3,false,
CMP-CC03A63B,2026-04-07 12:04:42,Email,EEE,Infrastructure,Network,library network outage since morning,0.28,3,false,true,WIFI_OUTAGE_LIBRARY_34,0.24,false,31
CMP-1FF0DC06,2026-04-07 12:07:39,Anonymous Report,CSE,Academic,Exams,syllabus for exams not declared yet,0.17,5,true,true,EXAM_SCHEDULE_ISSUE_126,0.24,true,45
CMP-F66E53FB,2026-04-07 12:10:56,Form,ECE,Academic,Exams,syllabus for exams not declared yet,0.32,5,true,true,EXAM_SCHEDULE_ISSUE_126,0.28,false,23
CMP-11F06059,2026-04-07 12:18:37,Anonymous Report,ECE,Hostel,Water,no drinking wteer on 3rd floor,0.16,4,true,false,HOSTEL_WATER_ISSUE_76,0.02,false,
CMP-8A5CF621,2026-04-07 12:21:02,App,CSE,Hostel,Water,water cooler in Block C is dispensing dirty water.,0.33,3,true,true,HOSTEL_WATER_ISSUE_76,0.29,false,33
CMP-7BEF6DE2,2026-04-07 12:21:24,App,ECE,Transport,Bus Delay,bus breekdown on highway again,0.17,3,true,true,TRANSPORT_BUS_DELAY_52,0.08,true,42
CMP-0D83F0B0,2026-04-07 12:34:27,Anonymous Report,ME,Hostel,Food Hygiene,mess food is unhygienic and causing health issues,0.39,5,true,true,MESS_FOOD_POISONING_123,0.17,false,38
CMP-8DE2CEE1,2026-04-07 12:39:23,WhatsApp,ECE,Academic,Exams,"exam schedule is too tight, no prep leaves",0.15,3,true,false,EXAM_SCHEDULE_ISSUE_108,0.13,false,
CMP-F4DAC216,2026-04-07 13:35:21,WhatsApp,CSE,Academic,Exams,syllabus for exams not declared yet,0.34,3,false,false,EXAM_SCHEDULE_ISSUE_108,0.07,false,
CMP-4F4E2217,2026-04-07 14:40:07,Email,ECE,Hostel,Food Hygiene,"mess ka khana bahut kharab hai, log beemar pad rahe hain",0.17,4,true,true,MESS_FOOD_POISONING_123,0.14,false,41
CMP-0FA45FD5,2026-04-07 16:14:31,Form,MBA,Infrastructure,Network,The Wi-Fi in the main library has been down for three days now.,0.38,5,false,false,WIFI_OUTAGE_LIBRARY_34,0.24,true,
CMP-7C0E3E52,2026-04-07 16:20:08,App,ECE,Academic,Exams,"exam schedule is too tight, no prep leaves",0.34,4,false,true,EXAM_SCHEDULE_ISSUE_126,0.11,true,43
CMP-6C772848,2026-04-07 16:35:52,Form,Common,Transport,Bus Delay,"Transport facility is very poor, bus never comes on time.",0.12,3,true,true,TRANSPORT_BUS_DELAY_52,0.07,false,24
CMP-A2A25A3F,2026-04-07 18:25:42,WhatsApp,ECE,Transport,Bus Delay,driver of bus 7 is very rude,0.34,4,false,false,TRANSPORT_BUS_DELAY_52,0.14,false,
CMP-751E4D1A,2026-04-07 18:55:56,App,ME,Hostel,Food Hygiene,stale food served in hostel B dinner,0.31,4,true,true,MESS_FOOD_POISONING_123,0.25,false,27
CMP-39C8C986,2026-04-07 19:03:26,WhatsApp,ECE,Academic,Exams,2 exams on the same day is unfair,0.15,3,false,true,EXAM_SCHEDULE_ISSUE_108,0.23,false,16
CMP-5E055BBE,2026-04-07 21:17:41,Email,CSE,Academic,Exams,The CS101 final exam schedule conflicts with the MA201 exam.,0.17,5,true,false,EXAM_SCHEDULE_ISSUE_126,0.29,true,
CMP-C5870577,2026-04-07 22:58:20,Form,ECE,Academic,Exams,mid sem dates are clashing with technical fest,0.12,5,false,true,EXAM_SCHEDULE_ISSUE_108,0.12,false,48
CMP-F6CE8257,2026-04-08 00:05:15,WhatsApp,CSE,Hostel,Food Hygiene,Food quality in the mess has degraded significantly.,0.23,5,true,false,MESS_FOOD_POISONING_107,0.26,false,
CMP-9F92B2C2,2026-04-08 00:05:29,Email,CSE,Infrastructure,Network,No internet connection in the library again.,0.2,5,false,false,WIFI_OUTAGE_LIBRARY_34,0.14,false,
CMP-CF0840C9,2026-04-08 00:12:42,Email,ME,Hostel,Water,There is no hot water in Block B hostels since yesterday.,0.33,3,false,false,HOSTEL_WATER_ISSUE_63,0.22,false,
CMP-5EA6D9E2,2026-04-08 00:13:33,Email,CSE,Placement,Scheduling,Interview slots are overlapping for multiple companies.,0.16,5,true,true,PLACEMENT_INTERVIEW_CLASH_247,0.0,true,5
CMP-B952CD14,2026-04-08 00:34:54,Anonymous Report,CSE,Hostel,Food Hygiene,stale food served in hostel B dinner,0.11,5,true,false,MESS_FOOD_POISONING_123,0.29,false,
CMP-EFC8947C,2026-04-08 02:18:49,Email,ME,Hostel,Water,water cooler in Block C is dispensing dirty water.,0.2,4,false,true,HOSTEL_WATER_ISSUE_76,0.06,true,27
CMP-A6527F31,2026-04-08 02:26:49,WhatsApp,CSE,Hostel,Water,plumber not fixing the leaking tap in room 204,0.39,4,false,false,HOSTEL_WATER_ISSUE_76,0.17,false,
CMP-7C7372BD,2026-04-08 03:05:52,Form,ME,Transport,Bus Delay,"Transport facility is very poor, bus never comes on time.",0.14,4,false,true,TRANSPORT_BUS_DELAY_52,0.11,false,24
CMP-6F9A9F2C,2026-04-08 03:09:18,WhatsApp,EEE,Infrastructure,Network,unblee to access internet in library,0.28,5,false,true,WIFI_OUTAGE_LIBRARY_34,0.05,false,5
CMP-664142D5,2026-04-08 03:49:56,Anonymous Report,ME,Hostel,Water,"Block B geysers are not working, we need hot water.",0.33,3,false,false,HOSTEL_WATER_ISSUE_76,0.1,false,
CMP-65529F9D,2026-04-08 04:07:46,Anonymous Report,CE,Hostel,Water,plumber not fixing the leaking tap in room 204,0.12,4,true,true,HOSTEL_WATER_ISSUE_76,0.3,false,8
CMP-B1D34304,2026-04-08 04:12:09,WhatsApp,CSE,Academic,Exams,syllabus for exams not declared yet,0.21,4,false,false,EXAM_SCHEDULE_ISSUE_108,0.15,false,
CMP-BDD5139C,2026-04-08 04:16:35,Form,CSE,Transport,Bus Delay,We are waiting at the stop for 1 hour for the college bus.,0.37,2,false,true,TRANSPORT_BUS_DELAY_52,0.24,false,23
CMP-4594E413,2026-04-08 04:28:29,WhatsApp,CE,Hostel,Food Hygiene,Mess food quality in hostel B has deteriorated significantly.,0.34,5,true,true,MESS_FOOD_POISONING_123,0.17,false,32
CMP-083CC6D7,2026-04-08 04:33:35,WhatsApp,CE,Hostel,Food Hygiene,Mess food quality in hostel B has deteriorated significantly.,0.28,5,true,false,MESS_FOOD_POISONING_123,0.09,false,
CMP-A411EDB8,2026-04-08 04:44:57,Anonymous Report,ECE,Hostel,Water,"block b geeysers re not working, we need hot water.",0.13,4,false,true,HOSTEL_WATER_ISSUE_76,0.17,false,42
CMP-BD913716,2026-04-08 04:57:27,Email,EEE,Hostel,Food Hygiene,Food quality in the mess has degraded significantly.,0.17,4,true,true,MESS_FOOD_POISONING_123,0.28,false,33
CMP-74FADC9C,2026-04-08 05:28:02,Form,CSE,Academic,Exams,"exam schedule is too tight, no prep leaves",0.38,5,true,true,EXAM_SCHEDULE_ISSUE_108,0.29,false,8
CMP-F0CE786D,2026-04-08 05:40:38,App,Common,Infrastructure,Network,librry neetwork outage since morning,0.37,5,true,true,WIFI_OUTAGE_LIBRARY_234,0.2,false,2
CMP-ABCF2912,2026-04-08 05:41:16,WhatsApp,CSE,Academic,Exams,Need to reschedule the database systems exam.,0.12,4,true,true,EXAM_SCHEDULE_ISSUE_126,0.09,false,4
CMP-BA4CF2C6,2026-04-08 06:36:59,WhatsApp,Common,Hostel,Water,"Block B geysers are not working, we need hot water.",0.11,4,false,false,HOSTEL_WATER_ISSUE_76,0.18,false,
CMP-A6AA1527,2026-04-08 06:43:40,Form,ECE,Academic,Exams,"exam schedule is too tight, no prep leaves",0.35,3,false,false,EXAM_SCHEDULE_ISSUE_108,0.11,false,
CMP-C1F70E42,2026-04-08 07:06:10,Form,CSE,Academic,Exams,2 exams on the same day is unfair,0.25,3,false,true,EXAM_SCHEDULE_ISSUE_108,0.0,false,2
CMP-BBBD1827,2026-04-08 07:39:49,Email,CSE,Academic,Exams,"exam schedule is too tight, no prep leaves",0.13,4,false,true,EXAM_SCHEDULE_ISSUE_126,0.16,false,2
CMP-8F240F69,2026-04-08 08:15:02,Form,ECE,Hostel,Food Hygiene,Mess food quality in hostel B has deteriorated significantly.,0.3,5,true,true,MESS_FOOD_POISONING_107,0.2,false,8
CMP-19696F09,2026-04-08 08:38:13,Email,ECE,Academic,Exams,Need to reschedule the database systems exam.,0.36,4,false,true,EXAM_SCHEDULE_ISSUE_108,0.04,false,5
CMP-AC048203,2026-04-08 08:54:47,WhatsApp,Common,Hostel,Food Hygiene,mess food is unhygienic and causing health issues,0.3,5,true,false,MESS_FOOD_POISONING_123,0.12,true,
CMP-53E81400,2026-04-08 09:01:35,WhatsApp,CE,Hostel,Food Hygiene,"meess k khana bahut kharab hai, log beemar pad rahe hain",0.23,5,false,false,MESS_FOOD_POISONING_107,0.13,true,
CMP-4600907E,2026-04-08 09:25:09,Email,Common,Placement,Scheduling,Please reschedule the Infosys pre-placement talk.,0.18,5,false,false,PLACEMENT_INTERVIEW_CLASH_247,0.06,false,
CMP-490C1200,2026-04-08 10:40:43,App,CSE,Hostel,Water,water cooler in Block C is dispensing dirty water.,0.19,3,false,false,HOSTEL_WATER_ISSUE_63,0.2,true,
CMP-FDC3E677,2026-04-08 10:44:20,Email,CSE,Hostel,Water,"Block B geysers are not working, we need hot water.",0.22,4,false,true,HOSTEL_WATER_ISSUE_63,0.17,false,22
CMP-07ED85F1,2026-04-08 10:46:28,Form,MBA,Infrastructure,Network,librry wifi is compleetely dead. please fix it asap.,0.15,4,false,true,WIFI_OUTAGE_LIBRARY_234,0.12,true,42
CMP-D098EEF4,2026-04-08 11:01:40,App,CSE,Hostel,Water,paani nahi aa raha subah se,0.24,4,false,false,HOSTEL_WATER_ISSUE_63,0.04,false,
CMP-152634CC,2026-04-08 11:22:01,WhatsApp,CSE,Hostel,Water,"Block B geysers are not working, we need hot water.",0.31,4,false,true,HOSTEL_WATER_ISSUE_63,0.21,false,6
CMP-8A267B65,2026-04-08 11:40:54,Email,MBA,Academic,Exams,syllabus for exams not declared yet,0.27,5,true,true,EXAM_SCHEDULE_ISSUE_108,0.03,false,46
CMP-74D312D4,2026-04-08 11:43:33,WhatsApp,Common,Academic,Exams,syllabus for exams not declared yet,0.3,5,true,false,EXAM_SCHEDULE_ISSUE_126,0.09,false,
CMP-9C823CCD,2026-04-08 12:13:40,Email,ECE,Transport,Bus Delay,driver of bus 7 is very rude,0.35,3,false,true,TRANSPORT_BUS_DELAY_52,0.27,true,38
CMP-7DADDB55,2026-04-08 12:23:35,WhatsApp,CSE,Transport,Bus Delay,"Transport facility is very poor, bus never comes on time.",0.16,3,false,true,TRANSPORT_BUS_DELAY_52,0.08,false,36
CMP-4AD19C26,2026-04-08 12:35:17,Form,CSE,Hostel,Food Hygiene,"mess ka khana bahut kharab hai, log beemar pad rahe hain",0.27,4,true,false,MESS_FOOD_POISONING_123,0.21,false,
CMP-34CFFE24,2026-04-08 12:53:36,Email,EEE,Academic,Exams,"exam schedule is too tight, no prep leaves",0.28,3,true,true,EXAM_SCHEDULE_ISSUE_126,0.23,false,18
CMP-CB1562B5,2026-04-08 12:54:17,WhatsApp,CSE,Hostel,Food Hygiene,Found a bug in my salad at the main cafeteria.,0.19,4,true,true,MESS_FOOD_POISONING_107,0.21,false,14
CMP-F5CAC90A,2026-04-08 13:55:04,Email,CSE,Hostel,Food Hygiene,stale food served in hostel B dinner,0.31,4,true,true,MESS_FOOD_POISONING_123,0.2,false,8
CMP-70EA35D7,2026-04-08 13:55:55,Email,CSE,Hostel,Food Hygiene,stale food served in hostel B dinner,0.3,4,true,true,MESS_FOOD_POISONING_107,0.15,false,24
CMP-0A4CCC5F,2026-04-08 14:07:44,WhatsApp,CSE,Academic,Exams,mid sem dates are clashing with technical fest,0.38,5,false,true,EXAM_SCHEDULE_ISSUE_108,0.04,false,4
CMP-3CD0E576,2026-04-08 14:08:02,WhatsApp,ECE,Academic,Exams,syllabus for exams not declared yet,0.24,3,false,false,EXAM_SCHEDULE_ISSUE_108,0.07,false,
CMP-5C9CC3EA,2026-04-08 14:16:45,WhatsApp,CSE,Academic,Exams,The CS101 final exam schedule conflicts with the MA201 exam.,0.29,3,false,false,EXAM_SCHEDULE_ISSUE_126,0.05,false,
CMP-A8F46254,2026-04-08 14:59:31,Form,ECE,Placement,Scheduling,Please reschedule the Infosys pre-placement talk.,0.23,4,true,false,PLACEMENT_INTERVIEW_CLASH_247,0.12,false,
CMP-A2259FA6,2026-04-08 15:32:18,App,ECE,Infrastructure,Network,library wifi is completely dead. Please fix it ASAP.,0.17,3,false,true,WIFI_OUTAGE_LIBRARY_234,0.2,false,2
CMP-8646F712,2026-04-08 15:37:27,WhatsApp,ECE,Infrastructure,Network,library wifi is completely dead. Please fix it ASAP.,0.33,5,false,true,WIFI_OUTAGE_LIBRARY_234,0.14,false,21
CMP-55383403,2026-04-08 16:09:44,WhatsApp,ECE,Hostel,Water,no drinking water on 3rd floor,0.27,3,false,true,HOSTEL_WATER_ISSUE_76,0.2,false,5
CMP-22F5709B,2026-04-08 16:30:20,Form,CSE,Infrastructure,Network,Unable to access internet in library,0.26,5,false,true,WIFI_OUTAGE_LIBRARY_34,0.28,false,38
CMP-642D4C69,2026-04-08 16:31:56,WhatsApp,CE,Hostel,Food Hygiene,stale food served in hostel B dinner,0.21,5,true,true,MESS_FOOD_POISONING_123,0.15,false,47
CMP-E1499830,2026-04-08 16:46:29,Email,ECE,Academic,Exams,syllabus for exams not declared yet,0.15,5,false,true,EXAM_SCHEDULE_ISSUE_126,0.06,true,17
CMP-9B958109,2026-04-08 16:59:22,WhatsApp,ECE,Placement,Scheduling,placement drive and mid sem on same day??,0.29,5,false,false,PLACEMENT_INTERVIEW_CLASH_247,0.28,false,
CMP-F094609D,2026-04-08 17:11:43,Form,CSE,Transport,Bus Delay,driver of bus 7 is very rude,0.28,2,true,true,TRANSPORT_BUS_DELAY_52,0.14,false,43
CMP-3B308BD5,2026-04-08 17:21:47,Form,ECE,Placement,Scheduling,placement drive and mid sem on same day??,0.29,5,true,false,PLACEMENT_INTERVIEW_CLASH_247,0.16,true,
CMP-211F3E46,2026-04-08 17:32:32,Form,ECE,Placement,Scheduling,placement cell is not responding to mails,0.13,5,true,true,PLACEMENT_INTERVIEW_CLASH_247,0.15,false,22
CMP-FFF766AC,2026-04-08 17:34:42,App,CSE,Hostel,Food Hygiene,mess food is unhygienic and causing health issues,0.3,5,true,false,MESS_FOOD_POISONING_123,0.24,false,
CMP-07BCEDB3,2026-04-08 17:39:21,Form,CSE,Infrastructure,Network,Unable to access internet in library,0.22,4,true,true,WIFI_OUTAGE_LIBRARY_234,0.25,false,48
CMP-F400775F,2026-04-08 18:29:20,Form,CSE,Hostel,Water,"Block B geysers are not working, we need hot water.",0.11,3,true,false,HOSTEL_WATER_ISSUE_76,0.25,false,
CMP-92E9CBB4,2026-04-08 18:42:00,Form,Common,Infrastructure,Network,library wifi is completely dead. Please fix it ASAP.,0.13,3,false,true,WIFI_OUTAGE_LIBRARY_234,0.19,false,44
CMP-0F124165,2026-04-08 18:56:42,Email,CSE,Hostel,Water,There is no hot water in Block B hostels since yesterday.,0.3,4,false,true,HOSTEL_WATER_ISSUE_63,0.14,false,39
CMP-902D6253,2026-04-08 20:13:30,Email,ECE,Infrastructure,Network,Unable to access internet in library,0.35,3,true,false,WIFI_OUTAGE_LIBRARY_234,0.01,false,
CMP-914CB297,2026-04-08 20:20:00,WhatsApp,ECE,Academic,Exams,2 exams on the same day is unfair,0.22,3,true,true,EXAM_SCHEDULE_ISSUE_126,0.29,true,31
CMP-8FDCBB23,2026-04-08 20:20:14,Email,EEE,Hostel,Food Hygiene,meess food qulity in hostel b has deteriorated significantly.,0.18,5,true,true,MESS_FOOD_POISONING_123,0.18,false,41
CMP-C7F74C2A,2026-04-08 20:26:41,WhatsApp,CE,Academic,Exams,The CS101 final exam schedule conflicts with the MA201 exam.,0.24,3,false,false,EXAM_SCHEDULE_ISSUE_108,0.23,false,
CMP-96734547,2026-04-08 20:38:25,Email,CSE,Academic,Exams,"exam schedule is too tight, no prep leaves",0.18,3,true,false,EXAM_SCHEDULE_ISSUE_126,0.3,false,
CMP-EA62AC76,2026-04-08 20:58:18,Anonymous Report,ECE,Infrastructure,Network,wifi firse gaya 😭 library me,0.33,3,true,false,WIFI_OUTAGE_LIBRARY_234,0.1,false,
CMP-2AE9137C,2026-04-08 21:10:36,Email,CSE,Academic,Exams,neeed to reschedule the dtabase systems exam.,0.27,4,true,true,EXAM_SCHEDULE_ISSUE_108,0.3,false,18
CMP-13EE4984,2026-04-08 21:20:39,Email,EEE,Placement,Scheduling,TCS interview clashes with my final exam.,0.34,4,false,false,PLACEMENT_INTERVIEW_CLASH_247,0.25,false,
CMP-EB535524,2026-04-08 22:08:36,Form,Common,Transport,Bus Delay,bus 4 fir late ayi,0.22,4,true,true,TRANSPORT_BUS_DELAY_52,0.26,false,45
CMP-1F857EA5,2026-04-08 22:41:17,Email,ECE,Placement,Scheduling,HR round postponed without notice,0.33,5,false,false,PLACEMENT_INTERVIEW_CLASH_247,0.14,false,
CMP-87402901,2026-04-08 22:49:23,Form,CSE,Hostel,Water,plumber not fixing the leaking tap in room 204,0.29,4,false,true,HOSTEL_WATER_ISSUE_63,0.01,false,44
CMP-7C47ABD1,2026-04-08 23:51:17,WhatsApp,Common,Academic,Exams,mid sem dates are clashing with technical fest,0.26,5,true,true,EXAM_SCHEDULE_ISSUE_126,0.21,false,21
CMP-4643D421,2026-04-09 01:47:32,WhatsApp,CSE,Infrastructure,Network,library me net nahi chal raha kab thik hoga,0.35,4,false,false,WIFI_OUTAGE_LIBRARY_234,0.13,false,
CMP-11A21ED7,2026-04-09 01:59:03,Anonymous Report,CSE,Hostel,Water,no drinking water on 3rd floor,0.4,3,false,true,HOSTEL_WATER_ISSUE_63,0.18,false,2
CMP-CD37E26A,2026-04-09 02:40:52,WhatsApp,MBA,Placement,Scheduling,placement cell is not responding to mails,0.34,4,true,true,PLACEMENT_INTERVIEW_CLASH_247,0.13,false,21
CMP-04A8986A,2026-04-09 02:42:32,WhatsApp,CE,Hostel,Food Hygiene,Found a bug in my salad at the main cafeteria.,0.15,4,false,true,MESS_FOOD_POISONING_107,0.02,true,26
CMP-508A39F7,2026-04-09 03:05:14,Form,CE,Infrastructure,Network,Unable to access internet in library,0.33,3,false,true,WIFI_OUTAGE_LIBRARY_234,0.14,false,5
CMP-6AA77D30,2026-04-09 03:22:16,Email,ECE,Harassment,Bullying,Seniors are ragging in the hostel block.,0.4,5,true,true,HARASSMENT_REPORT_155,0.73,false,25
CMP-9E27A880,2026-04-09 03:23:28,WhatsApp,ME,Placement,Scheduling,TCS interview clashes with my final exam.,0.12,5,false,false,PLACEMENT_INTERVIEW_CLASH_247,0.05,false,
CMP-0EAFFDF9,2026-04-09 03:29:19,Email,CSE,Placement,Scheduling,placement drive and mid sem on same day??,0.38,5,false,false,PLACEMENT_INTERVIEW_CLASH_247,0.05,true,
CMP-24F9D1EA,2026-04-09 03:41:17,Email,ECE,Hostel,Food Hygiene,i got food poisoning fteer eating dinner yesterday.,0.26,4,false,false,MESS_FOOD_POISONING_107,0.25,false,
CMP-998C72EC,2026-04-09 04:03:51,Anonymous Report,CSE,Hostel,Food Hygiene,Found a bug in my salad at the main cafeteria.,0.13,5,true,false,MESS_FOOD_POISONING_107,0.16,false,
CMP-653CD9F3,2026-04-09 04:46:39,Email,ME,Hostel,Food Hygiene,Food quality in the mess has degraded significantly.,0.33,4,true,true,MESS_FOOD_POISONING_107,0.24,false,40
CMP-C5BE07CC,2026-04-09 05:53:44,WhatsApp,CSE,Placement,Scheduling,HR round postponed without notice,0.25,4,false,true,PLACEMENT_INTERVIEW_CLASH_247,0.24,false,18
CMP-0FDF2396,2026-04-09 07:50:44,WhatsApp,CE,Hostel,Water,water cooler in Block C is dispensing dirty water.,0.37,4,false,true,HOSTEL_WATER_ISSUE_63,0.23,false,23
CMP-D82D7B3F,2026-04-09 08:08:08,WhatsApp,CSE,Infrastructure,Network,library wifi is completely dead. Please fix it ASAP.,0.39,3,false,true,WIFI_OUTAGE_LIBRARY_234,0.1,false,1
CMP-8972FDCF,2026-04-09 09:35:14,Form,CSE,Hostel,Water,water cooler in Block C is dispensing dirty water.,0.24,4,false,true,HOSTEL_WATER_ISSUE_63,0.28,true,28
CMP-ED9AB26F,2026-04-09 11:09:18,App,ME,Placement,Scheduling,TCS interview clashes with my final exam.,0.34,4,true,true,PLACEMENT_INTERVIEW_CLASH_247,0.3,false,13
CMP-FF1A490E,2026-04-09 11:54:38,Email,CSE,Infrastructure,Network,library wifi is completely dead. Please fix it ASAP.,0.27,3,true,false,WIFI_OUTAGE_LIBRARY_234,0.14,false,
CMP-2C74846E,2026-04-09 12:00:58,Email,CSE,Infrastructure,Network,Unable to access internet in library,0.13,5,false,false,WIFI_OUTAGE_LIBRARY_234,0.17,true,
CMP-341D227D,2026-04-09 12:27:28,App,CE,Infrastructure,Network,No internet connection in the library again.,0.18,5,true,true,WIFI_OUTAGE_LIBRARY_234,0.06,true,41
CMP-825D33D3,2026-04-09 12:40:48,Form,ECE,Hostel,Food Hygiene,Food quality in the mess has degraded significantly.,0.32,5,true,false,MESS_FOOD_POISONING_107,0.15,true,
CMP-E2B493E6,2026-04-09 13:53:42,WhatsApp,CSE,Infrastructure,Network,library network outage since morning,0.37,3,false,true,WIFI_OUTAGE_LIBRARY_234,0.05,false,44
CMP-C8EFDA96,2026-04-09 13:58:29,Form,ECE,Placement,Scheduling,HR round postponed without notice,0.34,4,true,false,PLACEMENT_INTERVIEW_CLASH_247,0.0,false,
CMP-06B48D5F,2026-04-09 14:18:32,WhatsApp,Common,Placement,Scheduling,Please reschedule the Infosys pre-placement talk.,0.2,5,false,true,PLACEMENT_INTERVIEW_CLASH_247,0.2,false,30
CMP-CDCBE1E6,2026-04-09 14:23:02,Email,CSE,Hostel,Food Hygiene,Found a bug in my salad at the main cafeteria.,0.4,4,true,true,MESS_FOOD_POISONING_107,0.27,true,3
CMP-628F641A,2026-04-09 14:23:45,Email,ME,Placement,Scheduling,Interview slots are overlapping for multiple companies.,0.25,4,true,true,PLACEMENT_INTERVIEW_CLASH_247,0.0,false,5
CMP-2766F29A,2026-04-09 14:48:28,WhatsApp,ME,Hostel,Food Hygiene,mess food is unhygienic and causing health issues,0.15,4,true,true,MESS_FOOD_POISONING_107,0.26,false,38
CMP-914AAA8F,2026-04-09 15:36:53,Form,CE,Infrastructure,Network,library wifi is completely dead. Please fix it ASAP.,0.37,3,false,true,WIFI_OUTAGE_LIBRARY_234,0.15,false,41
CMP-3B97B670,2026-04-09 15:39:07,WhatsApp,CSE,Harassment,Bullying,Seniors are ragging in the hostel block.,0.18,5,true,true,HARASSMENT_REPORT_155,0.84,false,6
CMP-2633FBB0,2026-04-09 16:51:09,App,CSE,Placement,Scheduling,TCS interview clashes with my final exam.,0.2,5,true,true,PLACEMENT_INTERVIEW_CLASH_247,0.08,false,1
CMP-20617F86,2026-04-09 17:00:17,WhatsApp,ECE,Placement,Scheduling,placement drive and mid sem on same day??,0.39,4,true,false,PLACEMENT_INTERVIEW_CLASH_247,0.25,false,
CMP-9FC967C5,2026-04-09 18:09:34,Form,ECE,Harassment,Bullying,Please take action against ragging in boys hostel,0.21,5,true,false,HARASSMENT_REPORT_155,0.87,false,
CMP-3E8FD76E,2026-04-09 18:57:22,WhatsApp,ECE,Hostel,Food Hygiene,Found a bug in my salad at the main cafeteria.,0.3,4,true,false,MESS_FOOD_POISONING_107,0.28,true,
CMP-56210246,2026-04-09 19:17:00,Form,ECE,Placement,Scheduling,Please reschedule the Infosys pre-placement talk.,0.1,4,true,false,PLACEMENT_INTERVIEW_CLASH_247,0.01,false,
CMP-8276D301,2026-04-09 20:38:33,App,ECE,Placement,Scheduling,Please reschedule the Infosys pre-placement talk.,0.17,5,false,true,PLACEMENT_INTERVIEW_CLASH_247,0.01,false,15
CMP-0D6C4D38,2026-04-09 20:55:55,App,MBA,Hostel,Food Hygiene,food qulity in thee mess has degraded significantly.,0.38,4,false,true,MESS_FOOD_POISONING_107,0.01,false,8
CMP-C735EFE1,2026-04-09 22:36:56,Form,CSE,Hostel,Water,plumber not fixing the leaking tap in room 204,0.11,3,false,true,HOSTEL_WATER_ISSUE_63,0.07,true,2
CMP-BD022F42,2026-04-09 23:21:01,Form,CSE,Hostel,Water,There is no hot water in Block B hostels since yesterday.,0.12,4,false,false,HOSTEL_WATER_ISSUE_63,0.29,false,
CMP-84C67EF7,2026-04-09 23:53:25,Form,CSE,Infrastructure,Network,The Wi-Fi in the main library has been down for three days now.,0.39,5,false,false,WIFI_OUTAGE_LIBRARY_234,0.24,false,
CMP-E316D3DE,2026-04-10 00:53:56,WhatsApp,MBA,Hostel,Food Hygiene,Mess food quality in hostel B has deteriorated significantly.,0.36,4,true,true,MESS_FOOD_POISONING_4,0.1,true,12
CMP-7A890FB3,2026-04-10 00:58:03,App,ECE,Harassment,Bullying,Anonymous harassment on college group,0.1,5,true,false,HARASSMENT_REPORT_128,0.63,true,
CMP-E50995BE,2026-04-10 01:42:54,WhatsApp,ECE,Harassment,Bullying,Facing toxic behavior from a faculty member.,0.21,5,true,true,HARASSMENT_REPORT_155,0.61,false,37
CMP-AA13886D,2026-04-10 02:03:48,Email,CSE,Harassment,Bullying,constant bullying by batchmates,0.24,5,true,false,HARASSMENT_REPORT_25,0.76,false,
CMP-1D6810E9,2026-04-10 02:13:28,Anonymous Report,ECE,Harassment,Bullying,Anonymous harassment on college group,0.14,5,true,true,HARASSMENT_REPORT_128,0.63,true,5
CMP-32761ECC,2026-04-10 02:26:48,WhatsApp,CE,Harassment,Bullying,Seniors are ragging in the hostel block.,0.12,5,true,false,HARASSMENT_REPORT_25,0.81,false,
CMP-A39E8C96,2026-04-10 02:30:19,App,CSE,Hostel,Food Hygiene,stale food served in hostel B dinner,0.33,5,true,true,MESS_FOOD_POISONING_4,0.19,true,7
CMP-50894B5D,2026-04-10 02:59:22,App,Common,Hostel,Food Hygiene,Found a bug in my salad at the main cafeteria.,0.36,4,false,true,MESS_FOOD_POISONING_4,0.24,false,3
CMP-606BB402,2026-04-10 03:17:50,Email,ECE,Hostel,Food Hygiene,Food quality in the mess has degraded significantly.,0.36,5,true,false,MESS_FOOD_POISONING_4,0.29,false,
CMP-D222AC59,2026-04-10 03:18:30,Form,CE,Harassment,Bullying,Please take action against ragging in boys hostel,0.28,5,true,true,HARASSMENT_REPORT_128,0.77,true,19
CMP-81E54D28,2026-04-10 04:33:30,Form,Common,Harassment,Bullying,Facing toxic behavior from a faculty member.,0.2,5,true,true,HARASSMENT_REPORT_128,0.7,false,15
CMP-E933CE23,2026-04-10 07:14:40,Form,ECE,Harassment,Bullying,Seniors are ragging in the hostel block.,0.16,5,true,true,HARASSMENT_REPORT_155,0.64,false,48
CMP-04E1607C,2026-04-10 07:15:38,App,ECE,Harassment,Bullying,Facing toxic behavior from a faculty member.,0.39,5,true,false,HARASSMENT_REPORT_25,0.81,false,
CMP-1CAF291C,2026-04-10 08:57:59,Anonymous Report,CE,Harassment,Bullying,Facing toxic behavior from a faculty member.,0.12,5,true,false,HARASSMENT_REPORT_128,0.8,false,
CMP-0AC78A33,2026-04-10 10:48:03,App,CSE,Harassment,Bullying,Anonymous harassment on college group,0.38,5,true,true,HARASSMENT_REPORT_155,0.84,false,12
CMP-0D7EBD5B,2026-04-10 10:51:44,Email,CSE,Harassment,Bullying,Anonymous harassment on college group,0.14,5,true,true,HARASSMENT_REPORT_25,0.78,false,36
CMP-F8DE65C7,2026-04-10 13:12:47,Anonymous Report,Common,Harassment,Bullying,Please take action against ragging in boys hostel,0.13,5,true,false,HARASSMENT_REPORT_155,0.77,false,
CMP-FA1C0819,2026-04-10 13:21:02,WhatsApp,CE,Hostel,Food Hygiene,"mess ka khana bahut kharab hai, log beemar pad rahe hain",0.19,4,true,true,MESS_FOOD_POISONING_4,0.3,false,13
CMP-0427E481,2026-04-10 13:32:54,WhatsApp,CSE,Harassment,Bullying,Anonymous harassment on college group,0.14,5,true,true,HARASSMENT_REPORT_25,0.79,false,42
CMP-CA4B7A55,2026-04-10 13:50:33,Anonymous Report,CSE,Harassment,Bullying,Facing toxic behavior from a faculty member.,0.38,5,true,true,HARASSMENT_REPORT_128,0.69,false,38
CMP-C9BF8B56,2026-04-10 13:58:01,Form,ME,Harassment,Bullying,Facing toxic behavior from a faculty member.,0.26,5,true,false,HARASSMENT_REPORT_128,0.68,false,
CMP-8D26F359,2026-04-10 14:08:48,Form,Common,Harassment,Bullying,Anonymous harassment on college group,0.27,5,true,true,HARASSMENT_REPORT_25,0.8,true,19
CMP-90BFF67C,2026-04-10 14:17:41,WhatsApp,CSE,Hostel,Food Hygiene,stale food served in hostel B dinner,0.24,5,true,true,MESS_FOOD_POISONING_4,0.15,false,46
CMP-46E21ED0,2026-04-10 14:32:27,Email,ECE,Hostel,Food Hygiene,"mess ka khana bahut kharab hai, log beemar pad rahe hain",0.36,5,true,false,MESS_FOOD_POISONING_4,0.03,false,
CMP-98F36D6F,2026-04-10 16:52:07,App,CE,Harassment,Bullying,Anonymous harassment on college group,0.14,5,true,true,HARASSMENT_REPORT_155,0.71,false,12
CMP-F6D59A59,2026-04-10 18:15:28,Email,Common,Hostel,Food Hygiene,Found a bug in my salad at the main cafeteria.,0.13,4,true,false,MESS_FOOD_POISONING_4,0.17,false,
CMP-320B31FE,2026-04-10 19:42:18,WhatsApp,CSE,Harassment,Bullying,Seniors are ragging in the hostel block.,0.23,5,false,true,HARASSMENT_REPORT_155,0.89,true,39
CMP-2DCE698D,2026-04-10 20:10:54,Email,ECE,Harassment,Bullying,Facing toxic behavior from a faculty member.,0.24,5,true,false,HARASSMENT_REPORT_128,0.66,false,
CMP-22C0815D,2026-04-10 20:27:58,Anonymous Report,EEE,Harassment,Bullying,Facing toxic behavior from a faculty member.,0.38,5,true,true,HARASSMENT_REPORT_128,0.65,false,11
CMP-109825DF,2026-04-10 20:58:56,Anonymous Report,ECE,Hostel,Food Hygiene,Food quality in the mess has degraded significantly.,0.25,4,true,true,MESS_FOOD_POISONING_4,0.1,false,40
CMP-CE14294C,2026-04-10 21:57:36,WhatsApp,ME,Hostel,Food Hygiene,Food quality in the mess has degraded significantly.,0.26,4,true,true,MESS_FOOD_POISONING_4,0.29,false,17
CMP-6708FE5B,2026-04-10 22:36:32,Email,ECE,Hostel,Food Hygiene,Food quality in the mess has degraded significantly.,0.29,4,true,true,MESS_FOOD_POISONING_4,0.08,false,36
CMP-74FDBB8C,2026-04-11 01:15:16,App,ME,Hostel,Food Hygiene,Mess food quality in hostel B has deteriorated significantly.,0.16,5,true,true,MESS_FOOD_POISONING_95,0.09,false,7
CMP-F926DB61,2026-04-11 02:40:08,Form,ECE,Hostel,Food Hygiene,Mess food quality in hostel B has deteriorated significantly.,0.13,4,true,true,MESS_FOOD_POISONING_144,0.12,false,22
CMP-36ABFE59,2026-04-11 02:57:34,App,CE,Harassment,Bullying,Anonymous harassment on college group,0.21,5,false,false,HARASSMENT_REPORT_128,0.68,false,
CMP-BFB20F0D,2026-04-11 02:59:06,WhatsApp,ME,Hostel,Water,There is no hot water in Block B hostels since yesterday.,0.23,4,false,false,HOSTEL_WATER_ISSUE_51,0.3,true,
CMP-CCBE110C,2026-04-11 03:02:13,WhatsApp,CE,Hostel,Water,no drinking water on 3rd floor,0.16,4,true,true,HOSTEL_WATER_ISSUE_51,0.23,false,46
CMP-BC3E715D,2026-04-11 03:39:39,WhatsApp,Common,Hostel,Water,water cooler in Block C is dispensing dirty water.,0.36,3,false,false,HOSTEL_WATER_ISSUE_51,0.29,false,
CMP-4BFA7B0D,2026-04-11 03:49:07,Anonymous Report,CSE,Hostel,Water,"Block B geysers are not working, we need hot water.",0.19,3,true,true,HOSTEL_WATER_ISSUE_51,0.23,false,12
CMP-42886572,2026-04-11 05:16:37,WhatsApp,ECE,Harassment,Bullying,Seniors are ragging in the hostel block.,0.1,5,true,true,HARASSMENT_REPORT_128,0.75,false,32
CMP-BD15CBBF,2026-04-11 05:25:25,Form,CSE,Hostel,Water,water cooler in Block C is dispensing dirty water.,0.12,4,false,false,HOSTEL_WATER_ISSUE_51,0.11,false,
CMP-056151AF,2026-04-11 06:34:05,Email,CSE,Hostel,Food Hygiene,"mess ka khana bahut kharab hai, log beemar pad rahe hain",0.24,4,false,false,MESS_FOOD_POISONING_144,0.29,false,
CMP-E489E578,2026-04-11 06:38:58,Email,ME,Hostel,Food Hygiene,I got food poisoning after eating dinner yesterday.,0.28,4,true,false,MESS_FOOD_POISONING_4,0.0,false,
CMP-EB1E2380,2026-04-11 07:05:39,App,CSE,Harassment,Bullying,Seniors are ragging in the hostel block.,0.37,5,true,false,HARASSMENT_REPORT_25,0.73,true,
CMP-66D2BE5A,2026-04-11 07:26:25,Email,CSE,Harassment,Bullying,constant bullying by batchmates,0.35,5,true,true,HARASSMENT_REPORT_128,0.77,false,1
CMP-68A0DABE,2026-04-11 08:22:59,WhatsApp,CSE,Hostel,Food Hygiene,stale food served in hostel B dinner,0.28,5,true,false,MESS_FOOD_POISONING_4,0.24,false,
CMP-588BF240,2026-04-11 08:25:31,WhatsApp,EEE,Hostel,Food Hygiene,mess food is unhygienic and causing health issues,0.15,5,true,true,MESS_FOOD_POISONING_4,0.1,false,3
CMP-1276B4C4,2026-04-11 08:41:24,App,MBA,Harassment,Bullying,constant bullying by batchmates,0.23,5,true,false,HARASSMENT_REPORT_25,0.66,true,
CMP-30C9B62E,2026-04-11 08:53:46,WhatsApp,CSE,Hostel,Food Hygiene,mess food is unhygienic and causing health issues,0.13,5,true,false,MESS_FOOD_POISONING_95,0.28,false,
CMP-74C1E7B3,2026-04-11 09:05:21,WhatsApp,ECE,Harassment,Bullying,constant bullying by batchmates,0.18,5,true,true,HARASSMENT_REPORT_25,0.76,false,19
CMP-F730439F,2026-04-11 09:08:59,WhatsApp,CSE,Hostel,Water,no drinking water on 3rd floor,0.23,3,false,true,HOSTEL_WATER_ISSUE_51,0.13,false,47
CMP-3FA19F07,2026-04-11 09:16:20,App,EEE,Hostel,Food Hygiene,Food quality in the mess has degraded significantly.,0.17,5,true,true,MESS_FOOD_POISONING_144,0.29,true,1
CMP-13673083,2026-04-11 09:19:36,Form,CSE,Hostel,Food Hygiene,Found a bug in my salad at the main cafeteria.,0.2,4,false,true,MESS_FOOD_POISONING_144,0.05,true,13
CMP-3E92CEF1,2026-04-11 09:20:54,WhatsApp,ECE,Hostel,Food Hygiene,stale food served in hostel B dinner,0.15,4,false,true,MESS_FOOD_POISONING_144,0.23,false,5
CMP-53B6F105,2026-04-11 09:23:58,App,CE,Harassment,Bullying,constant bullying by batchmates,0.39,5,true,true,HARASSMENT_REPORT_128,0.78,false,8
CMP-A1B1DBDA,2026-04-11 09:42:44,WhatsApp,Common,Hostel,Food Hygiene,I got food poisoning after eating dinner yesterday.,0.36,4,true,true,MESS_FOOD_POISONING_4,0.03,false,33
CMP-D7A1B0EB,2026-04-11 09:46:34,Anonymous Report,Common,Hostel,Water,water cooler in Block C is dispensing dirty water.,0.24,4,true,false,HOSTEL_WATER_ISSUE_51,0.07,true,
CMP-B1F055AA,2026-04-11 10:50:28,App,Common,Hostel,Food Hygiene,Food quality in the mess has degraded significantly.,0.14,4,true,false,MESS_FOOD_POISONING_95,0.28,false,
CMP-DCA1233E,2026-04-11 11:18:45,WhatsApp,CE,Harassment,Bullying,Please take action against ragging in boys hostel,0.31,5,true,false,HARASSMENT_REPORT_128,0.66,false,
CMP-067AB3AA,2026-04-11 11:47:54,Form,CSE,Harassment,Bullying,Anonymous harassment on college group,0.22,5,true,true,HARASSMENT_REPORT_128,0.74,false,32
CMP-C7CCDC4C,2026-04-11 13:09:25,WhatsApp,CSE,Harassment,Bullying,constnt bullying by batchmatees,0.39,5,true,true,HARASSMENT_REPORT_25,0.72,true,19
CMP-3803C18C,2026-04-11 13:21:30,Form,CSE,Hostel,Food Hygiene,stale food served in hostel B dinner,0.39,5,true,true,MESS_FOOD_POISONING_144,0.28,true,47
CMP-B2D6188A,2026-04-11 13:44:07,WhatsApp,CSE,Harassment,Bullying,constant bullying by batchmates,0.37,5,true,true,HARASSMENT_REPORT_25,0.74,true,29
CMP-714D8527,2026-04-11 13:49:57,Email,CSE,Hostel,Food Hygiene,Mess food quality in hostel B has deteriorated significantly.,0.2,5,false,true,MESS_FOOD_POISONING_144,0.29,false,16
CMP-7F330927,2026-04-11 13:52:10,Email,EEE,Hostel,Food Hygiene,I got food poisoning after eating dinner yesterday.,0.14,4,true,true,MESS_FOOD_POISONING_95,0.19,false,2
CMP-697BB652,2026-04-11 14:07:40,App,ME,Harassment,Bullying,pleese take action against ragging in boys hostel,0.29,5,true,false,HARASSMENT_REPORT_25,0.88,false,
CMP-FA3DC1E8,2026-04-11 14:38:16,Email,CSE,Hostel,Food Hygiene,"mess ka khana bahut kharab hai, log beemar pad rahe hain",0.2,5,true,true,MESS_FOOD_POISONING_144,0.11,false,12
CMP-FA6897E0,2026-04-11 15:47:29,Anonymous Report,MBA,Hostel,Food Hygiene,stale food served in hostel B dinner,0.32,4,true,true,MESS_FOOD_POISONING_4,0.08,false,16
CMP-EC58A039,2026-04-11 16:06:13,App,CE,Hostel,Food Hygiene,stale food served in hostel B dinner,0.11,5,true,false,MESS_FOOD_POISONING_4,0.14,false,
CMP-2A1ECFE6,2026-04-11 16:27:27,Form,ECE,Hostel,Food Hygiene,Mess food quality in hostel B has deteriorated significantly.,0.3,5,true,true,MESS_FOOD_POISONING_4,0.16,true,46
CMP-8FA5D605,2026-04-11 16:32:30,WhatsApp,ECE,Hostel,Water,There is no hot water in Block B hostels since yesterday.,0.2,3,false,true,HOSTEL_WATER_ISSUE_51,0.22,false,29
CMP-E9A71591,2026-04-11 17:26:20,App,CSE,Hostel,Food Hygiene,Food quality in the mess has degraded significantly.,0.27,5,false,true,MESS_FOOD_POISONING_4,0.28,false,13
CMP-3281AB24,2026-04-11 17:27:39,Email,Common,Harassment,Bullying,Anonymous harassment on college group,0.17,5,true,true,HARASSMENT_REPORT_25,0.8,false,9
CMP-E281B2EF,2026-04-11 17:50:24,Email,Common,Hostel,Water,There is no hot water in Block B hostels since yesterday.,0.1,4,true,false,HOSTEL_WATER_ISSUE_51,0.26,false,
CMP-C2234E44,2026-04-11 18:14:45,App,ECE,Hostel,Water,plumber not fixing the leaking tap in room 204,0.37,3,false,true,HOSTEL_WATER_ISSUE_51,0.23,true,1
CMP-6A9435B5,2026-04-11 18:15:05,Anonymous Report,MBA,Hostel,Food Hygiene,i got food poisoning fteer eating dinner yesterday.,0.25,5,true,false,MESS_FOOD_POISONING_144,0.03,false,
CMP-8936B339,2026-04-11 18:27:21,WhatsApp,CSE,Hostel,Water,water cooler in Block C is dispensing dirty water.,0.24,4,true,true,HOSTEL_WATER_ISSUE_51,0.28,true,47
CMP-5434E4A5,2026-04-11 19:03:06,WhatsApp,CSE,Harassment,Bullying,Anonymous harassment on college group,0.26,5,true,true,HARASSMENT_REPORT_25,0.65,false,34
CMP-0D8471DB,2026-04-11 19:42:43,WhatsApp,ECE,Hostel,Food Hygiene,stale food served in hostel B dinner,0.16,5,true,false,MESS_FOOD_POISONING_144,0.16,false,
CMP-FF2769CA,2026-04-11 19:47:31,Form,CSE,Hostel,Water,water cooler in Block C is dispensing dirty water.,0.36,3,false,false,HOSTEL_WATER_ISSUE_51,0.18,false,
CMP-4C12BC67,2026-04-11 19:56:08,Anonymous Report,CE,Hostel,Food Hygiene,Mess food quality in hostel B has deteriorated significantly.,0.35,5,true,true,MESS_FOOD_POISONING_4,0.07,false,9
CMP-3659E58E,2026-04-11 20:59:27,WhatsApp,ECE,Harassment,Bullying,constant bullying by batchmates,0.21,5,true,true,HARASSMENT_REPORT_128,0.88,true,30
CMP-0C827F01,2026-04-11 21:11:06,Email,CSE,Harassment,Bullying,Seniors are ragging in the hostel block.,0.38,5,true,false,HARASSMENT_REPORT_128,0.76,false,
CMP-1E429DBB,2026-04-11 21:15:30,WhatsApp,ME,Hostel,Food Hygiene,I got food poisoning after eating dinner yesterday.,0.17,5,true,true,MESS_FOOD_POISONING_144,0.23,true,3
CMP-78AACC88,2026-04-11 21:29:42,WhatsApp,CSE,Hostel,Food Hygiene,I got food poisoning after eating dinner yesterday.,0.11,4,false,true,MESS_FOOD_POISONING_144,0.12,false,34
CMP-D47A8B44,2026-04-11 21:31:59,Email,CE,Harassment,Bullying,Please take action against ragging in boys hostel,0.17,5,true,false,HARASSMENT_REPORT_128,0.67,false,
CMP-E1DAE20F,2026-04-11 21:51:48,Form,ECE,Hostel,Food Hygiene,mess food is unhygienic and causing health issues,0.2,5,true,true,MESS_FOOD_POISONING_4,0.11,false,45
CMP-250F6233,2026-04-11 22:44:30,App,Common,Hostel,Food Hygiene,"mess ka khana bahut kharab hai, log beemar pad rahe hain",0.18,5,true,false,MESS_FOOD_POISONING_95,0.15,false,
CMP-17A92427,2026-04-11 22:44:41,WhatsApp,CSE,Harassment,Bullying,constant bullying by batchmates,0.28,5,true,true,HARASSMENT_REPORT_25,0.8,false,3
CMP-9A9B2ED3,2026-04-11 23:50:12,Email,CSE,Hostel,Food Hygiene,I got food poisoning after eating dinner yesterday.,0.26,4,true,true,MESS_FOOD_POISONING_144,0.17,false,19
CMP-78DA02F3,2026-04-11 23:59:51,Email,CSE,Hostel,Water,no drinking water on 3rd floor,0.37,4,false,true,HOSTEL_WATER_ISSUE_51,0.1,false,16
CMP-49348DF8,2026-04-12 00:09:17,Email,CSE,Hostel,Food Hygiene,Found a bug in my salad at the main cafeteria.,0.37,4,false,false,MESS_FOOD_POISONING_95,0.18,true,
CMP-E9653DF5,2026-04-12 00:10:54,Email,CSE,Hostel,Food Hygiene,Mess food quality in hostel B has deteriorated significantly.,0.39,5,true,true,MESS_FOOD_POISONING_95,0.23,true,11
CMP-081C0C6F,2026-04-12 01:36:26,Form,ME,Hostel,Food Hygiene,Food quality in the mess has degraded significantly.,0.3,4,true,false,MESS_FOOD_POISONING_144,0.28,false,
CMP-850FC778,2026-04-12 02:05:21,Anonymous Report,CSE,Hostel,Food Hygiene,Found a bug in my salad at the main cafeteria.,0.27,5,true,true,MESS_FOOD_POISONING_95,0.15,false,20
CMP-5403B637,2026-04-12 02:34:21,WhatsApp,ME,Hostel,Food Hygiene,Found a bug in my salad at the main cafeteria.,0.18,5,true,true,MESS_FOOD_POISONING_95,0.09,false,8
CMP-2EA80C0C,2026-04-12 03:38:55,WhatsApp,CSE,Hostel,Water,plumber not fixing the leaking tap in room 204,0.18,4,false,true,HOSTEL_WATER_ISSUE_51,0.27,false,24
CMP-E29F7160,2026-04-12 05:28:16,WhatsApp,CSE,Hostel,Food Hygiene,food qulity in thee mess has degraded significantly.,0.16,5,true,false,MESS_FOOD_POISONING_144,0.18,false,
CMP-30F7990B,2026-04-12 07:51:11,WhatsApp,CSE,Hostel,Water,"Block B geysers are not working, we need hot water.",0.18,3,true,false,HOSTEL_WATER_ISSUE_51,0.02,false,
CMP-2AB1091A,2026-04-12 10:25:40,App,CSE,Hostel,Food Hygiene,Found a bug in my salad at the main cafeteria.,0.32,5,true,true,MESS_FOOD_POISONING_95,0.03,false,39
CMP-56F88384,2026-04-12 10:34:33,WhatsApp,ECE,Administration,Fees,Late fee was charged wrongly on my account.,0.33,3,false,false,FEE_ISSUE_11,0.07,false,
CMP-A7E7A678,2026-04-12 11:58:35,Form,ME,Hostel,Food Hygiene,Food quality in the mess has degraded significantly.,0.14,5,false,false,MESS_FOOD_POISONING_95,0.06,true,
CMP-7906327B,2026-04-12 13:05:37,Anonymous Report,ECE,Administration,Fees,extra charges in this semester fee structure?,0.3,4,true,false,FEE_ISSUE_11,0.28,false,
CMP-589944EA,2026-04-12 13:38:45,Email,CSE,Hostel,Food Hygiene,Food quality in the mess has degraded significantly.,0.29,5,true,true,MESS_FOOD_POISONING_144,0.05,false,37
CMP-8EDC9486,2026-04-12 14:01:02,WhatsApp,ME,Administration,Fees,refund not processed yet,0.36,4,false,true,FEE_ISSUE_11,0.3,false,2
CMP-24D0DD79,2026-04-12 14:06:11,Form,CSE,Hostel,Food Hygiene,Mess food quality in hostel B has deteriorated significantly.,0.25,4,false,true,MESS_FOOD_POISONING_144,0.24,false,8
CMP-7C54796A,2026-04-12 15:33:13,WhatsApp,ECE,Hostel,Food Hygiene,Mess food quality in hostel B has deteriorated significantly.,0.28,4,true,true,MESS_FOOD_POISONING_95,0.12,false,35
CMP-5648B1D7,2026-04-12 17:17:51,Email,ECE,Hostel,Food Hygiene,Mess food quality in hostel B has deteriorated significantly.,0.2,4,true,false,MESS_FOOD_POISONING_95,0.14,true,
CMP-77CB3A71,2026-04-12 19:02:34,App,CE,Administration,Fees,extra charges in this semester fee structure?,0.32,4,true,false,FEE_ISSUE_11,0.17,false,
CMP-90B0440C,2026-04-12 19:15:25,Form,CSE,Administration,Fees,Late fee was charged wrongly on my account.,0.26,4,false,false,FEE_ISSUE_11,0.28,false,
CMP-893F4903,2026-04-12 19:53:59,WhatsApp,Common,Hostel,Food Hygiene,food qulity in thee mess has degraded significantly.,0.29,5,true,false,MESS_FOOD_POISONING_95,0.29,false,
CMP-350FD8A8,2026-04-12 20:34:29,Form,ECE,Administration,Fees,refund not processed yet,0.16,4,true,false,FEE_ISSUE_11,0.26,false,
CMP-DE8BFCC6,2026-04-12 20:50:49,Email,ME,Hostel,Food Hygiene,Food quality in the mess has degraded significantly.,0.26,4,true,true,MESS_FOOD_POISONING_144,0.08,true,27
CMP-F845B81E,2026-04-12 21:18:32,App,MBA,Hostel,Food Hygiene,mess food is unhygienic and causing health issues,0.14,5,true,false,MESS_FOOD_POISONING_144,0.14,false,
CMP-F4E44E06,2026-04-12 22:26:22,WhatsApp,Common,Hostel,Water,There is no hot water in Block B hostels since yesterday.,0.31,3,false,false,HOSTEL_WATER_ISSUE_51,0.26,false,
CMP-4DA9BC0B,2026-04-12 22:59:54,Form,CE,Administration,Fees,"fee portal is down, last date tomorrow",0.16,3,true,false,FEE_ISSUE_11,0.01,false,
CMP-D93F3234,2026-04-13 01:12:20,WhatsApp,CSE,Administration,Fees,Late fee was charged wrongly on my account.,0.36,4,false,false,FEE_ISSUE_11,0.28,false,
CMP-C976A994,2026-04-13 01:23:36,App,ECE,Administration,Fees,"feee portl is down, last date tomorrow",0.12,4,true,true,FEE_ISSUE_11,0.22,false,23
CMP-878E0EF9,2026-04-13 02:45:22,WhatsApp,ECE,Hostel,Water,paani nahi aa raha subah se,0.22,3,false,true,HOSTEL_WATER_ISSUE_164,0.06,false,7
CMP-8F42821B,2026-04-13 04:42:10,Form,EEE,Hostel,Water,theere is no hot wter in block b hostels since yesterday.,0.25,4,false,true,HOSTEL_WATER_ISSUE_164,0.13,false,10
CMP-F111C7DD,2026-04-13 05:00:38,Anonymous Report,Common,Administration,Fees,"fee portal is down, last date tomorrow",0.24,4,true,true,FEE_ISSUE_11,0.1,false,7
CMP-083E44E6,2026-04-13 05:07:14,WhatsApp,Common,Administration,Fees,Late fee was charged wrongly on my account.,0.34,4,false,true,FEE_ISSUE_11,0.09,false,2
CMP-3B0E53B2,2026-04-13 05:23:30,WhatsApp,CSE,Hostel,Water,water cooler in Block C is dispensing dirty water.,0.3,4,false,true,HOSTEL_WATER_ISSUE_164,0.07,true,14
CMP-E6BCB191,2026-04-13 10:17:45,WhatsApp,CSE,Administration,Fees,refund not processed yet,0.24,3,true,false,FEE_ISSUE_11,0.3,true,
CMP-D1F8EB8F,2026-04-13 14:19:27,WhatsApp,EEE,Hostel,Water,wteer cooler in block c is dispensing dirty water.,0.36,4,true,false,HOSTEL_WATER_ISSUE_164,0.04,true,
CMP-A84A4E94,2026-04-13 18:56:24,Anonymous Report,ME,Administration,Fees,"fee portal is down, last date tomorrow",0.33,3,true,false,FEE_ISSUE_11,0.06,false,
CMP-C0922749,2026-04-13 19:38:03,Anonymous Report,CE,Administration,Fees,"fee portal is down, last date tomorrow",0.36,3,false,true,FEE_ISSUE_11,0.17,false,35
CMP-103BA19E,2026-04-13 20:43:29,Anonymous Report,CE,Administration,Fees,refund not processed yet,0.14,4,false,true,FEE_ISSUE_11,0.12,false,34
CMP-CEE7B05A,2026-04-13 21:54:21,Anonymous Report,CSE,Administration,Fees,refund not processed yet,0.22,3,false,true,FEE_ISSUE_11,0.15,false,5
CMP-B363C465,2026-04-13 22:10:10,Anonymous Report,CSE,Hostel,Water,plumber not fixing the leaking tap in room 204,0.3,4,false,true,HOSTEL_WATER_ISSUE_164,0.22,false,19
CMP-56A9BC7B,2026-04-13 22:15:23,Form,MBA,Administration,Fees,refund not processed yet,0.22,3,false,true,FEE_ISSUE_11,0.12,false,28
CMP-3BB4C8A7,2026-04-14 00:04:12,Anonymous Report,CE,Administration,Fees,reefund not processed yet,0.14,4,true,true,FEE_ISSUE_59,0.27,true,27
CMP-3A7654DE,2026-04-14 00:21:54,WhatsApp,CE,Administration,Fees,Late fee was charged wrongly on my account.,0.27,4,false,true,FEE_ISSUE_59,0.06,false,25
CMP-4B6C5035,2026-04-14 00:24:35,Email,CSE,Academic,Exams,Need to reschedule the database systems exam.,0.27,4,true,false,EXAM_SCHEDULE_ISSUE_82,0.15,false,
CMP-1C839C27,2026-04-14 01:18:53,Email,CSE,Hostel,Water,plumber not fixing the leaking tap in room 204,0.37,3,true,true,HOSTEL_WATER_ISSUE_164,0.14,true,32
CMP-D3A03FEF,2026-04-14 01:45:54,Form,ECE,Academic,Exams,2 exams on the same day is unfair,0.19,4,false,true,EXAM_SCHEDULE_ISSUE_82,0.17,false,39
CMP-785BB1AE,2026-04-14 03:02:28,App,ECE,Hostel,Water,plumber not fixing the leaking tap in room 204,0.21,3,false,true,HOSTEL_WATER_ISSUE_164,0.01,false,10
CMP-A77A026A,2026-04-14 03:39:26,Email,CSE,Placement,Scheduling,HR round postponed without notice,0.15,5,true,true,PLACEMENT_INTERVIEW_CLASH_99,0.15,false,29
CMP-102CB69D,2026-04-14 04:10:10,Email,CSE,Academic,Attendance,Professor missed the last three lectures without prior notice.,0.34,2,false,false,FACULTY_ATTENDANCE_70,0.09,false,
CMP-5B570CD2,2026-04-14 04:10:42,App,ME,Administration,Fees,Scholarship disbursement is delayed by 2 months.,0.37,3,false,false,FEE_ISSUE_59,0.27,true,
CMP-C2C2CC5C,2026-04-14 04:15:16,Form,CE,Academic,Exams,syllabus for exams not declared yet,0.21,4,true,true,EXAM_SCHEDULE_ISSUE_82,0.12,false,48
CMP-7D43DB97,2026-04-14 04:17:50,App,ECE,Placement,Scheduling,Interview slots are overlapping for multiple companies.,0.39,5,true,true,PLACEMENT_INTERVIEW_CLASH_32,0.19,false,10
CMP-6B3AFC0D,2026-04-14 05:32:43,Email,ME,Placement,Scheduling,TCS interview clashes with my final exam.,0.29,5,true,false,PLACEMENT_INTERVIEW_CLASH_99,0.13,false,
CMP-61C267E4,2026-04-14 05:46:10,Form,EEE,Academic,Attendance,Faculty attendance policy bahut unfair hai.,0.33,2,true,true,FACULTY_ATTENDANCE_70,0.17,false,13
CMP-DF14CD04,2026-04-14 06:34:30,WhatsApp,CE,Hostel,Water,"Block B geysers are not working, we need hot water.",0.25,4,true,false,HOSTEL_WATER_ISSUE_164,0.22,false,
CMP-17CD6588,2026-04-14 06:53:31,Form,ECE,Hostel,Water,There is no hot water in Block B hostels since yesterday.,0.28,3,false,true,HOSTEL_WATER_ISSUE_164,0.3,false,27
CMP-9FE4E17C,2026-04-14 06:57:38,WhatsApp,MBA,Academic,Attendance,Professor missed the last three lectures without prior notice.,0.38,3,false,false,FACULTY_ATTENDANCE_70,0.06,true,
CMP-C1093989,2026-04-14 07:52:21,WhatsApp,CE,Hostel,Water,There is no hot water in Block B hostels since yesterday.,0.33,3,false,false,HOSTEL_WATER_ISSUE_164,0.1,false,
CMP-56EF06C8,2026-04-14 08:33:08,WhatsApp,ECE,Hostel,Water,plumbeer not fixing the leking tap in room 204,0.14,4,false,true,HOSTEL_WATER_ISSUE_235,0.05,false,4
CMP-57A8BB33,2026-04-14 09:24:56,WhatsApp,CSE,Administration,Fees,extra charges in this semester fee structure?,0.28,4,true,true,FEE_ISSUE_59,0.24,false,29
CMP-B26B9E1D,2026-04-14 09:41:48,WhatsApp,CSE,Academic,Attendance,attendance issue in DBMS class,0.29,2,false,true,FACULTY_ATTENDANCE_70,0.15,false,5
CMP-BC585198,2026-04-14 09:49:54,WhatsApp,CSE,Academic,Attendance,My attendance was marked absent even though I was present.,0.35,2,false,true,FACULTY_ATTENDANCE_70,0.24,false,38
CMP-2403BA9B,2026-04-14 10:00:46,WhatsApp,CE,Placement,Scheduling,HR round postponed without notice,0.32,4,false,true,PLACEMENT_INTERVIEW_CLASH_99,0.23,false,30
CMP-D312FF88,2026-04-14 10:30:01,Email,MBA,Placement,Scheduling,hr round postponeed without notice,0.38,5,false,true,PLACEMENT_INTERVIEW_CLASH_99,0.11,false,34
CMP-EC7B288B,2026-04-14 11:10:37,WhatsApp,CSE,Academic,Exams,"exam schedule is too tight, no prep leaves",0.26,3,false,true,EXAM_SCHEDULE_ISSUE_82,0.25,false,27
CMP-885A4A3A,2026-04-14 11:31:17,Email,CSE,Academic,Attendance,teacher not coming but taking attendance online??,0.34,2,false,false,FACULTY_ATTENDANCE_70,0.03,false,
CMP-10D448EA,2026-04-14 12:21:08,Email,EEE,Academic,Attendance,attendance issue in DBMS class,0.16,3,false,false,FACULTY_ATTENDANCE_70,0.23,false,
CMP-44331A01,2026-04-14 12:48:59,WhatsApp,CE,Hostel,Water,There is no hot water in Block B hostels since yesterday.,0.24,4,false,true,HOSTEL_WATER_ISSUE_235,0.05,false,37
CMP-0B42E61B,2026-04-14 13:49:56,Email,Common,Hostel,Water,no drinking water on 3rd floor,0.28,3,false,true,HOSTEL_WATER_ISSUE_164,0.28,false,11
CMP-0F268AC5,2026-04-14 13:54:25,Email,MBA,Hostel,Water,pani nahi aa raha subah see,0.13,4,false,true,HOSTEL_WATER_ISSUE_164,0.04,false,16
CMP-D8826BAF,2026-04-14 14:25:21,App,Common,Placement,Scheduling,TCS interview clashes with my final exam.,0.2,5,false,true,PLACEMENT_INTERVIEW_CLASH_32,0.27,true,12
CMP-ADC59DAE,2026-04-14 15:25:28,Anonymous Report,CSE,Placement,Scheduling,placement drive and mid sem on same day??,0.27,4,true,false,PLACEMENT_INTERVIEW_CLASH_32,0.18,false,
CMP-10AEBC77,2026-04-14 15:53:44,Form,ECE,Hostel,Water,There is no hot water in Block B hostels since yesterday.,0.13,3,false,false,HOSTEL_WATER_ISSUE_164,0.04,false,
CMP-27F6A04E,2026-04-14 16:06:47,WhatsApp,CSE,Placement,Scheduling,Please reschedule the Infosys pre-placement talk.,0.11,5,true,true,PLACEMENT_INTERVIEW_CLASH_32,0.08,false,10
CMP-77CF0395,2026-04-14 16:17:11,WhatsApp,Common,Academic,Attendance,Professor missed the last three lectures without prior notice.,0.34,3,false,true,FACULTY_ATTENDANCE_70,0.2,true,38
CMP-703CA439,2026-04-14 16:35:40,WhatsApp,ME,Hostel,Water,paani nahi aa raha subah se,0.3,4,true,false,HOSTEL_WATER_ISSUE_164,0.01,false,
CMP-1978E7C5,2026-04-14 17:02:55,App,CSE,Placement,Scheduling,Interview slots are overlapping for multiple companies.,0.12,5,true,true,PLACEMENT_INTERVIEW_CLASH_32,0.19,false,43
CMP-611F2899,2026-04-14 17:15:16,WhatsApp,CSE,Placement,Scheduling,TCS interview clashes with my final exam.,0.14,5,true,false,PLACEMENT_INTERVIEW_CLASH_99,0.21,false,
CMP-8548E165,2026-04-14 18:49:11,WhatsApp,CSE,Academic,Attendance,attendance portal is showing wrong data for CS101,0.11,3,false,true,FACULTY_ATTENDANCE_70,0.13,false,33
CMP-EA0C1ECD,2026-04-14 19:26:15,WhatsApp,EEE,Placement,Scheduling,hr round postponeed without notice,0.21,4,false,true,PLACEMENT_INTERVIEW_CLASH_32,0.02,false,20
CMP-EAC9E8B9,2026-04-14 20:00:26,Form,Common,Placement,Scheduling,Interview slots are overlapping for multiple companies.,0.19,4,true,false,PLACEMENT_INTERVIEW_CLASH_99,0.26,false,
CMP-FABCFD83,2026-04-14 20:47:41,Email,ECE,Academic,Attendance,profeessor missed the lst three lectures without prior notice.,0.1,2,false,true,FACULTY_ATTENDANCE_70,0.04,false,14
CMP-02C2C3FE,2026-04-14 20:51:06,Anonymous Report,ME,Academic,Exams,"eexm schedule is too tight, no prep leaves",0.14,5,true,false,EXAM_SCHEDULE_ISSUE_82,0.1,false,
CMP-3E6F8ABE,2026-04-14 21:17:23,WhatsApp,MBA,Academic,Exams,2 exams on the same day is unfair,0.21,3,false,false,EXAM_SCHEDULE_ISSUE_82,0.12,false,
CMP-F0938761,2026-04-14 21:24:52,Form,CSE,Academic,Attendance,Professor missed the last three lectures without prior notice.,0.33,2,false,true,FACULTY_ATTENDANCE_70,0.25,false,20
CMP-AFDA0AE8,2026-04-14 21:46:14,WhatsApp,ME,Academic,Attendance,My attendance was marked absent even though I was present.,0.25,2,false,true,FACULTY_ATTENDANCE_70,0.21,true,30
CMP-6530E0E1,2026-04-14 21:56:43,App,MBA,Academic,Attendance,attendance portal is showing wrong data for CS101,0.33,3,false,false,FACULTY_ATTENDANCE_70,0.19,false,
CMP-3D49C3BD,2026-04-14 23:33:20,App,CSE,Placement,Scheduling,Please reschedule the Infosys pre-placement talk.,0.14,4,true,true,PLACEMENT_INTERVIEW_CLASH_99,0.08,false,9
CMP-116C0DA0,2026-04-15 00:10:04,WhatsApp,EEE,Placement,Scheduling,placement drive and mid sem on same day??,0.33,4,true,true,PLACEMENT_INTERVIEW_CLASH_99,0.12,false,12
CMP-7E432580,2026-04-15 00:23:40,App,ECE,Administration,Fees,Scholarship disbursement is delayed by 2 months.,0.12,3,false,true,FEE_ISSUE_59,0.13,false,6
CMP-98326079,2026-04-15 01:24:02,Form,ME,Administration,Fees,refund not processed yet,0.38,4,false,true,FEE_ISSUE_59,0.17,false,39
CMP-964394B2,2026-04-15 01:43:48,Form,CSE,Harassment,Bullying,Please take action against ragging in boys hostel,0.31,5,false,true,HARASSMENT_REPORT_180,0.67,false,19
CMP-E592014D,2026-04-15 01:58:07,Form,CSE,Academic,Attendance,attendance issue in DBMS class,0.11,3,true,false,FACULTY_ATTENDANCE_70,0.05,false,
CMP-EACA749A,2026-04-15 02:23:43,Email,ME,Administration,Fees,refund not processed yet,0.33,4,true,false,FEE_ISSUE_59,0.17,false,
CMP-A8379DEC,2026-04-15 02:52:30,WhatsApp,ME,Harassment,Bullying,Seniors are ragging in the hostel block.,0.37,5,true,false,HARASSMENT_REPORT_180,0.73,true,
CMP-C145C4D8,2026-04-15 05:07:59,Email,ME,Hostel,Water,no drinking water on 3rd floor,0.35,3,false,false,HOSTEL_WATER_ISSUE_235,0.03,false,
CMP-C4374DE0,2026-04-15 06:01:27,Form,CSE,Harassment,Bullying,constant bullying by batchmates,0.27,5,true,false,HARASSMENT_REPORT_60,0.71,false,
CMP-559F8FDC,2026-04-15 06:08:12,Email,Common,Administration,Fees,Late fee was charged wrongly on my account.,0.18,3,true,true,FEE_ISSUE_59,0.03,true,22
CMP-B4F9A205,2026-04-15 06:28:38,WhatsApp,CE,Harassment,Bullying,Anonymous harassment on college group,0.23,5,true,false,HARASSMENT_REPORT_60,0.88,false,
CMP-4C9F988A,2026-04-15 06:39:04,WhatsApp,EEE,Administration,Fees,"fee portal is down, last date tomorrow",0.4,3,false,true,FEE_ISSUE_59,0.08,true,28
CMP-AE71FE40,2026-04-15 07:47:18,WhatsApp,Common,Academic,Attendance,Prof hasn't shown up for classes this whole week.,0.13,3,false,false,FACULTY_ATTENDANCE_70,0.08,false,
CMP-06AB7D93,2026-04-15 08:16:11,WhatsApp,Common,Harassment,Bullying,Facing toxic behavior from a faculty member.,0.39,5,true,true,HARASSMENT_REPORT_180,0.65,false,48
CMP-E1AA9D03,2026-04-15 09:12:41,Form,CSE,Harassment,Bullying,Seniors are ragging in the hostel block.,0.12,5,true,true,HARASSMENT_REPORT_180,0.85,true,37
CMP-0A7E62DC,2026-04-15 09:14:02,Anonymous Report,ECE,Placement,Scheduling,TCS interview clashes with my final exam.,0.13,5,false,false,PLACEMENT_INTERVIEW_CLASH_32,0.03,true,
CMP-6D90995D,2026-04-15 09:41:33,WhatsApp,ECE,Placement,Scheduling,placement drive and mid sem on same day??,0.16,5,true,false,PLACEMENT_INTERVIEW_CLASH_32,0.07,false,
CMP-6EF9FBB2,2026-04-15 09:41:34,Form,CSE,Placement,Scheduling,placement drive and mid sem on same day??,0.21,5,true,true,PLACEMENT_INTERVIEW_CLASH_32,0.0,false,15
CMP-3EF6B7F6,2026-04-15 09:43:37,Form,MBA,Placement,Scheduling,plceement cell is not responding to mails,0.37,5,true,true,PLACEMENT_INTERVIEW_CLASH_32,0.25,true,8
CMP-A5C69322,2026-04-15 09:58:18,Anonymous Report,CSE,Placement,Scheduling,placement cell is not responding to mails,0.34,4,false,true,PLACEMENT_INTERVIEW_CLASH_99,0.21,false,9
CMP-B9C3CCE5,2026-04-15 10:09:52,WhatsApp,MBA,Placement,Scheduling,Interview slots are overlapping for multiple companies.,0.13,4,false,true,PLACEMENT_INTERVIEW_CLASH_99,0.26,false,45
CMP-82A8B37E,2026-04-15 10:26:33,WhatsApp,CSE,Academic,Attendance,Faculty attendance policy bahut unfair hai.,0.12,3,false,false,FACULTY_ATTENDANCE_70,0.01,false,
CMP-45AF1F4A,2026-04-15 11:11:32,WhatsApp,CSE,Hostel,Water,paani nahi aa raha subah se,0.25,3,false,false,HOSTEL_WATER_ISSUE_235,0.14,false,
CMP-7B31C077,2026-04-15 11:42:25,WhatsApp,Common,Placement,Scheduling,TCS interview clashes with my final exam.,0.15,4,false,true,PLACEMENT_INTERVIEW_CLASH_99,0.22,true,33
CMP-AEA33606,2026-04-15 11:55:53,WhatsApp,CSE,Academic,Exams,The CS101 final exam schedule conflicts with the MA201 exam.,0.21,4,true,true,EXAM_SCHEDULE_ISSUE_82,0.26,false,15
CMP-BA5FBBE8,2026-04-15 12:14:51,Email,Common,Hostel,Water,"Block B geysers are not working, we need hot water.",0.2,4,false,false,HOSTEL_WATER_ISSUE_235,0.27,false,
CMP-2CAB1BFA,2026-04-15 12:46:30,WhatsApp,ECE,Hostel,Water,"Block B geysers are not working, we need hot water.",0.28,3,false,true,HOSTEL_WATER_ISSUE_235,0.16,true,35
CMP-C1BCB81F,2026-04-15 12:48:06,Email,CE,Academic,Attendance,Prof hasn't shown up for classes this whole week.,0.38,3,false,true,FACULTY_ATTENDANCE_70,0.2,true,9
CMP-0EC68873,2026-04-15 13:10:31,WhatsApp,CE,Harassment,Bullying,Facing toxic behavior from a faculty member.,0.28,5,true,true,HARASSMENT_REPORT_60,0.78,false,37
CMP-F0F48B76,2026-04-15 13:12:17,WhatsApp,CSE,Placement,Scheduling,HR round postponed without notice,0.3,4,false,false,PLACEMENT_INTERVIEW_CLASH_32,0.21,false,
CMP-AB1FAD56,2026-04-15 13:42:34,Form,CSE,Hostel,Water,paani nahi aa raha subah se,0.2,4,false,false,HOSTEL_WATER_ISSUE_235,0.15,false,
CMP-BB32A3BD,2026-04-15 13:46:22,Email,CSE,Academic,Exams,syllabus for exams not declared yet,0.36,4,false,false,EXAM_SCHEDULE_ISSUE_82,0.04,false,
CMP-C94912CC,2026-04-15 14:09:53,Email,CSE,Academic,Exams,Need to reschedule the database systems exam.,0.14,3,false,true,EXAM_SCHEDULE_ISSUE_82,0.24,true,28
CMP-8B0D18BD,2026-04-15 14:17:10,Anonymous Report,EEE,Hostel,Water,plumbeer not fixing the leking tap in room 204,0.14,3,false,false,HOSTEL_WATER_ISSUE_235,0.06,false,
CMP-CCEF44EA,2026-04-15 14:43:41,WhatsApp,Common,Hostel,Water,paani nahi aa raha subah se,0.26,3,false,false,HOSTEL_WATER_ISSUE_235,0.03,false,
CMP-249F35F0,2026-04-15 15:28:01,WhatsApp,CE,Harassment,Bullying,Anonymous harassment on college group,0.24,5,true,true,HARASSMENT_REPORT_180,0.73,false,38
CMP-4102E0DE,2026-04-15 16:04:02,WhatsApp,CSE,Harassment,Bullying,constant bullying by batchmates,0.28,5,true,false,HARASSMENT_REPORT_60,0.85,true,
CMP-6289A09F,2026-04-15 16:17:45,WhatsApp,Common,Hostel,Water,no drinking water on 3rd floor,0.33,4,false,false,HOSTEL_WATER_ISSUE_235,0.14,false,
CMP-F7D97B0D,2026-04-15 16:36:49,Form,ME,Placement,Scheduling,placement cell is not responding to mails,0.26,5,true,true,PLACEMENT_INTERVIEW_CLASH_32,0.25,false,13
CMP-7C52192D,2026-04-15 16:40:08,Anonymous Report,CE,Harassment,Bullying,constant bullying by batchmates,0.38,5,true,true,HARASSMENT_REPORT_180,0.81,false,9
CMP-C06E683E,2026-04-15 16:50:55,WhatsApp,ME,Placement,Scheduling,TCS interview clashes with my final exam.,0.23,4,false,true,PLACEMENT_INTERVIEW_CLASH_99,0.01,false,30
CMP-981283DE,2026-04-15 16:50:57,Form,Common,Administration,Fees,"fee portal is down, last date tomorrow",0.23,3,false,true,FEE_ISSUE_59,0.14,false,21
CMP-2C07F696,2026-04-15 17:20:13,Email,MBA,Placement,Scheduling,TCS interview clashes with my final exam.,0.28,4,false,false,PLACEMENT_INTERVIEW_CLASH_99,0.23,false,
CMP-8819F9DA,2026-04-15 17:57:20,WhatsApp,CSE,Academic,Attendance,Faculty attendance policy bahut unfair hai.,0.28,3,false,true,FACULTY_ATTENDANCE_70,0.22,false,19
CMP-3D8A77D0,2026-04-15 18:17:53,App,EEE,Administration,Fees,Scholarship disbursement is delayed by 2 months.,0.4,4,true,true,FEE_ISSUE_59,0.2,false,14
CMP-2F5720DC,2026-04-15 18:25:21,Email,CSE,Academic,Attendance,My attendance was marked absent even though I was present.,0.19,2,false,true,FACULTY_ATTENDANCE_70,0.21,false,6
CMP-82EABF62,2026-04-15 20:22:36,WhatsApp,CSE,Harassment,Bullying,Seniors are ragging in the hostel block.,0.38,5,true,true,HARASSMENT_REPORT_60,0.72,false,9
CMP-51F879E7,2026-04-15 20:22:54,Form,CSE,Harassment,Bullying,Please take action against ragging in boys hostel,0.2,5,true,true,HARASSMENT_REPORT_180,0.83,false,14
CMP-F7BB5BC6,2026-04-15 20:29:21,Email,ME,Administration,Fees,refund not processed yet,0.23,3,false,true,FEE_ISSUE_59,0.11,false,25
CMP-3F1F3579,2026-04-15 20:36:49,Anonymous Report,CE,Harassment,Bullying,fcing toxic beehavior from a faculty member.,0.16,5,true,false,HARASSMENT_REPORT_180,0.77,false,
CMP-D588A0CD,2026-04-15 20:57:42,WhatsApp,Common,Placement,Scheduling,Interview slots are overlapping for multiple companies.,0.3,5,false,false,PLACEMENT_INTERVIEW_CLASH_99,0.14,true,
CMP-0C66D330,2026-04-15 21:53:51,App,EEE,Harassment,Bullying,constant bullying by batchmates,0.15,5,true,false,HARASSMENT_REPORT_60,0.73,false,
CMP-631671C7,2026-04-15 22:29:32,Email,ME,Harassment,Bullying,Please take action against ragging in boys hostel,0.13,5,true,true,HARASSMENT_REPORT_60,0.87,false,16
CMP-B1A0F62C,2026-04-15 22:59:17,App,CE,Hostel,Water,There is no hot water in Block B hostels since yesterday.,0.11,3,false,true,HOSTEL_WATER_ISSUE_235,0.03,true,2
CMP-31578F60,2026-04-15 23:31:12,Anonymous Report,Common,Academic,Attendance,Faculty attendance policy bahut unfair hai.,0.17,3,false,true,FACULTY_ATTENDANCE_70,0.07,false,3
CMP-F5231C20,2026-04-15 23:34:51,WhatsApp,ECE,Placement,Scheduling,Please reschedule the Infosys pre-placement talk.,0.36,4,true,false,PLACEMENT_INTERVIEW_CLASH_32,0.17,false,
CMP-357C4364,2026-04-16 00:20:07,WhatsApp,ME,Harassment,Bullying,Facing toxic behavior from a faculty member.,0.23,5,true,false,HARASSMENT_REPORT_180,0.78,true,
CMP-D1450F1E,2026-04-16 00:44:41,Email,Common,Training,Curriculum,Trainer is rushing through JDBC concepts.,0.32,4,true,true,TRAINING_TOC_MISMATCH_249,0.17,false,39
CMP-A454D287,2026-04-16 01:11:52,App,ECE,Academic,Attendance,Prof hasn't shown up for classes this whole week.,0.11,2,true,false,FACULTY_ATTENDANCE_111,0.22,true,
CMP-12C0D42A,2026-04-16 01:37:18,Anonymous Report,ECE,Harassment,Bullying,constant bullying by batchmates,0.3,5,true,true,HARASSMENT_REPORT_180,0.8,false,33
CMP-9B2C8A6B,2026-04-16 03:02:27,Form,ME,Harassment,Bullying,Facing toxic behavior from a faculty member.,0.25,5,true,true,HARASSMENT_REPORT_60,0.72,false,35
CMP-46B4C5A8,2026-04-16 03:26:17,App,CSE,Academic,Attendance,My attendance was marked absent even though I was present.,0.22,3,false,true,FACULTY_ATTENDANCE_111,0.22,false,39
CMP-09C8916A,2026-04-16 03:26:46,Email,CSE,Training,Curriculum,The Java trainer skipped scheduled topics.,0.18,4,false,true,TRAINING_TOC_MISMATCH_249,0.23,false,36
CMP-A87B0F23,2026-04-16 04:10:36,Form,Common,Placement,Scheduling,placement drive and mid sem on same day??,0.18,5,false,false,PLACEMENT_INTERVIEW_CLASH_68,0.28,false,
CMP-8AF03C5A,2026-04-16 05:30:16,App,Common,Academic,Attendance,Faculty attendance policy bahut unfair hai.,0.32,3,false,false,FACULTY_ATTENDANCE_111,0.29,false,
CMP-AA10F2AB,2026-04-16 05:33:42,WhatsApp,CSE,Harassment,Bullying,Please take action against ragging in boys hostel,0.3,5,true,true,HARASSMENT_REPORT_60,0.85,false,9
CMP-D5D3E859,2026-04-16 06:13:43,WhatsApp,CSE,Placement,Scheduling,TCS interview clashes with my final exam.,0.29,5,true,true,PLACEMENT_INTERVIEW_CLASH_106,0.2,true,21
CMP-7181A5F8,2026-04-16 06:17:03,Form,ECE,Harassment,Bullying,Please take action against ragging in boys hostel,0.33,5,false,false,HARASSMENT_REPORT_60,0.75,true,
CMP-C86BE034,2026-04-16 07:37:52,WhatsApp,ECE,Harassment,Bullying,Anonymous harassment on college group,0.26,5,true,true,HARASSMENT_REPORT_180,0.74,false,2
CMP-74D6D43F,2026-04-16 07:40:57,WhatsApp,Common,Harassment,Bullying,Anonymous harassment on college group,0.13,5,true,true,HARASSMENT_REPORT_60,0.69,false,34
CMP-108EA805,2026-04-16 07:58:20,Form,ME,Placement,Scheduling,HR round postponed without notice,0.31,5,true,false,PLACEMENT_INTERVIEW_CLASH_106,0.17,false,
CMP-2020721C,2026-04-16 08:31:24,Form,CE,Placement,Scheduling,Interview slots are overlapping for multiple companies.,0.19,5,true,false,PLACEMENT_INTERVIEW_CLASH_106,0.01,true,
CMP-14289AD1,2026-04-16 08:49:18,WhatsApp,CSE,Placement,Scheduling,placement drive and mid sem on same day??,0.19,4,false,false,PLACEMENT_INTERVIEW_CLASH_106,0.29,true,
CMP-8CED546E,2026-04-16 09:25:47,Email,CSE,Placement,Scheduling,placement cell is not responding to mails,0.23,4,true,true,PLACEMENT_INTERVIEW_CLASH_106,0.25,false,43
CMP-DFCB2CE8,2026-04-16 10:01:30,WhatsApp,EEE,Academic,Attendance,Professor missed the last three lectures without prior notice.,0.27,3,false,true,FACULTY_ATTENDANCE_111,0.22,false,11
CMP-BAE9A22E,2026-04-16 13:52:26,WhatsApp,CSE,Placement,Scheduling,Interview slots are overlapping for multiple companies.,0.24,4,false,false,PLACEMENT_INTERVIEW_CLASH_106,0.17,false,
CMP-EE2EF60A,2026-04-16 14:10:44,App,MBA,Academic,Attendance,profeessor missed the lst three lectures without prior notice.,0.4,2,false,false,FACULTY_ATTENDANCE_111,0.27,true,
CMP-B9AE1530,2026-04-16 14:10:54,WhatsApp,CSE,Harassment,Bullying,Anonymous harassment on college group,0.23,5,true,true,HARASSMENT_REPORT_60,0.84,false,42
CMP-78CCB563,2026-04-16 15:44:03,WhatsApp,CSE,Harassment,Bullying,Anonymous harassment on college group,0.2,5,true,false,HARASSMENT_REPORT_60,0.8,false,
CMP-8CDCC80A,2026-04-16 16:32:39,WhatsApp,ECE,Placement,Scheduling,Interview slots are overlapping for multiple companies.,0.17,4,false,true,PLACEMENT_INTERVIEW_CLASH_106,0.12,false,42
CMP-D9963A90,2026-04-16 17:07:00,App,CSE,Academic,Attendance,attendance portal is showing wrong data for CS101,0.3,2,false,false,FACULTY_ATTENDANCE_111,0.13,false,
CMP-0B352370,2026-04-16 18:06:19,WhatsApp,CSE,Academic,Attendance,My attendance was marked absent even though I was present.,0.31,3,false,true,FACULTY_ATTENDANCE_111,0.08,false,43
CMP-39303E09,2026-04-16 18:54:09,WhatsApp,CSE,Harassment,Bullying,Please take action against ragging in boys hostel,0.19,5,true,true,HARASSMENT_REPORT_180,0.6,false,5
CMP-9DF9A3BB,2026-04-16 18:58:10,Form,CSE,Training,Curriculum,training ka pace bahut fast hai kuch samajh nahi aa raha,0.38,4,false,true,TRAINING_TOC_MISMATCH_249,0.13,false,44
CMP-66AE5EAA,2026-04-16 19:06:19,WhatsApp,CSE,Harassment,Bullying,Facing toxic behavior from a faculty member.,0.27,5,true,true,HARASSMENT_REPORT_60,0.67,false,15
CMP-3214B30E,2026-04-16 19:48:54,WhatsApp,Common,Harassment,Bullying,Please take action against ragging in boys hostel,0.27,5,true,true,HARASSMENT_REPORT_180,0.75,false,31
CMP-9A60E23B,2026-04-16 20:30:46,WhatsApp,ECE,Harassment,Bullying,Anonymous harassment on college group,0.11,5,true,false,HARASSMENT_REPORT_60,0.67,true,
CMP-BA39408C,2026-04-16 20:42:21,Anonymous Report,CSE,Training,Curriculum,The Java trainer skipped scheduled topics.,0.26,3,false,true,TRAINING_TOC_MISMATCH_249,0.08,false,18
CMP-122D9066,2026-04-16 20:44:37,App,CSE,Academic,Attendance,Prof hasn't shown up for classes this whole week.,0.34,2,false,true,FACULTY_ATTENDANCE_111,0.06,true,46
CMP-7C075252,2026-04-16 21:20:53,Form,Common,Harassment,Bullying,Anonymous harassment on college group,0.13,5,true,true,HARASSMENT_REPORT_180,0.6,false,16
CMP-8375BECE,2026-04-16 21:44:28,Form,MBA,Placement,Scheduling,tcs inteerview clshes with my final exam.,0.16,4,true,true,PLACEMENT_INTERVIEW_CLASH_106,0.09,false,34
CMP-61E0016E,2026-04-16 21:55:07,WhatsApp,CSE,Placement,Scheduling,placement cell is not responding to mails,0.34,5,true,true,PLACEMENT_INTERVIEW_CLASH_68,0.07,false,34
CMP-99788408,2026-04-16 22:01:11,Email,CE,Harassment,Bullying,Seniors are ragging in the hostel block.,0.15,5,true,true,HARASSMENT_REPORT_180,0.86,false,6
CMP-17CE9F14,2026-04-16 22:39:59,WhatsApp,CSE,Placement,Scheduling,HR round postponed without notice,0.33,4,true,true,PLACEMENT_INTERVIEW_CLASH_68,0.29,true,28
CMP-95C38B34,2026-04-16 22:43:00,Email,EEE,Harassment,Bullying,Please take action against ragging in boys hostel,0.31,5,false,true,HARASSMENT_REPORT_180,0.65,true,47
CMP-74C609FA,2026-04-16 23:20:09,Email,CSE,Placement,Scheduling,HR round postponed without notice,0.19,5,true,false,PLACEMENT_INTERVIEW_CLASH_68,0.07,true,
CMP-8BD7020E,2026-04-17 00:31:12,WhatsApp,ECE,Training,Curriculum,topics skipped by placement trainer today,0.4,2,true,true,TRAINING_TOC_MISMATCH_249,0.28,false,9
CMP-3916EB4B,2026-04-17 01:12:22,Email,CE,Infrastructure,Network,library network outage since morning,0.19,5,false,false,WIFI_OUTAGE_LIBRARY_133,0.23,false,
CMP-B51A890A,2026-04-17 01:14:41,WhatsApp,EEE,Placement,Scheduling,HR round postponed without notice,0.11,4,true,true,PLACEMENT_INTERVIEW_CLASH_106,0.05,false,39
CMP-EBFF0D65,2026-04-17 02:09:52,WhatsApp,CSE,Training,Curriculum,Trainer is rushing through JDBC concepts.,0.13,4,false,false,TRAINING_TOC_MISMATCH_249,0.14,false,
CMP-33B8C15D,2026-04-17 02:42:01,Anonymous Report,CE,Hostel,Water,plumber not fixing the leaking tap in room 204,0.17,4,false,true,HOSTEL_WATER_ISSUE_199,0.18,true,3
CMP-C75C4D05,2026-04-17 04:29:35,WhatsApp,CSE,Hostel,Food Hygiene,mess food is unhygienic and causing health issues,0.28,5,true,false,MESS_FOOD_POISONING_28,0.11,true,
CMP-1C0BE8FC,2026-04-17 05:31:23,Email,Common,Hostel,Food Hygiene,Found a bug in my salad at the main cafeteria.,0.37,4,true,false,MESS_FOOD_POISONING_28,0.07,false,
CMP-AE39F130,2026-04-17 06:50:23,Email,Common,Infrastructure,Network,Unable to access internet in library,0.16,5,true,true,WIFI_OUTAGE_LIBRARY_133,0.19,true,30
CMP-3EC0C9CD,2026-04-17 07:46:56,WhatsApp,CSE,Training,Curriculum,Trainer is rushing through JDBC concepts.,0.3,2,true,false,TRAINING_TOC_MISMATCH_249,0.24,false,
CMP-8600DFA5,2026-04-17 08:42:07,Form,Common,Training,Curriculum,Topics outside the official TOC are being taught.,0.27,4,false,false,TRAINING_TOC_MISMATCH_249,0.06,true,
CMP-40E20371,2026-04-17 09:22:42,Email,CSE,Placement,Scheduling,placement drive and mid sem on same day??,0.2,5,false,false,PLACEMENT_INTERVIEW_CLASH_106,0.22,false,
CMP-BBF4986A,2026-04-17 10:17:33,WhatsApp,ECE,Hostel,Water,plumbeer not fixing the leking tap in room 204,0.38,4,false,true,HOSTEL_WATER_ISSUE_199,0.21,false,20
CMP-8E724A39,2026-04-17 10:35:03,Email,ME,Hostel,Food Hygiene,"meess k khana bahut kharab hai, log beemar pad rahe hain",0.22,4,false,true,MESS_FOOD_POISONING_28,0.18,false,27
CMP-5AA6C5AF,2026-04-17 11:00:39,WhatsApp,ME,Placement,Scheduling,Please reschedule the Infosys pre-placement talk.,0.2,4,true,true,PLACEMENT_INTERVIEW_CLASH_106,0.11,false,3
CMP-DBD00F1A,2026-04-17 11:01:19,WhatsApp,EEE,Academic,Attendance,teacher not coming but taking attendance online??,0.34,3,false,true,FACULTY_ATTENDANCE_111,0.26,true,7
CMP-F489FC9F,2026-04-17 11:21:35,App,CE,Academic,Attendance,attendance issue in DBMS class,0.4,3,true,true,FACULTY_ATTENDANCE_111,0.1,false,18
CMP-B77C1299,2026-04-17 12:12:31,WhatsApp,MBA,Hostel,Food Hygiene,Food quality in the mess has degraded significantly.,0.11,5,true,false,MESS_FOOD_POISONING_28,0.03,false,
CMP-2E8834C6,2026-04-17 12:24:50,WhatsApp,EEE,Infrastructure,Network,wifi firse gaya 😭 library me,0.36,4,false,false,WIFI_OUTAGE_LIBRARY_133,0.07,false,
CMP-E4575EDB,2026-04-17 12:43:27,WhatsApp,ECE,Training,Curriculum,trineer is rushing through jdbc concepts.,0.37,4,true,false,TRAINING_TOC_MISMATCH_249,0.07,true,
CMP-EAC94F0E,2026-04-17 12:57:33,Form,MBA,Placement,Scheduling,Interview slots are overlapping for multiple companies.,0.24,5,false,false,PLACEMENT_INTERVIEW_CLASH_106,0.12,false,
CMP-B8DF9970,2026-04-17 12:59:27,Form,Common,Hostel,Water,plumber not fixing the leaking tap in room 204,0.25,3,false,true,HOSTEL_WATER_ISSUE_199,0.16,false,1
CMP-77449D80,2026-04-17 13:26:49,WhatsApp,CSE,Hostel,Water,water cooler in Block C is dispensing dirty water.,0.2,4,true,true,HOSTEL_WATER_ISSUE_199,0.27,true,42
CMP-6C5C1E0B,2026-04-17 13:36:25,WhatsApp,CSE,Placement,Scheduling,Interview slots are overlapping for multiple companies.,0.32,5,true,true,PLACEMENT_INTERVIEW_CLASH_68,0.17,false,36
CMP-82B701B6,2026-04-17 14:33:34,Anonymous Report,CSE,Placement,Scheduling,plceement cell is not responding to mails,0.29,4,true,false,PLACEMENT_INTERVIEW_CLASH_106,0.01,false,
CMP-E3D8704A,2026-04-17 14:47:24,Email,CSE,Placement,Scheduling,placement cell is not responding to mails,0.25,4,true,true,PLACEMENT_INTERVIEW_CLASH_68,0.25,false,43
CMP-95059D69,2026-04-17 15:24:05,WhatsApp,ME,Hostel,Water,There is no hot water in Block B hostels since yesterday.,0.36,4,true,true,HOSTEL_WATER_ISSUE_199,0.03,false,7
CMP-256F8665,2026-04-17 15:51:04,Form,CSE,Placement,Scheduling,TCS interview clashes with my final exam.,0.26,5,true,true,PLACEMENT_INTERVIEW_CLASH_68,0.18,true,36
CMP-B2E2E9BC,2026-04-17 16:28:22,WhatsApp,MBA,Academic,Attendance,teacher not coming but taking attendance online??,0.38,3,false,false,FACULTY_ATTENDANCE_111,0.09,false,
CMP-27E37A4D,2026-04-17 17:27:14,Email,ME,Placement,Scheduling,placement drive and mid sem on same day??,0.24,4,true,true,PLACEMENT_INTERVIEW_CLASH_68,0.12,false,8
CMP-2A925ECD,2026-04-17 17:28:24,App,CSE,Placement,Scheduling,Interview slots are overlapping for multiple companies.,0.31,4,true,false,PLACEMENT_INTERVIEW_CLASH_106,0.22,false,
CMP-EF34133E,2026-04-17 17:43:20,WhatsApp,CSE,Placement,Scheduling,Interview slots are overlapping for multiple companies.,0.35,4,true,false,PLACEMENT_INTERVIEW_CLASH_106,0.06,false,
CMP-AF1DBB82,2026-04-17 17:44:50,Anonymous Report,MBA,Infrastructure,Network,The Wi-Fi in the main library has been down for three days now.,0.29,5,false,false,WIFI_OUTAGE_LIBRARY_133,0.0,true,
CMP-3A800BAF,2026-04-17 17:52:55,Email,ME,Training,Curriculum,Socket programming was introduced unexpectedly.,0.16,2,true,false,TRAINING_TOC_MISMATCH_249,0.26,false,
CMP-727A5B03,2026-04-17 18:17:51,Anonymous Report,CSE,Academic,Attendance,My attendance was marked absent even though I was present.,0.19,2,false,true,FACULTY_ATTENDANCE_111,0.07,true,46
CMP-77343218,2026-04-17 18:45:20,Form,CSE,Placement,Scheduling,placement drive and mid sem on same day??,0.28,4,true,true,PLACEMENT_INTERVIEW_CLASH_106,0.08,false,6
CMP-C566B654,2026-04-17 20:07:28,WhatsApp,CSE,Placement,Scheduling,placement drive and mid sem on same day??,0.2,5,false,false,PLACEMENT_INTERVIEW_CLASH_68,0.21,false,
CMP-6B503B0B,2026-04-17 20:32:24,WhatsApp,CSE,Training,Curriculum,thee jva trainer skipped scheduled topics.,0.3,4,false,false,TRAINING_TOC_MISMATCH_249,0.24,false,
CMP-5E2D3353,2026-04-17 21:43:40,WhatsApp,Common,Hostel,Food Hygiene,I got food poisoning after eating dinner yesterday.,0.37,4,true,true,MESS_FOOD_POISONING_28,0.07,false,10
CMP-8C11C159,2026-04-17 22:32:25,App,ECE,Hostel,Food Hygiene,Mess food quality in hostel B has deteriorated significantly.,0.28,5,false,true,MESS_FOOD_POISONING_28,0.29,false,43
CMP-0FF8A7B1,2026-04-17 22:40:39,Email,CSE,Placement,Scheduling,Interview slots are overlapping for multiple companies.,0.21,5,true,false,PLACEMENT_INTERVIEW_CLASH_68,0.16,false,
CMP-C0F33AD3,2026-04-17 23:37:02,Email,CSE,Placement,Scheduling,placement cell is not responding to mails,0.34,5,false,true,PLACEMENT_INTERVIEW_CLASH_106,0.04,false,46
CMP-41F46AAF,2026-04-17 23:42:37,WhatsApp,CSE,Placement,Scheduling,placement drive and mid sem on same day??,0.22,4,true,false,PLACEMENT_INTERVIEW_CLASH_106,0.13,true,
CMP-CAEC4B76,2026-04-18 00:02:04,WhatsApp,CSE,Hostel,Food Hygiene,I got food poisoning after eating dinner yesterday.,0.37,4,false,true,MESS_FOOD_POISONING_28,0.03,false,25
CMP-A21DFBED,2026-04-18 11:37:56,WhatsApp,Common,Hostel,Food Hygiene,mess food is unhygienic and causing health issues,0.13,5,true,true,MESS_FOOD_POISONING_28,0.29,false,14
CMP-C24E0913,2026-04-18 12:35:40,Email,ECE,Infrastructure,Network,library network outage since morning,0.32,4,false,true,WIFI_OUTAGE_LIBRARY_133,0.23,false,34
CMP-49744F28,2026-04-18 12:51:22,WhatsApp,CSE,Hostel,Food Hygiene,"mess ka khana bahut kharab hai, log beemar pad rahe hain",0.33,4,true,false,MESS_FOOD_POISONING_28,0.27,false,
CMP-615D26DB,2026-04-18 14:09:17,Email,CSE,Infrastructure,Network,library network outage since morning,0.21,5,false,true,WIFI_OUTAGE_LIBRARY_133,0.26,false,33
CMP-2D75848F,2026-04-18 14:33:14,Form,CE,Hostel,Water,"block b geeysers re not working, we need hot water.",0.17,3,false,true,HOSTEL_WATER_ISSUE_199,0.07,false,29
CMP-D8E9A898,2026-04-18 15:09:08,Anonymous Report,MBA,Hostel,Water,plumber not fixing the leaking tap in room 204,0.36,3,false,false,HOSTEL_WATER_ISSUE_199,0.19,false,
CMP-71A7D4DD,2026-04-18 15:51:46,WhatsApp,ME,Hostel,Food Hygiene,I got food poisoning after eating dinner yesterday.,0.19,4,true,true,MESS_FOOD_POISONING_28,0.23,false,37
CMP-2E725667,2026-04-18 15:51:49,WhatsApp,CSE,Infrastructure,Network,No internet connection in the library again.,0.33,3,true,true,WIFI_OUTAGE_LIBRARY_133,0.17,true,42
CMP-BA5306BF,2026-04-18 16:31:23,WhatsApp,ME,Infrastructure,Network,library me net nahi chal raha kab thik hoga,0.14,5,false,false,WIFI_OUTAGE_LIBRARY_133,0.22,true,
CMP-32D6DB07,2026-04-18 16:33:17,WhatsApp,ME,Hostel,Water,plumbeer not fixing the leking tap in room 204,0.13,3,false,true,HOSTEL_WATER_ISSUE_199,0.21,false,42
CMP-5F38C407,2026-04-18 18:01:45,Anonymous Report,ECE,Infrastructure,Network,wifi firse gaya 😭 library me,0.35,3,false,true,WIFI_OUTAGE_LIBRARY_133,0.15,false,7
CMP-D6A86155,2026-04-18 20:00:39,Email,CSE,Infrastructure,Network,library wifi is completely dead. Please fix it ASAP.,0.27,4,true,false,WIFI_OUTAGE_LIBRARY_133,0.11,true,
CMP-26A49F38,2026-04-18 20:20:05,WhatsApp,CSE,Hostel,Food Hygiene,Found a bug in my salad at the main cafeteria.,0.34,4,true,true,MESS_FOOD_POISONING_28,0.2,false,42
CMP-4099EC23,2026-04-18 20:32:54,Anonymous Report,CE,Hostel,Food Hygiene,mess food is unhygienic and causing health issues,0.32,4,true,true,MESS_FOOD_POISONING_28,0.28,false,39
CMP-FFAA5B6A,2026-04-18 21:07:20,Anonymous Report,ECE,Hostel,Water,paani nahi aa raha subah se,0.28,4,false,false,HOSTEL_WATER_ISSUE_199,0.15,true,
CMP-DD548B70,2026-04-18 23:09:53,WhatsApp,ME,Hostel,Water,plumber not fixing the leaking tap in room 204,0.12,4,false,true,HOSTEL_WATER_ISSUE_199,0.21,false,42
CMP-198D5EEE,2026-04-19 03:33:54,Form,ME,Transport,Bus Delay,bus breakdown on highway again,0.37,4,false,true,TRANSPORT_BUS_DELAY_162,0.19,false,26
CMP-D9884589,2026-04-19 04:32:37,App,Common,Hostel,Food Hygiene,Mess food quality in hostel B has deteriorated significantly.,0.38,5,true,false,MESS_FOOD_POISONING_23,0.05,false,
CMP-E25C9682,2026-04-19 04:33:22,WhatsApp,CSE,Hostel,Food Hygiene,Food quality in the mess has degraded significantly.,0.26,5,true,false,MESS_FOOD_POISONING_23,0.28,false,
CMP-59C2CD8C,2026-04-19 04:58:58,Email,ECE,Harassment,Bullying,Please take action against ragging in boys hostel,0.26,5,true,false,HARASSMENT_REPORT_50,0.81,false,
CMP-741AEFD9,2026-04-19 06:36:28,Email,ME,Harassment,Bullying,Anonymous harassment on college group,0.18,5,true,false,HARASSMENT_REPORT_50,0.87,true,
CMP-5027C293,2026-04-19 06:52:09,Email,CSE,Transport,Bus Delay,wee re waiting at the stop for 1 hour for the college bus.,0.29,4,true,true,TRANSPORT_BUS_DELAY_162,0.09,true,6
CMP-3D295E68,2026-04-19 08:03:08,WhatsApp,ME,Harassment,Bullying,Please take action against ragging in boys hostel,0.24,5,true,false,HARASSMENT_REPORT_50,0.61,false,
CMP-B827756B,2026-04-19 08:52:13,App,CE,Transport,Bus Delay,bus breakdown on highway again,0.23,4,false,true,TRANSPORT_BUS_DELAY_162,0.25,false,47
CMP-FFFDF952,2026-04-19 11:35:43,Email,ECE,Harassment,Bullying,Facing toxic behavior from a faculty member.,0.23,5,true,true,HARASSMENT_REPORT_50,0.63,true,39
CMP-42278FA1,2026-04-19 12:59:36,Form,CE,Hostel,Food Hygiene,Mess food quality in hostel B has deteriorated significantly.,0.32,4,true,true,MESS_FOOD_POISONING_23,0.09,false,12
CMP-526173DA,2026-04-19 14:44:59,Anonymous Report,Common,Hostel,Food Hygiene,Food quality in the mess has degraded significantly.,0.11,5,true,false,MESS_FOOD_POISONING_23,0.1,false,
CMP-033CA529,2026-04-19 16:29:20,WhatsApp,CSE,Transport,Bus Delay,bus breakdown on highway again,0.13,2,false,true,TRANSPORT_BUS_DELAY_162,0.14,false,29
CMP-4C2F55D3,2026-04-19 17:47:52,Form,CSE,Harassment,Bullying,Facing toxic behavior from a faculty member.,0.38,5,true,true,HARASSMENT_REPORT_50,0.67,false,15
CMP-400A771D,2026-04-19 17:57:12,WhatsApp,CSE,Transport,Bus Delay,We are waiting at the stop for 1 hour for the college bus.,0.18,4,true,true,TRANSPORT_BUS_DELAY_162,0.1,false,12
CMP-22EF36C2,2026-04-19 18:36:13,WhatsApp,Common,Harassment,Bullying,constant bullying by batchmates,0.37,5,true,false,HARASSMENT_REPORT_50,0.6,false,
CMP-298AA553,2026-04-20 00:00:28,Email,CSE,Harassment,Bullying,constant bullying by batchmates,0.15,5,true,false,HARASSMENT_REPORT_50,0.6,false,
CMP-DB60A0FB,2026-04-20 01:00:06,WhatsApp,CSE,Harassment,Bullying,constant bullying by batchmates,0.1,5,true,true,HARASSMENT_REPORT_50,0.88,false,40
CMP-B6391DAC,2026-04-20 01:41:19,App,Common,Academic,Exams,syllabus for exams not declared yet,0.3,3,false,true,EXAM_SCHEDULE_ISSUE_120,0.26,false,47
CMP-47499617,2026-04-20 02:05:06,WhatsApp,CSE,Hostel,Food Hygiene,Food quality in the mess has degraded significantly.,0.12,5,true,false,MESS_FOOD_POISONING_23,0.24,false,
CMP-94125045,2026-04-20 02:44:55,App,CSE,Harassment,Bullying,Seniors are ragging in the hostel block.,0.36,5,true,true,HARASSMENT_REPORT_50,0.73,false,19
CMP-5F54D02E,2026-04-20 03:46:45,App,ECE,Administration,Fees,refund not processed yet,0.24,4,false,true,FEE_ISSUE_13,0.22,false,46
CMP-D9E8F6B3,2026-04-20 04:03:16,App,CSE,Transport,Bus Delay,driver of bus 7 is very rude,0.14,2,false,true,TRANSPORT_BUS_DELAY_162,0.18,false,20
CMP-1ADEF842,2026-04-20 04:22:15,Form,CE,Academic,Exams,2 exams on the same day is unfair,0.39,3,true,false,EXAM_SCHEDULE_ISSUE_120,0.08,true,
CMP-ABE09EB4,2026-04-20 04:32:31,WhatsApp,CE,Transport,Bus Delay,driver of bus 7 is very rude,0.38,4,false,true,TRANSPORT_BUS_DELAY_162,0.12,false,27
CMP-78C4AF06,2026-04-20 04:47:22,WhatsApp,CSE,Academic,Exams,2 exams on the same day is unfair,0.13,4,true,true,EXAM_SCHEDULE_ISSUE_12,0.27,false,18
CMP-73374B0E,2026-04-20 05:42:34,Email,CSE,Academic,Exams,2 exams on the same day is unfair,0.33,3,true,false,EXAM_SCHEDULE_ISSUE_120,0.21,false,
CMP-D161FBB4,2026-04-20 07:37:52,Anonymous Report,ME,Administration,Fees,Scholarship disbursement is delayed by 2 months.,0.31,4,false,true,FEE_ISSUE_13,0.04,true,42
CMP-DD4CAE1B,2026-04-20 08:21:21,Anonymous Report,ME,Administration,Fees,eextr charges in this semester fee structure?,0.37,4,false,true,FEE_ISSUE_13,0.29,true,28
CMP-1957DE8D,2026-04-20 09:31:14,WhatsApp,ECE,Transport,Bus Delay,bus breakdown on highway again,0.11,2,false,true,TRANSPORT_BUS_DELAY_162,0.16,false,18
CMP-6F123D0C,2026-04-20 09:38:40,WhatsApp,ECE,Administration,Fees,"fee portal is down, last date tomorrow",0.32,4,false,true,FEE_ISSUE_13,0.11,false,43
CMP-B963271C,2026-04-20 10:37:16,Form,EEE,Transport,Bus Delay,"Transport facility is very poor, bus never comes on time.",0.24,3,false,true,TRANSPORT_BUS_DELAY_162,0.3,false,2
CMP-515AD0E2,2026-04-20 10:45:16,Email,CSE,Academic,Exams,The CS101 final exam schedule conflicts with the MA201 exam.,0.22,4,false,false,EXAM_SCHEDULE_ISSUE_12,0.11,false,
CMP-EB72D2EA,2026-04-20 12:10:04,WhatsApp,Common,Harassment,Bullying,fcing toxic beehavior from a faculty member.,0.2,5,true,false,HARASSMENT_REPORT_50,0.88,false,
CMP-3595596B,2026-04-20 12:12:32,Email,ECE,Transport,Bus Delay,bus 4 fir late ayi,0.1,4,false,true,TRANSPORT_BUS_DELAY_162,0.2,true,4
CMP-273D76B4,2026-04-20 12:40:46,WhatsApp,CSE,Harassment,Bullying,Anonymous harassment on college group,0.25,5,true,true,HARASSMENT_REPORT_50,0.8,false,15
CMP-F690F560,2026-04-20 13:45:12,Form,CSE,Transport,Bus Delay,driver of bus 7 is very rude,0.21,3,false,false,TRANSPORT_BUS_DELAY_162,0.14,false,
CMP-7F169057,2026-04-20 13:49:50,Email,ECE,Transport,Bus Delay,We are waiting at the stop for 1 hour for the college bus.,0.29,3,false,true,TRANSPORT_BUS_DELAY_162,0.24,true,32
CMP-D93B3BDC,2026-04-20 14:24:40,Email,CSE,Academic,Exams,thee cs101 finl exam schedule conflicts with the ma201 exam.,0.39,3,false,true,EXAM_SCHEDULE_ISSUE_12,0.15,true,17
CMP-5EFC24FB,2026-04-20 14:27:16,WhatsApp,ECE,Hostel,Food Hygiene,mess food is unhygienic and causing health issues,0.38,5,true,true,MESS_FOOD_POISONING_23,0.28,false,34
CMP-001B81ED,2026-04-20 14:32:58,Anonymous Report,CSE,Harassment,Bullying,Please take action against ragging in boys hostel,0.38,5,true,false,HARASSMENT_REPORT_50,0.81,false,
CMP-3A9A321E,2026-04-20 14:40:45,Form,CSE,Hostel,Food Hygiene,Mess food quality in hostel B has deteriorated significantly.,0.39,4,true,true,MESS_FOOD_POISONING_23,0.17,false,43
CMP-E149FF0C,2026-04-20 15:21:24,Anonymous Report,CSE,Administration,Fees,Scholarship disbursement is delayed by 2 months.,0.39,4,false,false,FEE_ISSUE_13,0.07,false,
CMP-229347E7,2026-04-20 15:24:55,Anonymous Report,ME,Harassment,Bullying,Facing toxic behavior from a faculty member.,0.36,5,true,true,HARASSMENT_REPORT_50,0.82,false,37
CMP-DEEC43A9,2026-04-20 16:15:32,Anonymous Report,CSE,Academic,Exams,"exam schedule is too tight, no prep leaves",0.33,4,true,true,EXAM_SCHEDULE_ISSUE_120,0.11,false,22
CMP-029B9446,2026-04-20 16:25:17,WhatsApp,Common,Harassment,Bullying,constant bullying by batchmates,0.38,5,true,true,HARASSMENT_REPORT_50,0.81,false,38
CMP-29D57272,2026-04-20 16:34:10,WhatsApp,ME,Hostel,Food Hygiene,Found a bug in my salad at the main cafeteria.,0.16,5,true,true,MESS_FOOD_POISONING_23,0.07,false,46
CMP-84E93160,2026-04-20 17:13:40,WhatsApp,CSE,Hostel,Food Hygiene,Mess food quality in hostel B has deteriorated significantly.,0.35,4,true,false,MESS_FOOD_POISONING_23,0.27,false,
CMP-3585B571,2026-04-20 18:04:31,Email,ME,Harassment,Bullying,Facing toxic behavior from a faculty member.,0.19,5,true,true,HARASSMENT_REPORT_50,0.76,true,39
CMP-5586EE84,2026-04-20 19:51:19,WhatsApp,CSE,Academic,Exams,The CS101 final exam schedule conflicts with the MA201 exam.,0.12,5,true,false,EXAM_SCHEDULE_ISSUE_12,0.29,false,
CMP-28CE8D10,2026-04-20 19:58:16,WhatsApp,CE,Administration,Fees,Scholarship disbursement is delayed by 2 months.,0.26,3,false,false,FEE_ISSUE_13,0.07,false,
CMP-302DE1DC,2026-04-20 20:03:11,Form,ECE,Hostel,Food Hygiene,mess food is unhygienic and causing health issues,0.19,5,false,true,MESS_FOOD_POISONING_23,0.26,true,6
CMP-DB06E0A1,2026-04-20 20:06:16,WhatsApp,CE,Transport,Bus Delay,Bus route 4 is delayed by 45 minutes.,0.14,3,false,true,TRANSPORT_BUS_DELAY_162,0.01,false,38
CMP-84974070,2026-04-20 20:41:43,Email,CE,Academic,Exams,mid sem dates are clashing with technical fest,0.32,3,false,true,EXAM_SCHEDULE_ISSUE_12,0.24,false,39
CMP-70C63A89,2026-04-20 20:48:45,Anonymous Report,Common,Harassment,Bullying,Please take action against ragging in boys hostel,0.21,5,true,true,HARASSMENT_REPORT_50,0.81,false,14
CMP-15BFFAC6,2026-04-20 21:00:07,WhatsApp,CSE,Academic,Exams,mid sem dates are clashing with technical fest,0.18,4,false,false,EXAM_SCHEDULE_ISSUE_120,0.09,false,
CMP-0A0E1C19,2026-04-20 21:08:37,App,CE,Academic,Exams,"exam schedule is too tight, no prep leaves",0.27,3,false,false,EXAM_SCHEDULE_ISSUE_12,0.13,true,
CMP-E4DDFEE5,2026-04-20 21:36:41,WhatsApp,ECE,Academic,Exams,Need to reschedule the database systems exam.,0.12,4,true,true,EXAM_SCHEDULE_ISSUE_12,0.13,false,33
CMP-76FA01A9,2026-04-21 00:49:57,Email,ME,Harassment,Bullying,Seniors are ragging in the hostel block.,0.3,5,true,false,HARASSMENT_REPORT_148,0.83,false,
CMP-4C8BC1ED,2026-04-21 01:16:10,Anonymous Report,CSE,Hostel,Food Hygiene,mess food is unhygienic and causing health issues,0.15,5,false,true,MESS_FOOD_POISONING_182,0.13,false,42
CMP-A2AF7BA5,2026-04-21 02:15:38,Email,CSE,Harassment,Bullying,constant bullying by batchmates,0.31,5,true,false,HARASSMENT_REPORT_148,0.68,false,
CMP-446E7D51,2026-04-21 02:31:02,WhatsApp,CE,Administration,Fees,refund not processed yet,0.22,4,false,false,FEE_ISSUE_13,0.19,true,
CMP-36EA4AF1,2026-04-21 02:33:53,WhatsApp,ME,Harassment,Bullying,Anonymous harassment on college group,0.28,5,true,true,HARASSMENT_REPORT_148,0.68,false,2
CMP-51F52FB3,2026-04-21 02:50:50,Email,Common,Hostel,Food Hygiene,"mess ka khana bahut kharab hai, log beemar pad rahe hain",0.22,4,true,true,MESS_FOOD_POISONING_182,0.23,false,9
CMP-E6857789,2026-04-21 03:59:26,Form,MBA,Academic,Exams,The CS101 final exam schedule conflicts with the MA201 exam.,0.2,5,true,false,EXAM_SCHEDULE_ISSUE_120,0.17,false,
CMP-27DECDC0,2026-04-21 04:15:15,App,CSE,Administration,Fees,refund not processed yet,0.21,3,false,true,FEE_ISSUE_13,0.01,false,7
CMP-BEE9A91A,2026-04-21 04:27:34,WhatsApp,MBA,Harassment,Bullying,Seniors are ragging in the hostel block.,0.25,5,true,true,HARASSMENT_REPORT_148,0.87,false,45
CMP-E970148A,2026-04-21 06:00:41,WhatsApp,CSE,Harassment,Bullying,Anonymous harassment on college group,0.26,5,true,false,HARASSMENT_REPORT_148,0.73,true,
CMP-F3CC077A,2026-04-21 06:18:35,Anonymous Report,CE,Harassment,Bullying,Please take action against ragging in boys hostel,0.14,5,true,true,HARASSMENT_REPORT_148,0.81,false,23
CMP-DED195AD,2026-04-21 07:38:34,Anonymous Report,CE,Administration,Fees,"fee portal is down, last date tomorrow",0.1,4,false,true,FEE_ISSUE_13,0.27,false,21
CMP-6D8BD7F7,2026-04-21 08:23:51,WhatsApp,CSE,Hostel,Food Hygiene,"mess ka khana bahut kharab hai, log beemar pad rahe hain",0.31,4,true,false,MESS_FOOD_POISONING_182,0.27,false,
CMP-51D2CA1D,2026-04-21 08:24:30,WhatsApp,Common,Academic,Exams,"exam schedule is too tight, no prep leaves",0.2,4,true,true,EXAM_SCHEDULE_ISSUE_120,0.24,true,14
CMP-AD9B6469,2026-04-21 08:52:46,Form,ECE,Hostel,Food Hygiene,mess food is unhygienic and causing health issues,0.21,4,true,true,MESS_FOOD_POISONING_182,0.16,false,37
CMP-49905FC2,2026-04-21 09:16:51,WhatsApp,ME,Administration,Fees,"fee portal is down, last date tomorrow",0.33,4,true,true,FEE_ISSUE_13,0.08,false,28
CMP-69AFECCE,2026-04-21 09:41:41,Form,CE,Academic,Exams,The CS101 final exam schedule conflicts with the MA201 exam.,0.21,5,true,false,EXAM_SCHEDULE_ISSUE_12,0.3,false,
CMP-04B7DA32,2026-04-21 11:13:02,Email,MBA,Academic,Exams,2 exams on the same day is unfair,0.28,4,true,true,EXAM_SCHEDULE_ISSUE_120,0.02,false,47
CMP-B7227543,2026-04-21 11:58:14,WhatsApp,ECE,Hostel,Food Hygiene,I got food poisoning after eating dinner yesterday.,0.13,4,true,false,MESS_FOOD_POISONING_182,0.14,true,
CMP-FE078DAF,2026-04-21 12:36:04,Anonymous Report,CSE,Hostel,Food Hygiene,stale food served in hostel B dinner,0.32,4,true,true,MESS_FOOD_POISONING_243,0.25,true,9
CMP-EC55ACF7,2026-04-21 13:16:17,WhatsApp,ME,Hostel,Food Hygiene,Found a bug in my salad at the main cafeteria.,0.25,5,true,false,MESS_FOOD_POISONING_182,0.17,false,
CMP-1592FFA6,2026-04-21 13:48:15,WhatsApp,ME,Harassment,Bullying,Facing toxic behavior from a faculty member.,0.22,5,true,false,HARASSMENT_REPORT_148,0.68,true,
CMP-5C9F8D81,2026-04-21 14:24:12,WhatsApp,CSE,Hostel,Food Hygiene,stale food served in hostel B dinner,0.35,4,true,false,MESS_FOOD_POISONING_243,0.27,false,
CMP-A1F0F6FF,2026-04-21 15:47:13,WhatsApp,ECE,Academic,Exams,"exam schedule is too tight, no prep leaves",0.28,5,false,true,EXAM_SCHEDULE_ISSUE_12,0.17,true,26
CMP-65239408,2026-04-21 15:47:24,WhatsApp,EEE,Hostel,Food Hygiene,Mess food quality in hostel B has deteriorated significantly.,0.14,5,true,true,MESS_FOOD_POISONING_182,0.19,false,46
CMP-D69A9B79,2026-04-21 15:51:33,Email,Common,Administration,Fees,extra charges in this semester fee structure?,0.28,4,false,true,FEE_ISSUE_13,0.13,false,43
CMP-9337B9A8,2026-04-21 16:04:14,WhatsApp,ME,Hostel,Food Hygiene,stale food served in hostel B dinner,0.27,5,true,true,MESS_FOOD_POISONING_243,0.02,false,17
CMP-CAD9F8E1,2026-04-21 16:17:07,Form,ECE,Hostel,Food Hygiene,meess food qulity in hostel b has deteriorated significantly.,0.37,5,false,true,MESS_FOOD_POISONING_182,0.26,false,30
CMP-AC174752,2026-04-21 16:58:11,App,CSE,Harassment,Bullying,pleese take action against ragging in boys hostel,0.31,5,true,true,HARASSMENT_REPORT_148,0.83,false,9
CMP-6D7D07C8,2026-04-21 17:26:14,WhatsApp,Common,Hostel,Food Hygiene,I got food poisoning after eating dinner yesterday.,0.28,5,true,true,MESS_FOOD_POISONING_243,0.19,false,31
CMP-69A86D13,2026-04-21 17:29:11,Email,CSE,Harassment,Bullying,pleese take action against ragging in boys hostel,0.32,5,true,false,HARASSMENT_REPORT_148,0.78,false,
CMP-D741483D,2026-04-21 18:08:07,WhatsApp,CE,Academic,Exams,syllabus for exams not declared yet,0.33,3,true,false,EXAM_SCHEDULE_ISSUE_12,0.19,false,
CMP-B9949FBB,2026-04-21 18:20:56,Anonymous Report,CE,Academic,Exams,2 exams on the same day is unfair,0.2,5,true,true,EXAM_SCHEDULE_ISSUE_12,0.09,false,22
CMP-0893ECE0,2026-04-21 18:57:56,Form,CSE,Academic,Exams,Need to reschedule the database systems exam.,0.39,5,true,false,EXAM_SCHEDULE_ISSUE_120,0.07,false,
CMP-B3A793E3,2026-04-21 19:15:13,Form,MBA,Hostel,Food Hygiene,"mess ka khana bahut kharab hai, log beemar pad rahe hain",0.31,5,true,true,MESS_FOOD_POISONING_182,0.11,false,45
CMP-75CF9673,2026-04-21 19:58:31,WhatsApp,Common,Harassment,Bullying,constnt bullying by batchmatees,0.3,5,true,true,HARASSMENT_REPORT_148,0.69,false,44
CMP-15888B11,2026-04-21 20:02:28,WhatsApp,ME,Harassment,Bullying,Seniors are ragging in the hostel block.,0.22,5,true,false,HARASSMENT_REPORT_148,0.86,false,
CMP-B411F52C,2026-04-21 20:41:40,Email,CSE,Academic,Exams,syllabus for exams not declared yet,0.25,5,false,true,EXAM_SCHEDULE_ISSUE_120,0.29,true,40
CMP-5F2FCECB,2026-04-21 22:23:51,WhatsApp,CSE,Hostel,Food Hygiene,Found a bug in my salad at the main cafeteria.,0.32,4,true,true,MESS_FOOD_POISONING_243,0.09,false,48
CMP-DDCBDA44,2026-04-21 22:25:51,Email,CSE,Harassment,Bullying,Anonymous harassment on college group,0.17,5,true,true,HARASSMENT_REPORT_148,0.77,false,1
CMP-918A5314,2026-04-21 22:46:37,WhatsApp,CSE,Academic,Exams,mid sem dates are clashing with technical fest,0.14,3,false,false,EXAM_SCHEDULE_ISSUE_12,0.1,false,
CMP-D7399AB7,2026-04-21 23:00:03,App,CE,Academic,Exams,2 exams on the same day is unfair,0.16,5,false,false,EXAM_SCHEDULE_ISSUE_120,0.28,false,
CMP-87697797,2026-04-21 23:47:12,WhatsApp,CE,Hostel,Food Hygiene,Mess food quality in hostel B has deteriorated significantly.,0.3,5,false,true,MESS_FOOD_POISONING_243,0.17,false,24
CMP-C775755C,2026-04-22 00:16:37,WhatsApp,ECE,Placement,Scheduling,TCS interview clashes with my final exam.,0.16,5,true,true,PLACEMENT_INTERVIEW_CLASH_136,0.13,false,22
CMP-3D2D29A8,2026-04-22 00:30:43,WhatsApp,CE,Academic,Exams,2 exams on the same day is unfair,0.15,4,true,false,EXAM_SCHEDULE_ISSUE_169,0.19,false,
CMP-C39A5C8C,2026-04-22 01:46:42,WhatsApp,CSE,Hostel,Food Hygiene,meess food qulity in hostel b has deteriorated significantly.,0.26,4,true,false,MESS_FOOD_POISONING_243,0.09,false,
CMP-3A9E257B,2026-04-22 02:12:06,App,CSE,Harassment,Bullying,Please take action against ragging in boys hostel,0.19,5,true,true,HARASSMENT_REPORT_148,0.9,false,23
CMP-F0D34710,2026-04-22 03:09:35,Form,ME,Hostel,Food Hygiene,Mess food quality in hostel B has deteriorated significantly.,0.28,5,true,true,MESS_FOOD_POISONING_182,0.06,false,27
CMP-EDD3DD1E,2026-04-22 03:45:19,App,CSE,Placement,Scheduling,Interview slots are overlapping for multiple companies.,0.1,5,true,true,PLACEMENT_INTERVIEW_CLASH_136,0.25,true,43
CMP-2BA72067,2026-04-22 04:03:34,Form,ME,Hostel,Food Hygiene,"mess ka khana bahut kharab hai, log beemar pad rahe hain",0.14,4,true,true,MESS_FOOD_POISONING_243,0.18,true,44
CMP-3A7FD51F,2026-04-22 04:24:23,WhatsApp,CSE,Harassment,Bullying,Please take action against ragging in boys hostel,0.21,5,true,true,HARASSMENT_REPORT_118,0.71,false,45
CMP-38873A05,2026-04-22 04:38:04,WhatsApp,CSE,Harassment,Bullying,Please take action against ragging in boys hostel,0.33,5,false,true,HARASSMENT_REPORT_118,0.72,false,26
CMP-8CE5C04D,2026-04-22 05:29:15,Form,Common,Harassment,Bullying,Facing toxic behavior from a faculty member.,0.14,5,true,true,HARASSMENT_REPORT_148,0.73,false,25
CMP-1DA93F4A,2026-04-22 05:33:24,Email,ME,Harassment,Bullying,Facing toxic behavior from a faculty member.,0.23,5,true,false,HARASSMENT_REPORT_118,0.75,false,
CMP-90884FD2,2026-04-22 06:01:36,Anonymous Report,CSE,Academic,Exams,2 eexms on the same day is unfair,0.13,3,false,true,EXAM_SCHEDULE_ISSUE_169,0.15,true,35
CMP-87BED70F,2026-04-22 06:06:38,Form,CSE,Harassment,Bullying,Please take action against ragging in boys hostel,0.34,5,true,true,HARASSMENT_REPORT_118,0.69,false,45
CMP-457D1122,2026-04-22 06:10:47,Anonymous Report,ME,Academic,Exams,Need to reschedule the database systems exam.,0.18,5,true,true,EXAM_SCHEDULE_ISSUE_169,0.15,false,41
CMP-B9B0EBBC,2026-04-22 07:02:59,Form,CSE,Harassment,Bullying,Facing toxic behavior from a faculty member.,0.39,5,true,true,HARASSMENT_REPORT_118,0.83,false,7
CMP-72842738,2026-04-22 07:04:11,Form,ECE,Academic,Exams,"exam schedule is too tight, no prep leaves",0.28,4,true,true,EXAM_SCHEDULE_ISSUE_169,0.23,false,16
CMP-B56D820B,2026-04-22 09:08:34,Form,CSE,Hostel,Food Hygiene,Found a bug in my salad at the main cafeteria.,0.27,4,true,true,MESS_FOOD_POISONING_243,0.1,false,18
CMP-D38A91C6,2026-04-22 09:38:06,WhatsApp,CE,Placement,Scheduling,inteerview slots re overlapping for multiple companies.,0.14,4,true,false,PLACEMENT_INTERVIEW_CLASH_136,0.01,false,
CMP-0CA0F4CD,2026-04-22 10:31:23,WhatsApp,ECE,Hostel,Food Hygiene,I got food poisoning after eating dinner yesterday.,0.2,5,true,true,MESS_FOOD_POISONING_182,0.11,false,43
CMP-B0D027F4,2026-04-22 11:42:27,Form,ECE,Harassment,Bullying,Anonymous harassment on college group,0.17,5,true,true,HARASSMENT_REPORT_148,0.87,true,2
CMP-F639F61D,2026-04-22 12:28:39,WhatsApp,CSE,Hostel,Food Hygiene,mess food is unhygienic and causing health issues,0.36,4,true,false,MESS_FOOD_POISONING_243,0.24,false,
CMP-E6C333F8,2026-04-22 12:57:08,WhatsApp,CE,Harassment,Bullying,Facing toxic behavior from a faculty member.,0.32,5,true,false,HARASSMENT_REPORT_148,0.69,false,
CMP-266972F5,2026-04-22 13:48:20,WhatsApp,EEE,Harassment,Bullying,constant bullying by batchmates,0.14,5,true,true,HARASSMENT_REPORT_118,0.88,true,29
CMP-4E5FB6DC,2026-04-22 13:48:30,Email,ECE,Placement,Scheduling,HR round postponed without notice,0.16,4,true,true,PLACEMENT_INTERVIEW_CLASH_136,0.02,false,11
CMP-903DCCE3,2026-04-22 13:49:13,WhatsApp,CE,Harassment,Bullying,constant bullying by batchmates,0.14,5,true,true,HARASSMENT_REPORT_148,0.7,false,34
CMP-F246CC92,2026-04-22 14:06:48,WhatsApp,ECE,Hostel,Food Hygiene,Found a bug in my salad at the main cafeteria.,0.19,4,true,true,MESS_FOOD_POISONING_182,0.29,false,42
CMP-838B0246,2026-04-22 14:10:00,Email,ECE,Harassment,Bullying,Anonymous harassment on college group,0.15,5,true,true,HARASSMENT_REPORT_118,0.83,false,14
CMP-8A4D6309,2026-04-22 15:19:38,WhatsApp,CSE,Hostel,Food Hygiene,Mess food quality in hostel B has deteriorated significantly.,0.31,5,true,true,MESS_FOOD_POISONING_243,0.11,false,19
CMP-C11D7C08,2026-04-22 16:07:02,App,CSE,Harassment,Bullying,pleese take action against ragging in boys hostel,0.24,5,true,true,HARASSMENT_REPORT_148,0.64,false,3
CMP-7B363515,2026-04-22 16:49:40,Anonymous Report,ME,Harassment,Bullying,fcing toxic beehavior from a faculty member.,0.34,5,true,true,HARASSMENT_REPORT_148,0.72,false,27
CMP-0AA3EA2B,2026-04-22 16:52:39,WhatsApp,ME,Hostel,Food Hygiene,"mess ka khana bahut kharab hai, log beemar pad rahe hain",0.39,4,true,true,MESS_FOOD_POISONING_243,0.27,false,8
CMP-04BEEC3D,2026-04-22 17:08:52,WhatsApp,ME,Placement,Scheduling,HR round postponed without notice,0.24,5,true,true,PLACEMENT_INTERVIEW_CLASH_136,0.28,false,16
CMP-0B6639CB,2026-04-22 17:47:32,WhatsApp,ECE,Academic,Exams,The CS101 final exam schedule conflicts with the MA201 exam.,0.11,3,true,true,EXAM_SCHEDULE_ISSUE_169,0.24,false,6
CMP-F95E4626,2026-04-22 18:11:15,App,ECE,Hostel,Food Hygiene,Mess food quality in hostel B has deteriorated significantly.,0.26,5,true,true,MESS_FOOD_POISONING_243,0.13,false,19
CMP-DE294A56,2026-04-22 20:44:22,WhatsApp,ECE,Academic,Exams,2 exams on the same day is unfair,0.25,5,true,true,EXAM_SCHEDULE_ISSUE_169,0.28,false,23
CMP-B2A6D299,2026-04-22 20:59:14,Anonymous Report,CSE,Placement,Scheduling,Please reschedule the Infosys pre-placement talk.,0.31,4,false,true,PLACEMENT_INTERVIEW_CLASH_136,0.02,false,38
CMP-C0D05573,2026-04-22 21:18:38,WhatsApp,CE,Harassment,Bullying,constnt bullying by batchmatees,0.34,5,true,false,HARASSMENT_REPORT_118,0.83,false,
CMP-7492F7F4,2026-04-22 23:48:23,Email,CSE,Hostel,Food Hygiene,stale food served in hostel B dinner,0.3,4,true,true,MESS_FOOD_POISONING_243,0.07,false,17
CMP-22BD0E69,2026-04-22 23:49:02,Email,ME,Hostel,Food Hygiene,Mess food quality in hostel B has deteriorated significantly.,0.24,4,true,true,MESS_FOOD_POISONING_182,0.22,false,14
CMP-09C7459F,2026-04-22 23:58:38,Form,CSE,Hostel,Food Hygiene,I got food poisoning after eating dinner yesterday.,0.38,4,true,true,MESS_FOOD_POISONING_182,0.23,true,29
CMP-CA34509E,2026-04-23 00:17:08,WhatsApp,CSE,Administration,Fees,extra charges in this semester fee structure?,0.25,4,false,true,FEE_ISSUE_222,0.19,false,3
CMP-D75FD6AC,2026-04-23 00:19:44,Email,ECE,Academic,Exams,Need to reschedule the database systems exam.,0.29,4,false,true,EXAM_SCHEDULE_ISSUE_169,0.04,false,34
CMP-80AEA2A9,2026-04-23 00:41:35,Email,Common,Placement,Scheduling,placement cell is not responding to mails,0.26,4,true,false,PLACEMENT_INTERVIEW_CLASH_157,0.09,false,
CMP-56E7AEDB,2026-04-23 01:14:02,Email,ECE,Hostel,Water,There is no hot water in Block B hostels since yesterday.,0.21,4,false,true,HOSTEL_WATER_ISSUE_140,0.2,false,16
CMP-BFC5096D,2026-04-23 02:40:21,Email,Common,Harassment,Bullying,Please take action against ragging in boys hostel,0.28,5,true,true,HARASSMENT_REPORT_118,0.8,false,19
CMP-90DB8FCF,2026-04-23 03:50:28,Form,Common,Administration,Fees,"fee portal is down, last date tomorrow",0.15,4,false,true,FEE_ISSUE_222,0.12,false,22
CMP-38FA88D0,2026-04-23 05:02:36,Form,EEE,Administration,Fees,extra charges in this semester fee structure?,0.36,4,false,false,FEE_ISSUE_222,0.16,false,
CMP-FB095D32,2026-04-23 05:05:45,WhatsApp,ME,Hostel,Water,plumber not fixing the leaking tap in room 204,0.15,4,false,true,HOSTEL_WATER_ISSUE_140,0.25,false,43
CMP-E88CE01C,2026-04-23 05:15:49,WhatsApp,CSE,Hostel,Water,There is no hot water in Block B hostels since yesterday.,0.33,4,false,false,HOSTEL_WATER_ISSUE_140,0.2,false,
CMP-5DCB3A5E,2026-04-23 05:32:06,WhatsApp,ECE,Placement,Scheduling,pleese reschedule the infosys pre-placement talk.,0.27,5,true,true,PLACEMENT_INTERVIEW_CLASH_157,0.03,false,39
CMP-DA7BECA7,2026-04-23 06:31:38,Anonymous Report,ECE,Harassment,Bullying,constnt bullying by batchmatees,0.33,5,true,true,HARASSMENT_REPORT_118,0.83,false,43
CMP-F4C4A067,2026-04-23 07:07:27,WhatsApp,ME,Hostel,Water,water cooler in Block C is dispensing dirty water.,0.14,4,true,true,HOSTEL_WATER_ISSUE_140,0.11,false,26
CMP-F40E3888,2026-04-23 07:10:11,Email,CSE,Hostel,Water,no drinking water on 3rd floor,0.36,4,false,false,HOSTEL_WATER_ISSUE_140,0.12,false,
CMP-97C4897C,2026-04-23 07:27:30,Email,ME,Placement,Scheduling,placement cell is not responding to mails,0.2,5,true,true,PLACEMENT_INTERVIEW_CLASH_157,0.21,false,21
CMP-37A3C59B,2026-04-23 07:43:39,WhatsApp,ME,Administration,Fees,"fee portal is down, last date tomorrow",0.28,3,false,true,FEE_ISSUE_222,0.14,false,5
CMP-DAEBC6B8,2026-04-23 07:53:28,WhatsApp,MBA,Hostel,Water,paani nahi aa raha subah se,0.35,3,false,true,HOSTEL_WATER_ISSUE_140,0.05,false,44
CMP-2017D24F,2026-04-23 08:02:55,Anonymous Report,ME,Placement,Scheduling,placement drive and mid sem on same day??,0.28,4,false,false,PLACEMENT_INTERVIEW_CLASH_157,0.18,false,
CMP-C224F932,2026-04-23 08:19:30,App,CSE,Academic,Exams,Need to reschedule the database systems exam.,0.22,4,true,false,EXAM_SCHEDULE_ISSUE_169,0.16,false,
CMP-85C39F90,2026-04-23 08:23:04,WhatsApp,Common,Harassment,Bullying,constant bullying by batchmates,0.16,5,true,true,HARASSMENT_REPORT_118,0.72,false,6
CMP-C9C7BEEB,2026-04-23 08:53:07,WhatsApp,CSE,Administration,Fees,"fee portal is down, last date tomorrow",0.4,3,false,true,FEE_ISSUE_222,0.18,false,26
CMP-6C2090C9,2026-04-23 09:04:05,WhatsApp,CE,Placement,Scheduling,placement cell is not responding to mails,0.28,4,true,false,PLACEMENT_INTERVIEW_CLASH_157,0.18,false,
CMP-B4978B08,2026-04-23 09:59:58,WhatsApp,Common,Hostel,Water,plumber not fixing the leaking tap in room 204,0.32,3,false,true,HOSTEL_WATER_ISSUE_140,0.08,false,4
CMP-C6FA1232,2026-04-23 10:00:16,WhatsApp,CSE,Placement,Scheduling,Interview slots are overlapping for multiple companies.,0.35,4,false,false,PLACEMENT_INTERVIEW_CLASH_245,0.29,false,
CMP-52B77361,2026-04-23 10:20:35,WhatsApp,ECE,Placement,Scheduling,tcs inteerview clshes with my final exam.,0.3,4,true,true,PLACEMENT_INTERVIEW_CLASH_157,0.21,false,37
CMP-F8FB0CD5,2026-04-23 10:25:49,Anonymous Report,ECE,Administration,Fees,Late fee was charged wrongly on my account.,0.14,3,false,false,FEE_ISSUE_222,0.16,false,
CMP-83E0D9B6,2026-04-23 10:32:45,WhatsApp,MBA,Placement,Scheduling,Please reschedule the Infosys pre-placement talk.,0.17,5,true,true,PLACEMENT_INTERVIEW_CLASH_136,0.12,true,34
CMP-05438229,2026-04-23 10:34:47,Email,ECE,Academic,Exams,"exam schedule is too tight, no prep leaves",0.19,5,false,true,EXAM_SCHEDULE_ISSUE_169,0.16,true,25
CMP-9B57AC1D,2026-04-23 10:45:09,Email,CSE,Harassment,Bullying,Anonymous harassment on college group,0.11,5,true,false,HARASSMENT_REPORT_118,0.87,false,
CMP-7A47E40B,2026-04-23 11:53:19,WhatsApp,CSE,Harassment,Bullying,Facing toxic behavior from a faculty member.,0.2,5,true,true,HARASSMENT_REPORT_118,0.73,false,20
CMP-AFEAB090,2026-04-23 12:11:08,Form,MBA,Placement,Scheduling,Please reschedule the Infosys pre-placement talk.,0.36,4,true,false,PLACEMENT_INTERVIEW_CLASH_245,0.05,false,
CMP-C3A6271F,2026-04-23 13:48:01,Form,CSE,Placement,Scheduling,TCS interview clashes with my final exam.,0.37,5,false,false,PLACEMENT_INTERVIEW_CLASH_245,0.11,true,
CMP-26D7AD01,2026-04-23 14:48:39,Form,Common,Harassment,Bullying,fcing toxic beehavior from a faculty member.,0.16,5,true,false,HARASSMENT_REPORT_118,0.89,true,
CMP-60D8392C,2026-04-23 16:34:41,WhatsApp,ECE,Hostel,Water,plumber not fixing the leaking tap in room 204,0.39,3,false,true,HOSTEL_WATER_ISSUE_140,0.23,false,26
CMP-E37FDD07,2026-04-23 17:01:51,Form,CSE,Harassment,Bullying,Please take action against ragging in boys hostel,0.25,5,true,true,HARASSMENT_REPORT_118,0.65,false,25
CMP-35E5E237,2026-04-23 17:05:46,Anonymous Report,ECE,Administration,Fees,extra charges in this semester fee structure?,0.39,3,true,true,FEE_ISSUE_222,0.08,false,14
CMP-13F19E24,2026-04-23 17:49:14,WhatsApp,ECE,Academic,Exams,mid sem dates are clashing with technical fest,0.12,5,false,true,EXAM_SCHEDULE_ISSUE_169,0.22,false,2
CMP-A37A7C42,2026-04-23 18:34:14,WhatsApp,CSE,Placement,Scheduling,HR round postponed without notice,0.23,5,true,false,PLACEMENT_INTERVIEW_CLASH_245,0.19,false,
CMP-04853441,2026-04-23 19:37:15,Email,MBA,Placement,Scheduling,placement cell is not responding to mails,0.19,4,false,false,PLACEMENT_INTERVIEW_CLASH_157,0.24,false,
CMP-7A110F57,2026-04-23 20:00:45,WhatsApp,ME,Academic,Exams,2 exams on the same day is unfair,0.38,5,false,false,EXAM_SCHEDULE_ISSUE_169,0.07,false,
CMP-485F2DDA,2026-04-23 20:33:46,App,CSE,Hostel,Water,"Block B geysers are not working, we need hot water.",0.4,4,false,false,HOSTEL_WATER_ISSUE_140,0.18,false,
CMP-AEA1CAD6,2026-04-23 21:09:52,Form,CSE,Placement,Scheduling,Please reschedule the Infosys pre-placement talk.,0.17,4,false,true,PLACEMENT_INTERVIEW_CLASH_136,0.12,false,5
CMP-366D03A1,2026-04-23 22:22:13,App,ME,Placement,Scheduling,HR round postponed without notice,0.27,4,true,true,PLACEMENT_INTERVIEW_CLASH_157,0.16,true,24
CMP-B3EE5F8C,2026-04-23 22:32:02,Email,EEE,Administration,Fees,"fee portal is down, last date tomorrow",0.18,3,false,true,FEE_ISSUE_222,0.19,false,29
CMP-95A8D7F4,2026-04-23 22:44:37,App,EEE,Administration,Fees,Late fee was charged wrongly on my account.,0.35,3,false,true,FEE_ISSUE_222,0.23,true,43
CMP-7A70C839,2026-04-23 23:13:11,WhatsApp,CSE,Harassment,Bullying,Please take action against ragging in boys hostel,0.16,5,true,false,HARASSMENT_REPORT_118,0.77,false,
CMP-6FCDB092,2026-04-24 00:33:18,Email,CE,Harassment,Bullying,seeniors re ragging in the hostel block.,0.11,5,true,false,HARASSMENT_REPORT_110,0.77,false,
CMP-28739B1D,2026-04-24 00:36:54,WhatsApp,CSE,Administration,Fees,Late fee was charged wrongly on my account.,0.35,3,false,false,FEE_ISSUE_222,0.14,false,
CMP-7C1B8E3E,2026-04-24 00:42:24,Form,ECE,Harassment,Bullying,Seniors are ragging in the hostel block.,0.29,5,true,true,HARASSMENT_REPORT_110,0.86,true,6
CMP-5C46F7B3,2026-04-24 01:15:10,App,ECE,Placement,Scheduling,TCS interview clashes with my final exam.,0.12,4,true,false,PLACEMENT_INTERVIEW_CLASH_157,0.15,false,
CMP-701A6221,2026-04-24 02:16:21,Form,ME,Hostel,Water,There is no hot water in Block B hostels since yesterday.,0.36,4,true,true,HOSTEL_WATER_ISSUE_140,0.19,false,11
CMP-97553FCE,2026-04-24 02:30:11,WhatsApp,ME,Administration,Fees,"fee portal is down, last date tomorrow",0.32,3,false,true,FEE_ISSUE_222,0.19,false,29
CMP-086CE889,2026-04-24 03:23:37,Email,ECE,Transport,Bus Delay,Bus route 4 is delayed by 45 minutes.,0.14,4,true,false,TRANSPORT_BUS_DELAY_240,0.05,false,
CMP-EBDCB9CD,2026-04-24 03:47:13,Email,CSE,Hostel,Water,plumber not fixing the leaking tap in room 204,0.25,4,false,true,HOSTEL_WATER_ISSUE_140,0.26,true,39
CMP-DF7A20FC,2026-04-24 04:42:39,Form,CSE,Administration,Fees,"fee portal is down, last date tomorrow",0.28,3,false,false,FEE_ISSUE_222,0.25,false,
CMP-31E9B8BC,2026-04-24 05:24:24,Email,ECE,Administration,Fees,Scholarship disbursement is delayed by 2 months.,0.23,4,false,true,FEE_ISSUE_222,0.26,false,14
CMP-85DAB0EB,2026-04-24 05:37:09,Anonymous Report,ECE,Administration,Fees,extra charges in this semester fee structure?,0.14,3,false,false,FEE_ISSUE_222,0.3,false,
CMP-42FB6D54,2026-04-24 07:04:17,WhatsApp,ME,Harassment,Bullying,Facing toxic behavior from a faculty member.,0.29,5,true,true,HARASSMENT_REPORT_110,0.72,false,47
CMP-29AE7539,2026-04-24 08:01:30,Anonymous Report,MBA,Harassment,Bullying,Facing toxic behavior from a faculty member.,0.39,5,true,true,HARASSMENT_REPORT_110,0.67,false,13
CMP-366DF7F7,2026-04-24 09:45:43,WhatsApp,CSE,Placement,Scheduling,Please reschedule the Infosys pre-placement talk.,0.39,5,false,false,PLACEMENT_INTERVIEW_CLASH_245,0.03,false,
CMP-6A0BEA4F,2026-04-24 10:11:03,Email,ECE,Hostel,Water,plumber not fixing the leaking tap in room 204,0.22,4,false,true,HOSTEL_WATER_ISSUE_140,0.2,false,2
CMP-8C8370FE,2026-04-24 10:13:33,WhatsApp,CSE,Harassment,Bullying,constant bullying by batchmates,0.2,5,false,false,HARASSMENT_REPORT_110,0.68,false,
CMP-7DFABC84,2026-04-24 10:18:45,Form,CSE,Harassment,Bullying,Seniors are ragging in the hostel block.,0.23,5,true,false,HARASSMENT_REPORT_110,0.77,false,
CMP-B774E8ED,2026-04-24 10:48:01,WhatsApp,ECE,Hostel,Water,plumber not fixing the leaking tap in room 204,0.22,4,true,true,HOSTEL_WATER_ISSUE_140,0.12,false,12
CMP-6C6A7B98,2026-04-24 11:09:13,WhatsApp,CE,Placement,Scheduling,Please reschedule the Infosys pre-placement talk.,0.15,5,true,true,PLACEMENT_INTERVIEW_CLASH_245,0.25,false,16
CMP-28816029,2026-04-24 12:14:52,Anonymous Report,CE,Administration,Fees,refund not processed yet,0.17,4,true,false,FEE_ISSUE_222,0.14,false,
CMP-979751E9,2026-04-24 12:34:19,Form,ME,Placement,Scheduling,Please reschedule the Infosys pre-placement talk.,0.24,4,true,false,PLACEMENT_INTERVIEW_CLASH_245,0.21,false,
CMP-D197D611,2026-04-24 12:43:54,Email,ECE,Harassment,Bullying,Seniors are ragging in the hostel block.,0.29,5,true,false,HARASSMENT_REPORT_110,0.81,false,
CMP-551D020F,2026-04-24 12:53:45,Form,ECE,Placement,Scheduling,HR round postponed without notice,0.19,4,true,false,PLACEMENT_INTERVIEW_CLASH_245,0.02,false,
CMP-43AD656A,2026-04-24 13:20:50,WhatsApp,ME,Hostel,Water,plumber not fixing the leaking tap in room 204,0.3,3,true,true,HOSTEL_WATER_ISSUE_140,0.24,true,15
CMP-B969AA21,2026-04-24 13:24:46,Email,CSE,Transport,Bus Delay,Bus route 4 is delayed by 45 minutes.,0.15,2,true,false,TRANSPORT_BUS_DELAY_240,0.18,false,
CMP-8D7510DA,2026-04-24 13:53:49,Email,CSE,Placement,Scheduling,HR round postponed without notice,0.25,5,false,true,PLACEMENT_INTERVIEW_CLASH_245,0.15,true,37
CMP-2909C272,2026-04-24 14:16:44,WhatsApp,CSE,Placement,Scheduling,plceement drive and mid sem on same day??,0.32,5,true,true,PLACEMENT_INTERVIEW_CLASH_157,0.22,false,18
CMP-BA5AFA4C,2026-04-24 14:21:05,WhatsApp,ECE,Transport,Bus Delay,wee re waiting at the stop for 1 hour for the college bus.,0.2,2,true,false,TRANSPORT_BUS_DELAY_240,0.05,true,
CMP-65CF6757,2026-04-24 14:42:11,WhatsApp,ECE,Placement,Scheduling,placement drive and mid sem on same day??,0.23,4,false,true,PLACEMENT_INTERVIEW_CLASH_157,0.05,false,19
CMP-3AD6AE93,2026-04-24 15:05:16,WhatsApp,Common,Placement,Scheduling,TCS interview clashes with my final exam.,0.17,5,false,false,PLACEMENT_INTERVIEW_CLASH_245,0.19,false,
CMP-63D32F56,2026-04-24 15:15:50,WhatsApp,ME,Transport,Bus Delay,We are waiting at the stop for 1 hour for the college bus.,0.22,2,false,false,TRANSPORT_BUS_DELAY_240,0.02,false,
CMP-372439E7,2026-04-24 15:25:20,WhatsApp,CSE,Placement,Scheduling,TCS interview clashes with my final exam.,0.34,4,true,true,PLACEMENT_INTERVIEW_CLASH_157,0.26,false,34
CMP-64D3B67C,2026-04-24 15:54:32,Email,MBA,Placement,Scheduling,HR round postponed without notice,0.18,5,true,true,PLACEMENT_INTERVIEW_CLASH_157,0.05,false,46
CMP-FA8AE91E,2026-04-24 16:19:05,Email,CSE,Transport,Bus Delay,wee re waiting at the stop for 1 hour for the college bus.,0.39,3,false,false,TRANSPORT_BUS_DELAY_240,0.02,false,
CMP-75854CA6,2026-04-24 16:22:00,Form,ME,Harassment,Bullying,constant bullying by batchmates,0.21,5,true,true,HARASSMENT_REPORT_110,0.88,false,1
CMP-5B66D2D8,2026-04-24 16:32:42,Email,CSE,Hostel,Water,plumber not fixing the leaking tap in room 204,0.39,4,false,false,HOSTEL_WATER_ISSUE_140,0.1,false,
CMP-EB303A5D,2026-04-24 18:00:47,Anonymous Report,CE,Harassment,Bullying,Seniors are ragging in the hostel block.,0.33,5,true,true,HARASSMENT_REPORT_110,0.68,true,37
CMP-B64A5E91,2026-04-24 18:30:05,Form,ECE,Transport,Bus Delay,We are waiting at the stop for 1 hour for the college bus.,0.16,2,false,false,TRANSPORT_BUS_DELAY_240,0.2,false,
CMP-4F9AD3FD,2026-04-24 18:36:52,Anonymous Report,ECE,Administration,Fees,scholrship disburseement is delayed by 2 months.,0.26,3,false,true,FEE_ISSUE_222,0.19,false,45
CMP-67025449,2026-04-24 19:10:31,Form,ME,Placement,Scheduling,Interview slots are overlapping for multiple companies.,0.11,4,false,true,PLACEMENT_INTERVIEW_CLASH_245,0.05,false,42
CMP-90E2AC4A,2026-04-24 19:54:27,WhatsApp,CSE,Transport,Bus Delay,We are waiting at the stop for 1 hour for the college bus.,0.11,2,false,false,TRANSPORT_BUS_DELAY_240,0.28,false,
CMP-C6D475D0,2026-04-24 19:56:49,Form,CE,Harassment,Bullying,Facing toxic behavior from a faculty member.,0.34,5,true,true,HARASSMENT_REPORT_110,0.88,false,10
CMP-9B73E48C,2026-04-24 20:58:23,Email,ECE,Administration,Fees,"fee portal is down, last date tomorrow",0.3,4,true,true,FEE_ISSUE_222,0.06,false,30
CMP-E12A47D6,2026-04-24 21:27:03,Email,CE,Harassment,Bullying,constant bullying by batchmates,0.27,5,true,true,HARASSMENT_REPORT_110,0.73,false,5
CMP-C1EC3684,2026-04-24 22:34:46,Email,Common,Transport,Bus Delay,bus 4 fir ltee ayi,0.26,4,false,true,TRANSPORT_BUS_DELAY_240,0.23,true,12
CMP-F3C48BA2,2026-04-24 23:04:55,App,MBA,Placement,Scheduling,HR round postponed without notice,0.15,5,true,false,PLACEMENT_INTERVIEW_CLASH_157,0.09,false,
CMP-4AC2D1AD,2026-04-24 23:28:59,App,Common,Administration,Fees,eextr charges in this semester fee structure?,0.35,4,false,false,FEE_ISSUE_222,0.05,false,
CMP-8973971B,2026-04-25 00:05:07,App,CSE,Transport,Bus Delay,We are waiting at the stop for 1 hour for the college bus.,0.25,2,true,true,TRANSPORT_BUS_DELAY_240,0.07,true,12
CMP-2AF5947A,2026-04-25 00:23:43,Email,EEE,Administration,Fees,extra charges in this semester fee structure?,0.17,4,false,true,FEE_ISSUE_21,0.05,false,11
CMP-2D7CEEE7,2026-04-25 00:45:51,Form,ME,Transport,Bus Delay,bus 4 fir late ayi,0.33,4,false,true,TRANSPORT_BUS_DELAY_20,0.2,false,25
CMP-5C6D020D,2026-04-25 01:02:29,Anonymous Report,ECE,Transport,Bus Delay,Bus route 4 is delayed by 45 minutes.,0.16,2,true,true,TRANSPORT_BUS_DELAY_240,0.03,true,31
CMP-E6EE67EC,2026-04-25 01:25:20,Email,ME,Transport,Bus Delay,driver of bus 7 is very rude,0.26,4,false,true,TRANSPORT_BUS_DELAY_20,0.19,false,1
CMP-8446E474,2026-04-25 01:32:12,Form,CSE,Administration,Fees,extra charges in this semester fee structure?,0.33,3,false,true,FEE_ISSUE_21,0.27,false,30
CMP-F18C4C74,2026-04-25 02:08:54,Form,CE,Hostel,Food Hygiene,Food quality in the mess has degraded significantly.,0.37,4,true,true,MESS_FOOD_POISONING_9,0.23,false,17
CMP-C553D1E4,2026-04-25 04:13:04,Form,CSE,Harassment,Bullying,Seniors are ragging in the hostel block.,0.21,5,true,false,HARASSMENT_REPORT_110,0.87,false,
CMP-6319F847,2026-04-25 04:16:51,App,EEE,Administration,Fees,Scholarship disbursement is delayed by 2 months.,0.15,4,false,false,FEE_ISSUE_21,0.02,false,
CMP-120912F8,2026-04-25 04:41:05,WhatsApp,ECE,Transport,Bus Delay,bus 4 fir late ayi,0.24,4,true,true,TRANSPORT_BUS_DELAY_240,0.19,false,10
CMP-5F393C20,2026-04-25 05:07:24,App,MBA,Transport,Bus Delay,driver of bus 7 is very rude,0.27,3,false,false,TRANSPORT_BUS_DELAY_20,0.24,false,
CMP-47E2268D,2026-04-25 05:59:33,App,CSE,Transport,Bus Delay,"trnsport facility is veery poor, bus never comes on time.",0.28,2,false,true,TRANSPORT_BUS_DELAY_20,0.03,false,1
CMP-6B62AD29,2026-04-25 06:04:37,WhatsApp,CSE,Hostel,Food Hygiene,Mess food quality in hostel B has deteriorated significantly.,0.22,5,true,false,MESS_FOOD_POISONING_9,0.25,true,
CMP-0378257F,2026-04-25 06:18:51,WhatsApp,CSE,Transport,Bus Delay,Bus route 4 is delayed by 45 minutes.,0.39,3,false,false,TRANSPORT_BUS_DELAY_240,0.01,false,
CMP-B73AA81C,2026-04-25 06:28:25,Form,CSE,Harassment,Bullying,Seniors are ragging in the hostel block.,0.34,5,true,true,HARASSMENT_REPORT_110,0.71,true,21
CMP-5DFF5A87,2026-04-25 09:01:19,Anonymous Report,CSE,Harassment,Bullying,Anonymous harassment on college group,0.11,5,true,true,HARASSMENT_REPORT_110,0.68,false,8
CMP-0097A056,2026-04-25 10:04:02,Anonymous Report,CSE,Transport,Bus Delay,bus routee 4 is delyed by 45 minutes.,0.36,2,false,true,TRANSPORT_BUS_DELAY_240,0.16,false,6
CMP-988CB41F,2026-04-25 10:10:24,Form,ECE,Transport,Bus Delay,"Transport facility is very poor, bus never comes on time.",0.13,4,false,false,TRANSPORT_BUS_DELAY_20,0.28,false,
CMP-72F1DAC7,2026-04-25 10:30:11,WhatsApp,ME,Transport,Bus Delay,We are waiting at the stop for 1 hour for the college bus.,0.24,2,false,false,TRANSPORT_BUS_DELAY_20,0.04,false,
CMP-FCC29122,2026-04-25 13:58:51,WhatsApp,ECE,Transport,Bus Delay,We are waiting at the stop for 1 hour for the college bus.,0.39,4,false,true,TRANSPORT_BUS_DELAY_20,0.13,false,9
CMP-AD53AE57,2026-04-25 14:55:58,Form,Common,Administration,Fees,Scholarship disbursement is delayed by 2 months.,0.19,3,true,false,FEE_ISSUE_21,0.12,false,
CMP-E5000397,2026-04-25 14:59:35,WhatsApp,CSE,Transport,Bus Delay,bus routee 4 is delyed by 45 minutes.,0.25,3,false,false,TRANSPORT_BUS_DELAY_240,0.24,false,
CMP-C6A57248,2026-04-25 15:01:04,Email,CSE,Administration,Fees,refund not processed yet,0.29,4,true,true,FEE_ISSUE_21,0.19,false,40
CMP-11F8135D,2026-04-25 16:35:30,Email,ECE,Transport,Bus Delay,bus breakdown on highway again,0.22,4,false,true,TRANSPORT_BUS_DELAY_240,0.19,true,5
CMP-45801CCB,2026-04-25 18:08:06,Form,CSE,Harassment,Bullying,Please take action against ragging in boys hostel,0.18,5,true,false,HARASSMENT_REPORT_110,0.78,false,
CMP-D5415E9A,2026-04-25 18:17:48,WhatsApp,CE,Transport,Bus Delay,bus 4 fir late ayi,0.34,2,false,false,TRANSPORT_BUS_DELAY_20,0.07,false,
CMP-C030CF26,2026-04-25 20:20:50,WhatsApp,CSE,Administration,Fees,eextr charges in this semester fee structure?,0.27,4,true,true,FEE_ISSUE_21,0.08,false,40
CMP-4BAB78B3,2026-04-25 20:47:14,Anonymous Report,CE,Hostel,Food Hygiene,"mess ka khana bahut kharab hai, log beemar pad rahe hain",0.3,5,true,true,MESS_FOOD_POISONING_9,0.25,false,46
CMP-412916F4,2026-04-25 23:31:58,Email,CSE,Administration,Fees,Scholarship disbursement is delayed by 2 months.,0.23,4,true,false,FEE_ISSUE_21,0.13,false,
CMP-4E5963A4,2026-04-26 00:03:40,Email,CE,Administration,Fees,reefund not processed yet,0.17,3,false,true,FEE_ISSUE_21,0.13,false,6
CMP-8F3E911C,2026-04-26 00:06:03,App,CSE,Hostel,Food Hygiene,stlee food served in hostel b dinner,0.36,5,true,true,MESS_FOOD_POISONING_101,0.16,true,28
CMP-2F7F82D6,2026-04-26 00:24:43,Anonymous Report,CE,Hostel,Food Hygiene,I got food poisoning after eating dinner yesterday.,0.26,4,true,true,MESS_FOOD_POISONING_9,0.02,true,41
CMP-14FF059A,2026-04-26 00:33:48,WhatsApp,CSE,Hostel,Food Hygiene,Found a bug in my salad at the main cafeteria.,0.14,5,true,true,MESS_FOOD_POISONING_101,0.04,false,30
CMP-571C60AB,2026-04-26 01:29:17,Form,CSE,Administration,Fees,eextr charges in this semester fee structure?,0.35,3,false,true,FEE_ISSUE_58,0.16,false,16
CMP-33A07725,2026-04-26 01:30:46,Email,CSE,Administration,Fees,extra charges in this semester fee structure?,0.15,3,true,true,FEE_ISSUE_58,0.2,false,39
CMP-16C2EF24,2026-04-26 01:42:22,Form,CSE,Administration,Fees,"fee portal is down, last date tomorrow",0.31,3,true,false,FEE_ISSUE_21,0.06,false,
CMP-F0213F22,2026-04-26 03:40:49,Anonymous Report,CSE,Transport,Bus Delay,"Transport facility is very poor, bus never comes on time.",0.31,2,false,false,TRANSPORT_BUS_DELAY_20,0.04,false,
CMP-F9A93DC3,2026-04-26 03:51:37,Form,MBA,Transport,Bus Delay,bus breakdown on highway again,0.11,4,false,false,TRANSPORT_BUS_DELAY_20,0.02,false,
CMP-33264FD6,2026-04-26 04:56:38,WhatsApp,CSE,Academic,Attendance,My attendance was marked absent even though I was present.,0.14,2,false,false,FACULTY_ATTENDANCE_175,0.12,false,
CMP-CD173B04,2026-04-26 05:36:21,WhatsApp,MBA,Administration,Fees,extra charges in this semester fee structure?,0.11,3,true,false,FEE_ISSUE_21,0.19,false,
CMP-81799538,2026-04-26 06:38:26,WhatsApp,EEE,Transport,Bus Delay,bus breakdown on highway again,0.34,2,false,true,TRANSPORT_BUS_DELAY_20,0.03,false,16
CMP-7F9BF863,2026-04-26 07:43:23,WhatsApp,CSE,Academic,Attendance,teacher not coming but taking attendance online??,0.23,3,false,true,FACULTY_ATTENDANCE_175,0.06,false,35
CMP-6EF28AAD,2026-04-26 08:08:54,WhatsApp,CSE,Administration,Fees,Late fee was charged wrongly on my account.,0.31,4,true,false,FEE_ISSUE_21,0.16,false,
CMP-7117FAED,2026-04-26 08:14:59,WhatsApp,CE,Hostel,Food Hygiene,Found a bug in my salad at the main cafeteria.,0.16,4,true,true,MESS_FOOD_POISONING_9,0.07,false,44
CMP-D6D8C0CB,2026-04-26 08:27:18,Form,MBA,Transport,Bus Delay,We are waiting at the stop for 1 hour for the college bus.,0.17,4,false,true,TRANSPORT_BUS_DELAY_20,0.23,false,21
CMP-7562E79B,2026-04-26 08:32:45,Email,CSE,Transport,Bus Delay,driver of bus 7 is very rude,0.21,3,false,false,TRANSPORT_BUS_DELAY_20,0.2,false,
CMP-7C944597,2026-04-26 08:43:19,Anonymous Report,CSE,Administration,Fees,extra charges in this semester fee structure?,0.32,3,false,false,FEE_ISSUE_21,0.04,false,
CMP-E4D27949,2026-04-26 10:29:54,WhatsApp,CE,Hostel,Food Hygiene,Food quality in the mess has degraded significantly.,0.25,4,true,true,MESS_FOOD_POISONING_9,0.1,false,19
CMP-9BB09232,2026-04-26 10:51:07,Form,CSE,Administration,Fees,Scholarship disbursement is delayed by 2 months.,0.23,4,false,false,FEE_ISSUE_58,0.15,false,
CMP-6697CEEE,2026-04-26 11:11:40,Form,Common,Hostel,Food Hygiene,mess food is unhygienic and causing health issues,0.38,5,false,true,MESS_FOOD_POISONING_9,0.19,false,35
CMP-718B31A1,2026-04-26 11:26:54,WhatsApp,CE,Hostel,Food Hygiene,stale food served in hostel B dinner,0.21,5,true,true,MESS_FOOD_POISONING_9,0.28,true,17
CMP-11B6477A,2026-04-26 11:38:57,Form,CSE,Transport,Bus Delay,driver of bus 7 is very rude,0.14,2,false,false,TRANSPORT_BUS_DELAY_20,0.05,false,
CMP-E85FAC20,2026-04-26 12:18:56,App,ECE,Hostel,Food Hygiene,i got food poisoning fteer eating dinner yesterday.,0.15,4,false,true,MESS_FOOD_POISONING_9,0.19,false,15
CMP-209A0FB8,2026-04-26 12:34:15,WhatsApp,CSE,Academic,Attendance,Prof hasn't shown up for classes this whole week.,0.18,3,false,true,FACULTY_ATTENDANCE_175,0.26,false,22
CMP-568B5185,2026-04-26 12:53:42,Anonymous Report,CSE,Administration,Fees,extra charges in this semester fee structure?,0.23,3,true,false,FEE_ISSUE_21,0.26,false,
CMP-E56E3AD3,2026-04-26 14:34:14,Form,Common,Transport,Bus Delay,"Transport facility is very poor, bus never comes on time.",0.2,2,false,true,TRANSPORT_BUS_DELAY_20,0.22,false,26
CMP-7A2AC18C,2026-04-26 15:52:08,WhatsApp,ME,Transport,Bus Delay,We are waiting at the stop for 1 hour for the college bus.,0.19,3,false,true,TRANSPORT_BUS_DELAY_20,0.01,false,17
CMP-E90AAF95,2026-04-26 15:57:56,Form,CSE,Administration,Fees,extra charges in this semester fee structure?,0.33,4,false,true,FEE_ISSUE_21,0.08,false,48
CMP-4F1E7B40,2026-04-26 17:41:33,WhatsApp,CSE,Transport,Bus Delay,driver of bus 7 is very rude,0.34,2,false,true,TRANSPORT_BUS_DELAY_20,0.26,true,18
CMP-9E8A2C1F,2026-04-26 18:48:13,App,CSE,Hostel,Food Hygiene,"mess ka khana bahut kharab hai, log beemar pad rahe hain",0.23,5,true,true,MESS_FOOD_POISONING_9,0.29,false,25
CMP-DA838440,2026-04-26 18:54:04,App,CSE,Academic,Attendance,Prof hasn't shown up for classes this whole week.,0.4,2,false,true,FACULTY_ATTENDANCE_175,0.04,false,38
CMP-7B560E1A,2026-04-26 19:09:13,Email,CSE,Hostel,Food Hygiene,I got food poisoning after eating dinner yesterday.,0.3,5,false,true,MESS_FOOD_POISONING_9,0.04,false,42
CMP-6D0C2F51,2026-04-26 19:40:43,WhatsApp,CE,Administration,Fees,Scholarship disbursement is delayed by 2 months.,0.28,3,false,false,FEE_ISSUE_21,0.29,false,
CMP-600B8E37,2026-04-26 19:48:39,App,ME,Administration,Fees,Late fee was charged wrongly on my account.,0.2,3,false,true,FEE_ISSUE_58,0.19,false,2
CMP-D7034362,2026-04-26 20:04:21,WhatsApp,Common,Transport,Bus Delay,"Transport facility is very poor, bus never comes on time.",0.23,2,false,true,TRANSPORT_BUS_DELAY_20,0.19,false,27
CMP-2E168F54,2026-04-26 20:05:27,WhatsApp,ME,Transport,Bus Delay,bus breakdown on highway again,0.39,2,true,true,TRANSPORT_BUS_DELAY_20,0.17,false,2
CMP-0FD25C63,2026-04-26 20:38:29,Form,ECE,Academic,Attendance,prof hsn't shown up for classees this whole week.,0.18,3,false,true,FACULTY_ATTENDANCE_175,0.12,true,47
CMP-EE0B1B88,2026-04-26 20:45:20,Email,CSE,Transport,Bus Delay,bus breakdown on highway again,0.16,3,false,true,TRANSPORT_BUS_DELAY_20,0.08,true,22
CMP-53F7F920,2026-04-26 21:25:05,Form,Common,Transport,Bus Delay,wee re waiting at the stop for 1 hour for the college bus.,0.31,3,true,false,TRANSPORT_BUS_DELAY_20,0.22,false,
CMP-BBFBC716,2026-04-26 21:28:43,App,CSE,Hostel,Food Hygiene,Mess food quality in hostel B has deteriorated significantly.,0.16,4,false,false,MESS_FOOD_POISONING_9,0.11,false,
CMP-CFDF169E,2026-04-26 21:51:44,Anonymous Report,MBA,Academic,Attendance,attendance issue in DBMS class,0.16,3,true,true,FACULTY_ATTENDANCE_175,0.08,true,27
CMP-5A82E52C,2026-04-27 01:19:55,Form,Common,Hostel,Water,plumber not fixing the leaking tap in room 204,0.28,4,false,true,HOSTEL_WATER_ISSUE_90,0.06,false,3
CMP-85A4AD16,2026-04-27 02:06:22,WhatsApp,ME,Hostel,Food Hygiene,Found a bug in my salad at the main cafeteria.,0.15,4,true,false,MESS_FOOD_POISONING_101,0.05,false,
CMP-DFE793F7,2026-04-27 02:40:21,WhatsApp,CE,Administration,Fees,refund not processed yet,0.15,3,false,true,FEE_ISSUE_58,0.14,false,45
CMP-2702F535,2026-04-27 03:10:50,Form,Common,Infrastructure,Network,wifi firse gaya 😭 library me,0.18,3,false,true,WIFI_OUTAGE_LIBRARY_237,0.21,false,21
CMP-C35B49A9,2026-04-27 03:43:02,Email,ME,Hostel,Water,water cooler in Block C is dispensing dirty water.,0.19,3,false,true,HOSTEL_WATER_ISSUE_90,0.02,false,28
CMP-C3932718,2026-04-27 04:38:33,WhatsApp,CSE,Infrastructure,Network,library me net nahi chal raha kab thik hoga,0.33,3,true,false,WIFI_OUTAGE_LIBRARY_237,0.01,false,
CMP-8A00CAE3,2026-04-27 04:53:19,Anonymous Report,ECE,Hostel,Food Hygiene,Found a bug in my salad at the main cafeteria.,0.13,5,true,true,MESS_FOOD_POISONING_48,0.04,false,46
CMP-EC61E859,2026-04-27 05:24:20,WhatsApp,CSE,Academic,Attendance,attendance portal is showing wrong data for CS101,0.13,2,false,true,FACULTY_ATTENDANCE_175,0.28,false,34
CMP-B723E79F,2026-04-27 05:33:52,WhatsApp,Common,Hostel,Food Hygiene,Found a bug in my salad at the main cafeteria.,0.17,5,true,true,MESS_FOOD_POISONING_101,0.23,false,43
CMP-3ED90C1C,2026-04-27 05:54:22,Anonymous Report,ECE,Harassment,Bullying,Please take action against ragging in boys hostel,0.31,5,true,true,HARASSMENT_REPORT_187,0.82,true,16
CMP-3EE3955F,2026-04-27 06:34:13,Form,Common,Harassment,Bullying,Please take action against ragging in boys hostel,0.15,5,true,false,HARASSMENT_REPORT_187,0.67,false,
CMP-46E7B238,2026-04-27 07:02:09,Anonymous Report,Common,Academic,Attendance,Professor missed the last three lectures without prior notice.,0.11,3,false,false,FACULTY_ATTENDANCE_175,0.21,true,
CMP-47CB5AE7,2026-04-27 08:10:11,WhatsApp,ME,Hostel,Water,plumber not fixing the leaking tap in room 204,0.13,3,true,true,HOSTEL_WATER_ISSUE_195,0.04,true,20
CMP-A78176DC,2026-04-27 08:10:14,App,CSE,Infrastructure,Network,No internet connection in the library again.,0.31,5,false,true,WIFI_OUTAGE_LIBRARY_237,0.14,false,34
CMP-7D3F8689,2026-04-27 08:39:40,Anonymous Report,CE,Hostel,Water,"Block B geysers are not working, we need hot water.",0.16,3,false,false,HOSTEL_WATER_ISSUE_90,0.1,false,
CMP-6A907A42,2026-04-27 08:59:17,WhatsApp,ECE,Academic,Attendance,attendance issue in DBMS class,0.38,3,false,false,FACULTY_ATTENDANCE_175,0.18,false,
CMP-CC3161CC,2026-04-27 09:17:34,WhatsApp,Common,Hostel,Food Hygiene,Food quality in the mess has degraded significantly.,0.31,5,true,false,MESS_FOOD_POISONING_48,0.14,false,
CMP-B1D49D68,2026-04-27 10:19:54,Email,CSE,Administration,Fees,ltee fee was charged wrongly on my account.,0.1,3,false,true,FEE_ISSUE_58,0.09,false,4
CMP-A006EE45,2026-04-27 11:10:50,Anonymous Report,CSE,Hostel,Water,There is no hot water in Block B hostels since yesterday.,0.29,3,false,true,HOSTEL_WATER_ISSUE_90,0.13,false,29
CMP-37FDE2CD,2026-04-27 11:17:29,Anonymous Report,Common,Harassment,Bullying,Anonymous harassment on college group,0.37,5,true,false,HARASSMENT_REPORT_187,0.71,false,
CMP-1FDDECCE,2026-04-27 12:23:43,WhatsApp,CSE,Hostel,Water,water cooler in Block C is dispensing dirty water.,0.38,4,false,false,HOSTEL_WATER_ISSUE_90,0.09,false,
CMP-2DBD7150,2026-04-27 12:55:22,WhatsApp,CE,Hostel,Water,plumber not fixing the leaking tap in room 204,0.35,3,false,false,HOSTEL_WATER_ISSUE_195,0.09,false,
CMP-D18184B7,2026-04-27 13:29:28,Anonymous Report,CSE,Hostel,Water,plumber not fixing the leaking tap in room 204,0.13,4,false,true,HOSTEL_WATER_ISSUE_195,0.17,true,39
CMP-1BEE62AA,2026-04-27 14:50:57,Form,ECE,Infrastructure,Network,No internet connection in the library again.,0.38,5,false,true,WIFI_OUTAGE_LIBRARY_237,0.0,true,2
CMP-9FBEA6A5,2026-04-27 14:53:51,WhatsApp,ECE,Academic,Attendance,attendance portal is showing wrong data for CS101,0.34,3,false,false,FACULTY_ATTENDANCE_175,0.15,false,
CMP-409F9720,2026-04-27 16:00:57,Anonymous Report,MBA,Hostel,Food Hygiene,mess food is unhygienic and causing health issues,0.19,4,true,true,MESS_FOOD_POISONING_48,0.15,true,7
CMP-A2F19022,2026-04-27 16:30:48,Email,CSE,Hostel,Water,water cooler in Block C is dispensing dirty water.,0.34,3,false,true,HOSTEL_WATER_ISSUE_195,0.16,false,11
CMP-67DB8894,2026-04-27 16:42:15,WhatsApp,MBA,Hostel,Water,"Block B geysers are not working, we need hot water.",0.25,4,true,true,HOSTEL_WATER_ISSUE_90,0.24,false,24
CMP-AF09AD05,2026-04-27 16:54:34,Email,ECE,Administration,Fees,extra charges in this semester fee structure?,0.25,4,false,true,FEE_ISSUE_58,0.05,false,23
CMP-EC1E43BD,2026-04-27 17:32:24,Form,ECE,Hostel,Food Hygiene,Found a bug in my salad at the main cafeteria.,0.24,4,true,false,MESS_FOOD_POISONING_101,0.21,false,
CMP-CE2D2B08,2026-04-27 17:41:50,Form,CE,Hostel,Water,paani nahi aa raha subah se,0.29,3,true,true,HOSTEL_WATER_ISSUE_90,0.07,false,33
CMP-54E94C01,2026-04-27 19:23:19,Anonymous Report,ME,Harassment,Bullying,constant bullying by batchmates,0.36,5,true,false,HARASSMENT_REPORT_187,0.7,true,
CMP-8A28146C,2026-04-27 19:35:15,Form,CSE,Hostel,Food Hygiene,i got food poisoning fteer eating dinner yesterday.,0.19,5,true,true,MESS_FOOD_POISONING_48,0.29,false,6
CMP-1A5B0BC9,2026-04-27 23:07:47,Anonymous Report,Common,Harassment,Bullying,constnt bullying by batchmatees,0.36,5,true,false,HARASSMENT_REPORT_187,0.61,false,
CMP-7F8707E3,2026-04-27 23:39:23,WhatsApp,CSE,Administration,Fees,Scholarship disbursement is delayed by 2 months.,0.26,3,true,true,FEE_ISSUE_58,0.21,false,9
CMP-493F328A,2026-04-28 00:06:23,App,ECE,Infrastructure,Network,library network outage since morning,0.24,4,false,false,WIFI_OUTAGE_LIBRARY_237,0.19,false,
CMP-DC93276E,2026-04-28 00:59:44,WhatsApp,CE,Infrastructure,Network,Unable to access internet in library,0.23,3,false,true,WIFI_OUTAGE_LIBRARY_237,0.02,false,10
CMP-0E59A268,2026-04-28 03:29:28,WhatsApp,ME,Academic,Attendance,attendance portal is showing wrong data for CS101,0.3,3,true,true,FACULTY_ATTENDANCE_142,0.29,false,44
CMP-EFE3472D,2026-04-28 04:06:39,Email,ECE,Hostel,Food Hygiene,Found a bug in my salad at the main cafeteria.,0.36,4,true,true,MESS_FOOD_POISONING_48,0.23,false,5
CMP-7C41992E,2026-04-28 04:20:42,Email,ECE,Hostel,Water,paani nahi aa raha subah se,0.32,3,false,true,HOSTEL_WATER_ISSUE_1,0.01,true,21
CMP-195F40FB,2026-04-28 06:19:28,Form,CSE,Harassment,Bullying,Seniors are ragging in the hostel block.,0.36,5,true,true,HARASSMENT_REPORT_187,0.86,false,39
CMP-C8913DA9,2026-04-28 06:44:39,Form,CSE,Harassment,Bullying,seeniors re ragging in the hostel block.,0.36,5,true,true,HARASSMENT_REPORT_187,0.86,false,21
CMP-EF1360EB,2026-04-28 06:57:25,Form,ME,Infrastructure,Network,library me net nahi chal raha kab thik hoga,0.38,4,false,true,WIFI_OUTAGE_LIBRARY_237,0.1,false,38
CMP-C11D0EE7,2026-04-28 07:59:15,WhatsApp,CE,Hostel,Water,plumber not fixing the leaking tap in room 204,0.17,3,false,false,HOSTEL_WATER_ISSUE_1,0.19,true,
CMP-1329D296,2026-04-28 08:25:50,Anonymous Report,Common,Infrastructure,Network,librry wifi is compleetely dead. please fix it asap.,0.32,5,false,true,WIFI_OUTAGE_LIBRARY_237,0.25,false,11
CMP-800EAF5E,2026-04-28 08:40:10,Form,ECE,Infrastructure,Network,library network outage since morning,0.3,5,false,false,WIFI_OUTAGE_LIBRARY_237,0.23,false,
CMP-C3B9F6DE,2026-04-28 08:48:05,WhatsApp,ME,Hostel,Water,plumber not fixing the leaking tap in room 204,0.33,3,true,true,HOSTEL_WATER_ISSUE_1,0.18,false,16
CMP-0DA4DAA3,2026-04-28 08:58:16,WhatsApp,CSE,Infrastructure,Network,wifi firse gaya 😭 library me,0.16,3,false,true,WIFI_OUTAGE_LIBRARY_237,0.07,false,37
CMP-D55D9434,2026-04-28 10:31:48,WhatsApp,Common,Hostel,Water,"Block B geysers are not working, we need hot water.",0.39,4,true,true,HOSTEL_WATER_ISSUE_90,0.05,false,5
CMP-AB007965,2026-04-28 10:37:33,Anonymous Report,CSE,Academic,Attendance,teacher not coming but taking attendance online??,0.39,3,false,false,FACULTY_ATTENDANCE_142,0.05,true,
CMP-F3F7D4CE,2026-04-28 11:06:46,WhatsApp,CSE,Harassment,Bullying,Please take action against ragging in boys hostel,0.12,5,true,false,HARASSMENT_REPORT_187,0.89,false,
CMP-0C6B8599,2026-04-28 11:35:29,Form,CSE,Harassment,Bullying,Seniors are ragging in the hostel block.,0.31,5,true,true,HARASSMENT_REPORT_187,0.73,false,8
CMP-99C7A543,2026-04-28 11:59:18,WhatsApp,CE,Academic,Attendance,attendance portal is showing wrong data for CS101,0.15,3,false,false,FACULTY_ATTENDANCE_142,0.24,false,
CMP-9B8E3B95,2026-04-28 12:01:11,Email,CSE,Hostel,Water,There is no hot water in Block B hostels since yesterday.,0.37,4,false,false,HOSTEL_WATER_ISSUE_195,0.21,true,
CMP-621D866A,2026-04-28 12:46:42,WhatsApp,CSE,Hostel,Water,no drinking water on 3rd floor,0.12,4,false,false,HOSTEL_WATER_ISSUE_90,0.06,false,
CMP-D25FD6B5,2026-04-28 14:47:34,Form,CSE,Academic,Attendance,tteendance portal is showing wrong data for cs101,0.23,2,false,true,FACULTY_ATTENDANCE_142,0.22,false,34
CMP-E2D0474C,2026-04-28 14:55:53,WhatsApp,CSE,Infrastructure,Network,library network outage since morning,0.13,5,false,true,WIFI_OUTAGE_LIBRARY_237,0.07,true,2
CMP-EC9FF4F0,2026-04-28 15:17:50,Anonymous Report,Common,Harassment,Bullying,constant bullying by batchmates,0.37,5,true,true,HARASSMENT_REPORT_187,0.63,false,30
CMP-4FB53A1F,2026-04-28 15:18:29,Email,CSE,Hostel,Water,plumber not fixing the leaking tap in room 204,0.33,4,false,false,HOSTEL_WATER_ISSUE_1,0.19,false,
CMP-FC253ADD,2026-04-28 15:25:13,Form,EEE,Hostel,Water,paani nahi aa raha subah se,0.24,4,true,true,HOSTEL_WATER_ISSUE_195,0.06,true,5
CMP-0745E20A,2026-04-28 15:56:56,Form,CSE,Hostel,Water,theere is no hot wter in block b hostels since yesterday.,0.22,3,false,true,HOSTEL_WATER_ISSUE_1,0.27,false,19
CMP-56782659,2026-04-28 16:14:20,Form,CSE,Academic,Attendance,Prof hasn't shown up for classes this whole week.,0.15,2,false,false,FACULTY_ATTENDANCE_142,0.23,false,
CMP-1AD60814,2026-04-28 17:13:35,WhatsApp,ECE,Hostel,Water,"Block B geysers are not working, we need hot water.",0.35,4,false,true,HOSTEL_WATER_ISSUE_90,0.12,false,16
CMP-38656523,2026-04-28 17:16:26,Email,EEE,Academic,Attendance,tteendance issue in dbms class,0.39,3,false,false,FACULTY_ATTENDANCE_142,0.21,false,
CMP-1A37888A,2026-04-28 17:37:12,WhatsApp,ME,Hostel,Food Hygiene,Mess food quality in hostel B has deteriorated significantly.,0.25,5,true,true,MESS_FOOD_POISONING_48,0.06,false,23
CMP-353F71A0,2026-04-28 17:47:16,WhatsApp,CSE,Harassment,Bullying,Please take action against ragging in boys hostel,0.36,5,true,true,HARASSMENT_REPORT_187,0.81,false,27
CMP-7BEBD2A4,2026-04-28 17:56:43,Form,CSE,Academic,Attendance,Prof hasn't shown up for classes this whole week.,0.22,3,false,true,FACULTY_ATTENDANCE_142,0.06,false,23
CMP-AB864DFA,2026-04-28 18:06:31,Email,MBA,Harassment,Bullying,Seniors are ragging in the hostel block.,0.17,5,true,true,HARASSMENT_REPORT_187,0.78,true,2
CMP-49356165,2026-04-28 18:39:56,WhatsApp,ECE,Hostel,Water,no drinking wteer on 3rd floor,0.27,4,false,false,HOSTEL_WATER_ISSUE_1,0.17,true,
CMP-040578AB,2026-04-28 18:53:09,Form,CSE,Harassment,Bullying,Please take action against ragging in boys hostel,0.26,5,true,true,HARASSMENT_REPORT_187,0.61,false,28
CMP-71B63706,2026-04-28 19:20:30,WhatsApp,ME,Hostel,Food Hygiene,Food quality in the mess has degraded significantly.,0.24,4,true,true,MESS_FOOD_POISONING_48,0.25,false,36
CMP-3F848928,2026-04-28 19:57:30,WhatsApp,ME,Hostel,Water,pani nahi aa raha subah see,0.29,4,true,false,HOSTEL_WATER_ISSUE_1,0.27,false,
CMP-BD8307DD,2026-04-28 21:03:29,WhatsApp,ME,Hostel,Food Hygiene,I got food poisoning after eating dinner yesterday.,0.34,4,false,true,MESS_FOOD_POISONING_48,0.19,false,10
CMP-3ADA365A,2026-04-28 21:55:02,Email,ECE,Academic,Attendance,My attendance was marked absent even though I was present.,0.25,3,false,true,FACULTY_ATTENDANCE_142,0.17,false,38
CMP-AA48659C,2026-04-28 21:55:41,Email,CSE,Hostel,Water,plumber not fixing the leaking tap in room 204,0.21,4,false,false,HOSTEL_WATER_ISSUE_195,0.22,false,
CMP-FCF33CE8,2026-04-28 22:04:01,Form,Common,Hostel,Water,water cooler in Block C is dispensing dirty water.,0.34,4,false,true,HOSTEL_WATER_ISSUE_195,0.02,false,2
CMP-012CCA4E,2026-04-28 22:45:12,WhatsApp,ECE,Infrastructure,Network,library me net nahi chal raha kab thik hoga,0.35,5,false,true,WIFI_OUTAGE_LIBRARY_237,0.04,false,12
CMP-5C14DE26,2026-04-28 23:05:43,App,Common,Infrastructure,Network,The Wi-Fi in the main library has been down for three days now.,0.25,5,false,true,WIFI_OUTAGE_LIBRARY_237,0.29,false,8
CMP-FB0C37CB,2026-04-29 01:00:22,Form,ME,Academic,Attendance,Professor missed the last three lectures without prior notice.,0.37,3,true,false,FACULTY_ATTENDANCE_142,0.05,false,
CMP-6931055E,2026-04-29 01:39:38,WhatsApp,ECE,Academic,Attendance,Professor missed the last three lectures without prior notice.,0.37,3,false,true,FACULTY_ATTENDANCE_142,0.15,false,13
CMP-54BFA4D0,2026-04-29 01:40:01,App,ME,Hostel,Water,paani nahi aa raha subah se,0.24,3,false,false,HOSTEL_WATER_ISSUE_1,0.04,false,
CMP-8BAE9FFC,2026-04-29 03:17:52,WhatsApp,ECE,Academic,Attendance,teacher not coming but taking attendance online??,0.27,3,false,true,FACULTY_ATTENDANCE_142,0.26,false,4
CMP-2C146574,2026-04-29 05:30:43,WhatsApp,CSE,Hostel,Water,no drinking water on 3rd floor,0.21,3,false,true,HOSTEL_WATER_ISSUE_1,0.27,false,6
CMP-B0996862,2026-04-29 05:34:17,WhatsApp,CE,Hostel,Water,There is no hot water in Block B hostels since yesterday.,0.19,4,false,false,HOSTEL_WATER_ISSUE_1,0.15,false,
CMP-0ED827CE,2026-04-29 06:51:00,WhatsApp,CSE,Hostel,Water,plumber not fixing the leaking tap in room 204,0.35,3,false,false,HOSTEL_WATER_ISSUE_1,0.0,false,
CMP-66EEE1AC,2026-04-29 07:41:51,WhatsApp,CSE,Hostel,Water,There is no hot water in Block B hostels since yesterday.,0.34,3,false,true,HOSTEL_WATER_ISSUE_1,0.26,false,25
CMP-AD8C8E39,2026-04-29 08:20:37,Form,ECE,Hostel,Water,plumber not fixing the leaking tap in room 204,0.13,4,false,true,HOSTEL_WATER_ISSUE_1,0.16,false,28
CMP-806F41BF,2026-04-29 08:26:14,Form,CSE,Academic,Attendance,Prof hasn't shown up for classes this whole week.,0.36,3,false,true,FACULTY_ATTENDANCE_142,0.03,false,29
CMP-CC6DBF4E,2026-04-29 15:10:54,Anonymous Report,CSE,Hostel,Water,plumber not fixing the leaking tap in room 204,0.38,4,false,false,HOSTEL_WATER_ISSUE_1,0.14,false,
CMP-BF3C73B8,2026-04-29 15:45:13,Form,ME,Hostel,Water,no drinking water on 3rd floor,0.37,4,false,true,HOSTEL_WATER_ISSUE_1,0.19,false,4
CMP-B087AED1,2026-04-29 15:58:36,Form,CSE,Hostel,Water,"Block B geysers are not working, we need hot water.",0.31,3,false,true,HOSTEL_WATER_ISSUE_1,0.06,false,5
CMP-E611E588,2026-04-29 18:34:04,Anonymous Report,CSE,Academic,Attendance,Prof hasn't shown up for classes this whole week.,0.18,3,false,false,FACULTY_ATTENDANCE_142,0.13,false,
CMP-4260FDCE,2026-04-29 19:20:48,Email,CSE,Hostel,Water,no drinking water on 3rd floor,0.18,3,false,false,HOSTEL_WATER_ISSUE_1,0.06,false,
CMP-016957C7,2026-04-29 21:43:29,Anonymous Report,CSE,Academic,Attendance,teacher not coming but taking attendance online??,0.16,3,false,true,FACULTY_ATTENDANCE_142,0.28,false,12
CMP-20A034D6,2026-04-29 22:48:05,WhatsApp,CSE,Academic,Attendance,Prof hasn't shown up for classes this whole week.,0.13,2,false,true,FACULTY_ATTENDANCE_142,0.21,false,37
